stripe_customer_id,name,email,last_billing_date,metadata_salesforce_id,created,account_id,account_name,billing_state,csm_name__c,account_ae,created_date,contract_id,start_date,end_date,contract_term_months,contract_status,has_hiring,has_hr,has_payroll,hiring_ppu_monthly,hr_ppu_monthly,payroll_ppu_monthly,hiring_quantity,hr_quantity,payroll_quantity,hiring_arr,hr_arr,payroll_arr,total_arr,weighted_pct_of_list,segment,has_below_floor,below_floor_annual_gap,churn_risk_score,tenure_days
cus_000000004778,Perz,billing@perezinc.com,2026-06-14,,2022-06-29,,,,,,,,,,,No Contract,True,False,False,66.98,,,4,0,0,3215.04,0.0,0.0,3215.04,0.893067,C,False,0.0,3,1452
cus_000000010476,Morales-Jones,billing@moralesjones.com,2026-06-01,001000000000001AAA,2022-03-25,001000000000001AAA,Morales-Jones,NC,,Michele Williams,2022-02-27,800000000000001AAA,2025-12-02,2026-12-01,12.0,Locked,True,True,False,69.16,92.22,,2,2,0,1659.84,2213.28,0.0,3873.12,0.922171,B,False,0.0,2,1548
cus_000000024666,"Walter, Edwards and Rios",billing@walteredwardsandrios.com,2026-06-15,001000000000002AAA,2025-08-01,001000000000002AAA,"Walter, Edwards and Rios",PA,Noah Rhodes,Lisa Jackson,2025-07-12,800000000000002AAA,2025-08-19,2027-08-18,24.0,Locked,True,False,False,78.58,,,1,0,0,942.96,0.0,0.0,942.96,1.047733,A,False,0.0,2,323
cus_000000039108,Wilkerson-Day,billing@wilkersonday.com,2026-06-10,001000000000003AAA,2022-11-02,001000000000003AAA,Wilkerson-Day,PA,,Lisa Hensley,2022-10-23,800000000000003AAA,2023-08-28,2025-08-27,24.0,Expired M2M,True,True,True,59.56,79.42,11.12,6,6,78,4288.32,5718.24,10408.32,20414.88,0.79423,C,True,73.44,3,1326
cus_000000046219,Baker and Sons,billing@bakerandsons.com,2026-06-15,001000000000004AAA,2024-12-03,001000000000004AAA,Baker and Sons,FL,,Michele Williams,2024-12-03,800000000000004AAA,2026-03-17,2028-03-16,24.0,Locked,True,True,True,73.17,97.56,13.66,6,6,114,5268.24,7024.32,18686.88,30979.44,0.975669,B,False,0.0,2,564
cus_000000058849,"Hoffman, Baker and Richards",billing@hoffmanbakerandrichards.com,2026-06-09,001000000000005AAA,2025-08-30,001000000000005AAA,"Hoffman, Baker and Richards",IL,,Carla Gray,2025-08-29,,,,,No Contract,True,False,False,69.92,,,1,0,0,839.04,0.0,0.0,839.04,0.932267,B,False,0.0,4,294
cus_000000065410,"Ross, Robinson and Bright",billing@rossrobinsonandbright.com,2026-06-05,001000000000006AAA,2026-05-04,001000000000006AAA,"Ross, Robinson and Bright",NC,,Dylan Miller,2026-04-24,800000000000006AAA,2024-02-16,2026-02-15,24.0,Expired M2M,True,True,True,66.67,88.9,12.45,9,9,117,7200.36,9601.2,17479.8,34281.36,0.889132,C,False,0.0,3,47
cus_000000070357,"Snyder, Campos & Callahan",billing@snydercamposandcallahan.com,2026-06-15,,2023-06-28,,,,,,,,,,,No Contract,True,True,True,76.07,101.42,14.2,2,2,14,1825.68,2434.08,2385.6,6645.36,1.014249,A,False,0.0,3,1088
cus_000000081668,Burton Ltd,billing@burtonltd.com,2026-06-11,001000000000008AAA,2026-01-16,001000000000008AAA,Burton Ltd,CA,,Carla Gray,2026-01-08,,,,,No Contract,True,False,False,45.0,,,2,0,0,1080.0,0.0,0.0,1080.0,0.6,D,True,360.0,5,155
cus_000000091893,Carlson-Cruz,billing@carlsoncruz.com,2026-06-11,001000000000009AAA,2024-04-17,001000000000009AAA,Carlson-Cruz,PA,,Margaret Hawkins DDS,2024-04-14,800000000000009AAA,2025-10-11,2027-10-10,24.0,Locked,True,False,False,84.52,,,1,0,0,1014.24,0.0,0.0,1014.24,1.126933,A,False,0.0,1,794
cus_000000102301,"Ferrell, Rice and",billing@ferrellriceandmaddox.com,2026-06-06,,2025-04-14,,,,,,,,,,,No Contract,True,True,False,54.0,72.0,,5,5,0,3240.0,4320.0,0.0,7560.0,0.72,D,True,840.0,4,432
cus_000000116902,Frazier Inc,billing@frazierinc.com,2026-06-09,001000000000011AAA,2025-04-04,001000000000011AAA,Frazier Inc,UT,,Margaret Hawkins DDS,2025-03-12,,,,,No Contract,True,True,False,68.83,91.77,,5,5,0,4129.8,5506.2,0.0,9636.0,0.917714,B,False,0.0,4,442
cus_000000127155,"Dyer, Potter and Mack",billing@dyerpotterandmack.com,2026-06-14,001000000000012AAA,2023-10-27,001000000000012AAA,"Dyer, Potter and Mack",CO,Allison Hill,Michele Williams,2023-10-16,,,,,No Contract,True,True,False,54.8,73.06,,3,3,0,1972.8,2630.16,0.0,4602.96,0.730629,D,True,437.04,4,967
cus_000000139001,rodriguez-graham,billing@rodriguezgraham.com,2026-06-08,,2023-01-22,,,,,,,,,,,No Contract,False,True,False,,98.18,,0,5,0,0.0,5890.8,0.0,5890.8,0.9818,B,False,0.0,3,1245
cus_000000141108,Sith-Bowen,billing@smithbowen.com,2026-06-04,,2022-08-08,,,,,,,,,,,No Contract,True,True,False,64.1,85.47,,4,4,0,3076.8,4102.56,0.0,7179.36,0.854686,C,False,0.0,3,1412
cus_000000153912,"Baker, Mason and White",billing@bakermasonandwhite.com,2026-06-07,001000000000015AAA,2023-09-21,001000000000015AAA,"Baker, Mason and White",PA,Allison Hill,Dylan Miller,2023-09-01,,,,,No Contract,True,True,False,77.12,102.83,,15,15,0,13881.6,18509.4,0.0,32391.0,1.028286,A,False,0.0,3,1003
cus_000000160455,Harrell LLC,billing@harrellllc.com,2026-06-14,001000000000016AAA,2024-02-06,001000000000016AAA,Harrell LLC,CO,,Monica Herrera,2024-01-30,,,,,No Contract,True,True,True,93.75,125.0,17.5,4,4,156,4500.0,6000.0,32760.0,43260.0,1.25,A,False,0.0,3,865
cus_000000173336,"Romero, Gonzalez and Brooks",billing@romerogonzalezandbrooks.com,2026-06-10,001000000000017AAA,2022-08-16,001000000000017AAA,"Romero, Gonzalez and Brooks",GA,,Lisa Jackson,2022-07-26,800000000000017AAA,2024-04-13,2025-04-12,12.0,Expired M2M,True,False,False,74.81,,,5,0,0,4488.6,0.0,0.0,4488.6,0.997467,B,False,0.0,2,1404
cus_000000189614,Ryan,billing@ryanplc.com,2026-06-01,,2024-03-30,,,,,,,,,,,No Contract,True,True,False,66.81,89.09,,4,4,0,3206.88,4276.32,0.0,7483.2,0.890857,C,False,0.0,3,812
cus_000000193362,George Group,billing@georgegroup.com,2026-05-01,001000000000019AAA,2023-10-18,001000000000019AAA,George Group,TX,,Brian Ramirez,2023-09-24,800000000000019AAA,2026-04-28,2028-04-27,24.0,Locked,True,True,False,55.34,73.79,,5,5,0,3320.4,4427.4,0.0,7747.8,0.737886,D,True,652.2,3,976
cus_000000201072,Rodriguez LLC,billing@rodriguezllc.com,2026-06-02,001000000000020AAA,2023-09-05,001000000000020AAA,Rodriguez LLC,AZ,,Brian Ramirez,2023-09-02,,,,,No Contract,True,False,True,54.83,,10.23,1,0,18,657.96,0.0,2209.68,2867.64,0.730795,D,True,228.36,4,1019
cus_000000212011,Allen-Allen,billing@allenallen.com,2026-06-10,001000000000021AAA,2023-07-04,001000000000021AAA,Allen-Allen,NY,,Lisa Jackson,2023-06-26,800000000000021AAA,2023-07-17,2024-07-16,12.0,Expired M2M,True,True,True,76.22,101.63,14.23,10,10,320,9146.4,12195.6,54643.2,75985.2,1.016388,A,False,0.0,2,1082
cus_000000224615,"Arroyo, Miller nd Tucker",billing@arroyomillerandtucker.com,2026-06-02,,2022-02-15,,,,,,,,,,,No Contract,True,False,False,60.15,,,3,0,0,2165.4,0.0,0.0,2165.4,0.802,C,False,0.0,3,1586
cus_000000232114,Spence,billing@spenceplc.com,2026-06-04,,2024-08-15,,,,,,,,,,,No Contract,True,True,False,54.35,72.47,,1,1,0,652.2,869.64,0.0,1521.84,0.724686,D,True,158.16,4,674
cus_000000249760,Anderson Group,billing@andersongroup.com,2026-05-11,001000000000024AAA,2022-09-01,001000000000024AAA,Anderson Group,WA,Gabrielle Davis,Lisa Jackson,2022-08-18,,,,,No Contract,True,True,True,73.91,98.54,13.8,1,1,34,886.92,1182.48,5630.4,7699.8,0.985637,B,False,0.0,3,1388
cus_000000255507,"Martin, Rose and Obrien",billing@martinroseandobrien.com,2026-06-14,001000000000025AAA,2022-09-25,001000000000025AAA,"Martin, Rose and Obrien",NC,Allison Hill,Jamie Arnold,2022-08-29,,,,,No Contract,True,False,False,70.32,,,2,0,0,1687.68,0.0,0.0,1687.68,0.9376,B,False,0.0,3,1364
cus_000000263053,Hickman Ltd,billing@hickmanltd.com,2026-06-13,001000000000026AAA,2022-06-04,001000000000026AAA,Hickman Ltd,WA,,Dylan Miller,2022-05-21,,,,,No Contract,True,False,False,83.78,,,7,0,0,7037.52,0.0,0.0,7037.52,1.117067,A,False,0.0,2,1477
cus_000000275318,"Harris, Collins and Carney",billing@harriscollinsandcarney.com,2026-06-01,001000000000027AAA,2023-03-16,001000000000027AAA,"Harris, Collins and Carney",NC,,Holly Wood,2023-03-08,800000000000027AAA,2022-07-25,2025-07-24,36.0,Expired M2M,False,True,False,,101.28,,0,3,0,0.0,3646.08,0.0,3646.08,1.0128,A,False,0.0,2,1192
cus_000000280546,"Brooks, Lam and Hayes",billing@brookslamandhayes.com,2026-06-04,001000000000028AAA,2023-08-03,001000000000028AAA,"Brooks, Lam and Hayes",UT,,Jamie Arnold,2023-07-26,,,,,No Contract,True,True,False,93.75,125.0,,2,2,0,2250.0,3000.0,0.0,5250.0,1.25,A,False,0.0,3,1052
cus_000000291123,Walker LLC,billing@walkerllc.com,2026-06-03,001000000000029AAA,2024-10-18,001000000000029AAA,Walker LLC,CA,Allison Hill,Carla Gray,2024-09-28,800000000000029AAA,2025-01-15,2026-01-14,12.0,Expired M2M,True,False,False,70.48,,,1,0,0,845.76,0.0,0.0,845.76,0.939733,B,False,0.0,3,610
cus_000000300071,Chapman and Sons,billing@chapmanandsons.com,2026-06-09,001000000000030AAA,2025-08-18,001000000000030AAA,Chapman and Sons,TX,,Margaret Hawkins DDS,2025-08-09,,,,,No Contract,True,True,False,51.07,68.09,,3,3,0,1838.52,2451.24,0.0,4289.76,0.680914,D,True,750.24,4,306
cus_000000318841,"Robinson, Jones and",billing@robinsonjonesandwelch.com,2026-06-13,,2022-10-08,,,,,,,,,,,No Contract,True,True,True,75.9,101.2,14.17,5,5,75,4554.0,6072.0,12753.0,23379.0,1.012078,A,False,0.0,2,1351
cus_000000326684,Jones Inc,billing@jonesinc.com,2026-06-03,001000000000032AAA,2022-12-13,001000000000032AAA,Jones Inc,CA,,Monica Herrera,2022-12-05,,,,,No Contract,True,True,True,65.19,86.93,12.17,2,2,68,1564.56,2086.32,9930.72,13581.6,0.869278,C,False,0.0,3,1285
cus_000000336322,Jones-Young,billing@jonesyoung.com,2026-05-07,001000000000033AAA,2024-06-08,001000000000033AAA,Jones-Young,CO,,Lisa Hensley,2024-06-02,,,,,No Contract,True,True,False,80.79,107.72,,4,4,0,3877.92,5170.56,0.0,9048.48,1.0772,A,False,0.0,3,742
cus_000000346354,"Washington, Ryan and Cummings",billing@washingtonryanandcummings.com,2026-06-13,001000000000034AAA,2024-01-05,001000000000034AAA,"Washington, Ryan and Cummings",OH,,Ryan Munoz,2023-12-16,,,,,No Contract,True,False,True,83.4,,15.57,1,0,34,1000.8,0.0,6352.56,7353.36,1.112123,A,False,0.0,3,897
cus_000000358760,"Johnston, Sanchez and Kennedy",billing@johnstonsanchezandkennedy.com,2026-06-06,001000000000035AAA,2023-06-27,001000000000035AAA,"Johnston, Sanchez and Kennedy",OH,,Margaret Hawkins DDS,2023-05-31,800000000000035AAA,2026-02-09,2027-02-08,12.0,Locked,True,False,False,45.0,,,4,0,0,2160.0,0.0,0.0,2160.0,0.6,D,True,720.0,3,1089
cus_000000373215,Gomez-Jenkins,billing@gomezjenkins.com,2026-05-01,001000000000037AAA,2025-12-24,001000000000037AAA,Gomez-Jenkins,WA,Angie Henderson,Carla Gray,2025-12-06,800000000000037AAA,2026-05-03,2028-05-02,24.0,Locked,True,True,False,52.03,69.37,,2,2,0,1248.72,1664.88,0.0,2913.6,0.693714,D,True,446.4,3,178
cus_000000388541,"Brown, Valdez and Lucas",billing@brownvaldezandlucas.com,2026-05-05,001000000000038AAA,2023-11-22,001000000000038AAA,"Brown, Valdez and Lucas",CO,Gina Moore,Jamie Arnold,2023-11-15,,,,,No Contract,True,False,True,45.0,,8.4,2,0,44,1080.0,0.0,4435.2,5515.2,0.6,D,True,1732.8,4,941
cus_000000398932,Powell LLC,billing@powellllc.com,2026-06-10,001000000000039AAA,2024-11-20,001000000000039AAA,Powell LLC,TX,,Monica Herrera,2024-10-25,800000000000039AAA,2025-09-02,2026-09-01,12.0,Locked,True,True,True,79.56,106.07,14.85,1,1,16,954.72,1272.84,2851.2,5078.76,1.060727,A,False,0.0,2,577
cus_000000409139,Wright and Sons,billing@wrightandsons.com,2026-06-12,001000000000040AAA,2024-04-27,001000000000040AAA,Wright and Sons,UT,,Brian Ramirez,2024-04-25,800000000000040AAA,2023-03-06,2025-03-05,24.0,Expired M2M,True,True,False,71.01,94.68,,5,5,0,4260.6,5680.8,0.0,9941.4,0.9468,B,False,0.0,3,784
cus_000000422931,Baxter Inc,billing@baxterinc.com,2026-06-11,001000000000042AAA,2025-03-12,001000000000042AAA,Baxter Inc,OH,,Lisa Jackson,2025-03-09,800000000000042AAA,2026-03-29,2027-03-28,12.0,Locked,False,True,False,,112.14,,0,1,0,0.0,1345.68,0.0,1345.68,1.1214,A,False,0.0,2,465
cus_000000431203,Morton-Chase,billing@mortonchase.com,2026-06-07,001000000000043AAA,2026-02-15,001000000000043AAA,Morton-Chase,CA,,Lisa Hensley,2026-02-14,,,,,No Contract,True,True,False,79.99,106.65,,2,2,0,1919.76,2559.6,0.0,4479.36,1.066514,A,False,0.0,3,125
cus_000000452957,Novak and Sons,billing@novakandsons.com,2026-05-02,001000000000045AAA,2025-02-20,001000000000045AAA,Novak and Sons,NY,,Jamie Arnold,2025-01-22,,,,,No Contract,True,False,False,46.14,,,4,0,0,2214.72,0.0,0.0,2214.72,0.6152,D,True,665.28,4,485
cus_000000468837,Russell Group,billing@russellgroup.com,2026-06-03,001000000000046AAA,2025-01-05,001000000000046AAA,Russell Group,PA,,Derek Zuniga,2024-12-08,,,,,No Contract,True,True,False,81.24,108.32,,8,8,0,7799.04,10398.72,0.0,18197.76,1.0832,A,False,0.0,3,531
cus_000000470366,Hancock Inc,billing@hancockinc.com,2026-06-07,001000000000047AAA,2026-01-12,001000000000047AAA,Hancock Inc,CO,,Michele Williams,2025-12-24,,,,,No Contract,True,True,False,53.66,71.55,,1,1,0,643.92,858.6,0.0,1502.52,0.715486,D,True,177.48,4,159
cus_000000486338,Gray Group,billing@graygroup.com,2026-05-05,001000000000048AAA,2023-09-04,001000000000048AAA,Gray Group,NC,Abigail Shaffer,Brian Ramirez,2023-09-01,,,,,No Contract,True,False,True,84.69,,15.81,3,0,60,3048.84,0.0,11383.2,14432.04,1.129268,A,False,0.0,3,1020
cus_000000499060,House-Glover,billing@houseglover.com,2026-05-02,001000000000049AAA,2024-07-03,001000000000049AAA,House-Glover,NY,,Jamie Arnold,2024-06-21,,,,,No Contract,True,False,False,64.45,,,3,0,0,2320.2,0.0,0.0,2320.2,0.859333,C,False,0.0,4,717
cus_000000509765,Henderson-Bernard,billing@hendersonbernard.com,2026-06-04,001000000000050AAA,2023-03-11,001000000000050AAA,Henderson-Bernard,CO,,Carla Gray,2023-03-08,800000000000050AAA,2025-12-29,2026-12-28,12.0,Locked,True,False,False,69.66,,,4,0,0,3343.68,0.0,0.0,3343.68,0.9288,B,False,0.0,2,1197
cus_000000516500,"Stanley, Tucker and Lee",billing@stanleytuckerandlee.com,2026-06-10,001000000000051AAA,2026-04-21,001000000000051AAA,"Stanley, Tucker and Lee",OH,,Dylan Miller,2026-04-18,,,,,No Contract,True,False,False,73.02,,,9,0,0,7886.16,0.0,0.0,7886.16,0.9736,B,False,0.0,4,60
cus_000000529498,Novak PLC,billing@novakplc.com,2026-05-14,001000000000052AAA,2023-04-20,001000000000052AAA,Novak PLC,CA,,Dylan Miller,2023-04-02,800000000000052AAA,2026-01-16,2028-01-15,24.0,Locked,True,False,True,51.78,,9.67,5,0,85,3106.8,0.0,9863.4,12970.2,0.690639,D,True,1849.8,3,1157
cus_000000540756,"Woods, Calhoun and Schmidt",billing@woodscalhounandschmidt.com,2026-06-04,001000000000054AAA,2022-07-12,001000000000054AAA,"Woods, Calhoun and Schmidt",TX,Abigail Shaffer,Ryan Munoz,2022-07-06,800000000000054AAA,2026-02-06,2027-02-05,12.0,Locked,True,True,True,67.04,89.39,12.51,3,3,99,2413.44,3218.04,14861.88,20493.36,0.893658,C,False,0.0,2,1439
cus_000000553592,yu,billing@yuinc.com,2026-06-11,,2022-04-12,,,,,,,,,,,No Contract,True,True,False,78.75,105.0,,1,1,0,945.0,1260.0,0.0,2205.0,1.05,A,False,0.0,2,1530
cus_000000569253,"Hensley, Powel and David",billing@hensleypowellanddavid.com,2026-06-07,,2025-10-19,,,,,,,,,,,No Contract,True,True,False,76.84,102.45,,2,2,0,1844.16,2458.8,0.0,4302.96,1.024514,A,False,0.0,3,244
cus_000000576551,"Sanchez, Wheeler and Harvey",billing@sanchezwheelerandharvey.com,2026-06-05,001000000000057AAA,2025-11-08,001000000000057AAA,"Sanchez, Wheeler and Harvey",PA,,Monica Herrera,2025-11-08,800000000000057AAA,2022-04-24,2025-04-23,36.0,Expired M2M,True,False,False,75.16,,,3,0,0,2705.76,0.0,0.0,2705.76,1.002133,A,False,0.0,2,224
cus_000000597144,Donovan-Harris,billing@donovanharris.com,2026-06-15,001000000000059AAA,2021-11-12,001000000000059AAA,Donovan-Harris,PA,,Holly Wood,2021-11-12,800000000000059AAA,2024-09-07,2025-09-06,12.0,Expired M2M,True,False,False,65.68,,,3,0,0,2364.48,0.0,0.0,2364.48,0.875733,C,False,0.0,2,1681
cus_000000608164,"Edwards, Baker and Anderson",billing@edwardsbakerandanderson.com,2026-06-09,001000000000060AAA,2021-11-13,001000000000060AAA,"Edwards, Baker and Anderson",UT,,Dylan Miller,2021-11-02,800000000000060AAA,2025-11-08,2026-11-07,12.0,Locked,True,True,False,93.75,125.0,,5,5,0,5625.0,7500.0,0.0,13125.0,1.25,A,False,0.0,1,1680
cus_000000611412,"Evans, Stewart & Walton",billing@evansstewartandwalton.com,2026-06-11,,2025-08-30,,,,,,,,,,,No Contract,True,False,False,76.36,,,1,0,0,916.32,0.0,0.0,916.32,1.018133,A,False,0.0,3,294
cus_000000628468,Smith,billing@smithplc.com,2026-06-09,,2023-11-28,,,,,,,,,,,No Contract,True,False,False,45.0,,,9,0,0,4860.0,0.0,0.0,4860.0,0.6,D,True,1620.0,4,935
cus_000000639000,"Ferrell, Jnes and Lewis",billing@ferrelljonesandlewis.com,2026-06-12,,2022-02-20,,,,,,,,,,,No Contract,True,True,False,72.63,96.83,,7,7,0,6100.92,8133.72,0.0,14234.64,0.968343,B,False,0.0,3,1581
cus_000000649638,Anderson-Bailey,billing@andersonbailey.com,2026-06-03,001000000000064AAA,2023-06-19,001000000000064AAA,Anderson-Bailey,GA,Gina Moore,Monica Herrera,2023-06-08,,,,,No Contract,True,True,False,69.18,92.23,,18,18,0,14942.88,19921.68,0.0,34864.56,0.922343,B,False,0.0,3,1097
cus_000000676002,"Turner, Riggs and Roman",billing@turnerriggsandroman.com,2026-06-07,001000000000067AAA,2022-11-10,001000000000067AAA,"Turner, Riggs and Roman",UT,Noah Rhodes,Lisa Hensley,2022-10-12,800000000000067AAA,2026-02-22,2027-02-21,12.0,Locked,True,True,True,91.33,121.77,17.05,5,5,75,5479.8,7306.2,15345.0,28131.0,1.217792,A,False,0.0,1,1318
cus_000000687398,"Smith, Montoya and Evans",billing@smithmontoyaandevans.com,2026-05-04,001000000000068AAA,2024-06-10,001000000000068AAA,"Smith, Montoya and Evans",IL,Daniel Wagner,Brian Ramirez,2024-05-23,,,,,No Contract,True,False,False,69.92,,,5,0,0,4195.2,0.0,0.0,4195.2,0.932267,B,False,0.0,3,740
cus_000000693229,"Garcia, Humphrey and Baker",billing@garciahumphreyandbaker.com,2026-06-13,001000000000069AAA,2022-12-26,001000000000069AAA,"Garcia, Humphrey and Baker",AZ,Gabrielle Davis,Carla Gray,2022-12-13,,,,,No Contract,True,True,True,71.45,95.26,13.34,4,4,92,3429.6,4572.48,14727.36,22729.44,0.952777,B,False,0.0,3,1272
cus_000000700383,Newton and Sons,billing@newtonandsons.com,2026-06-02,001000000000070AAA,2022-05-28,001000000000070AAA,Newton and Sons,GA,,Ryan Munoz,2022-05-17,,,,,No Contract,True,True,True,66.35,88.46,12.38,6,6,60,4777.2,6369.12,8913.6,20059.92,0.884476,C,False,0.0,3,1484
cus_000000716234,Campbell-Clark,billing@campbellclark.com,2026-06-04,001000000000071AAA,2024-10-22,001000000000071AAA,Campbell-Clark,CA,Allison Hill,Jamie Arnold,2024-09-25,,,,,No Contract,True,False,False,73.26,,,1,0,0,879.12,0.0,0.0,879.12,0.9768,B,False,0.0,3,606
cus_000000729223,Harris-Walters,billing@harriswalters.com,2026-06-06,001000000000072AAA,2025-12-26,001000000000072AAA,Harris-Walters,IL,Cristian Santos,Jamie Arnold,2025-12-02,800000000000072AAA,2025-02-05,2026-02-04,12.0,Expired M2M,True,False,True,93.75,,17.5,6,0,162,6750.0,0.0,34020.0,40770.0,1.25,A,False,0.0,2,176
cus_000000730214,Wagner-King,billing@wagnerking.com,2026-06-05,001000000000073AAA,2025-07-20,001000000000073AAA,Wagner-King,PA,Gabrielle Davis,Lisa Jackson,2025-06-26,800000000000073AAA,2026-01-06,2027-01-05,12.0,Locked,True,False,True,68.74,,12.83,1,0,34,824.88,0.0,5234.64,6059.52,0.916443,B,False,0.0,2,335
cus_000000769462,Walsh LLC,billing@walshllc.com,2026-06-01,001000000000076AAA,2024-11-18,001000000000076AAA,Walsh LLC,FL,,Holly Wood,2024-10-23,,,,,No Contract,True,True,False,72.57,96.75,,2,2,0,1741.68,2322.0,0.0,4063.68,0.967543,B,False,0.0,3,579
cus_000000776643,Figueroa PLC,billing@figueroaplc.com,2026-06-04,,2024-05-12,,,,,,,,,,,No Contract,True,True,True,93.12,124.16,17.38,9,9,45,10056.96,13409.28,9385.2,32851.44,1.241551,A,False,0.0,3,769
cus_000000794044,"Mckee, Gardner and Davenport",billing@mckeegardneranddavenport.com,2026-06-08,001000000000079AAA,2026-02-17,001000000000079AAA,"Mckee, Gardner and Davenport",CA,,Margaret Hawkins DDS,2026-02-05,,,,,No Contract,True,True,False,66.56,88.74,,6,6,0,4792.32,6389.28,0.0,11181.6,0.887429,C,False,0.0,4,123
cus_000000805999,"Tran, Jordan and Williams",billing@tranjordanandwilliams.com,2026-06-09,001000000000080AAA,2023-05-01,001000000000080AAA,"Tran, Jordan and Williams",FL,,Michele Williams,2023-04-30,,,,,No Contract,True,True,False,75.2,100.27,,8,8,0,7219.2,9625.92,0.0,16845.12,1.002686,A,False,0.0,2,1146
cus_000000835125,"Wright, Garcia and Deleon",billing@wrightgarciaanddeleon.com,2026-06-05,001000000000083AAA,2025-11-28,001000000000083AAA,"Wright, Garcia and Deleon",TX,Abigail Shaffer,Ryan Munoz,2025-11-16,800000000000083AAA,2024-10-28,2026-10-27,24.0,Locked,True,True,False,91.14,121.53,,3,3,0,3281.04,4375.08,0.0,7656.12,1.215257,A,False,0.0,2,204
cus_000000858972,hancock and sons,billing@hancockandsons.com,2026-06-13,,2025-11-29,,,,,,,,,,,No Contract,True,False,False,89.72,,,4,0,0,4306.56,0.0,0.0,4306.56,1.196267,A,False,0.0,3,203
cus_000000866893,Johnson-Doyle,billing@johnsondoyle.com,2026-06-08,001000000000086AAA,2026-01-03,001000000000086AAA,Johnson-Doyle,GA,,Brian Ramirez,2025-12-11,,,,,No Contract,True,True,False,58.71,78.28,,6,6,0,4227.12,5636.16,0.0,9863.28,0.7828,C,True,216.72,4,168
cus_000000871397,Patton-Jenkins,billing@pattonjenkins.com,2026-06-04,001000000000087AAA,2025-05-10,001000000000087AAA,Patton-Jenkins,GA,,Holly Wood,2025-05-09,800000000000087AAA,2024-09-14,2025-09-13,12.0,Expired M2M,True,False,False,67.11,,,5,0,0,4026.6,0.0,0.0,4026.6,0.8948,C,False,0.0,3,406
cus_000000883969,"Shields, Cochran and Adams",billing@shieldscochranandadams.com,2026-06-12,001000000000088AAA,2024-08-24,001000000000088AAA,"Shields, Cochran and Adams",FL,Daniel Wagner,Holly Wood,2024-08-15,800000000000088AAA,2024-05-25,2025-05-24,12.0,Expired M2M,False,True,False,,112.79,,0,11,0,0.0,14888.28,0.0,14888.28,1.1279,A,False,0.0,2,665
cus_000000897828,"Rodriguez, Brennan and Garrison",billing@rodriguezbrennanandgarrison.com,2026-06-11,001000000000089AAA,2022-10-13,001000000000089AAA,"Rodriguez, Brennan and Garrison",FL,,Michele Williams,2022-09-17,800000000000089AAA,2025-08-19,2026-08-18,12.0,Locked,True,True,True,78.85,105.14,14.72,3,3,108,2838.6,3785.04,19077.12,25700.76,1.051414,A,False,0.0,1,1346
cus_000000904274,Gonzalez Group,billing@gonzalezgroup.com,2026-06-04,001000000000090AAA,2023-03-22,001000000000090AAA,Gonzalez Group,NC,Angie Henderson,Carla Gray,2023-02-27,800000000000090AAA,2025-11-29,2026-11-28,12.0,Locked,True,False,False,55.3,,,1,0,0,663.6,0.0,0.0,663.6,0.737333,D,True,56.4,2,1186
cus_000000910595,Torres-Pope,billing@torrespope.com,2026-06-10,,2024-05-21,,,,,,,,,,,No Contract,True,True,False,61.6,82.13,,4,4,0,2956.8,3942.24,0.0,6899.04,0.821314,C,False,0.0,4,760
cus_000000926678,Walker Ltd,billing@walkerltd.com,2026-06-02,001000000000092AAA,2023-05-11,001000000000092AAA,Walker Ltd,CO,,Monica Herrera,2023-04-30,800000000000092AAA,2026-02-08,2027-02-07,12.0,Locked,True,True,False,84.5,112.67,,8,8,0,8112.0,10816.32,0.0,18928.32,1.126686,A,False,0.0,1,1136
cus_000000934152,Ross LLC,billing@rossllc.com,2026-06-12,001000000000093AAA,2023-08-20,001000000000093AAA,Ross LLC,AZ,,Jamie Arnold,2023-08-12,,,,,No Contract,True,False,True,76.59,,14.3,4,0,132,3676.32,0.0,22651.2,26327.52,1.021397,A,False,0.0,3,1035
cus_000000944032,Rasmussen LLC,billing@rasmussenllc.com,2026-06-03,001000000000094AAA,2023-10-23,001000000000094AAA,Rasmussen LLC,IL,,Derek Zuniga,2023-09-27,,,,,No Contract,True,True,True,55.54,74.06,10.37,2,2,66,1332.96,1777.44,8213.04,11323.44,0.740675,D,True,748.56,4,971
cus_000000958088,May-Ross,billing@mayross.com,2026-06-04,001000000000095AAA,2021-11-08,001000000000095AAA,May-Ross,NC,,Carla Gray,2021-10-29,800000000000095AAA,2025-11-26,2026-11-25,12.0,Locked,True,False,True,69.64,,13.0,1,0,17,835.68,0.0,2652.0,3487.68,0.928562,B,False,0.0,2,1685
cus_000000962937,"Rivera, Johnson and Wiley",billing@riverajohnsonandwiley.com,2026-06-06,001000000000096AAA,2025-07-23,001000000000096AAA,"Rivera, Johnson and Wiley",PA,Noah Rhodes,Carla Gray,2025-07-08,,,,,No Contract,False,True,False,,94.01,,0,5,0,0.0,5640.6,0.0,5640.6,0.9401,B,False,0.0,4,332
cus_000000976847,White-Estes,billing@whiteestes.com,2026-06-03,001000000000097AAA,2023-08-04,001000000000097AAA,White-Estes,PA,,Jamie Arnold,2023-07-30,,,,,No Contract,True,True,False,75.62,100.83,,2,2,0,1814.88,2419.92,0.0,4234.8,1.008286,A,False,0.0,3,1051
cus_000000987261,Johnson-Carlson,billing@johnsoncarlson.com,2026-06-09,001000000000098AAA,2025-01-26,001000000000098AAA,Johnson-Carlson,FL,,Derek Zuniga,2024-12-29,800000000000098AAA,2024-09-21,2026-09-20,24.0,Locked,True,True,False,85.89,114.52,,5,5,0,5153.4,6871.2,0.0,12024.6,1.1452,A,False,0.0,2,510
cus_000000998444,Chandler-Edwards,billing@chandleredwards.com,2026-06-05,001000000000099AAA,2024-05-10,001000000000099AAA,Chandler-Edwards,TN,,Ryan Munoz,2024-04-24,,,,,No Contract,True,True,False,64.41,85.88,,1,1,0,772.92,1030.56,0.0,1803.48,0.8588,C,False,0.0,3,771
cus_000001003198,"Joyce, Wilson & Lam",billing@joycewilsonandlam.com,2026-06-10,,2023-07-11,,,,,,,,,,,No Contract,False,True,False,,95.04,,0,16,0,0.0,18247.68,0.0,18247.68,0.9504,B,False,0.0,3,1075
cus_000001014548,Scott Ltd,billing@scottltd.com,2026-05-12,001000000000101AAA,2024-10-02,001000000000101AAA,Scott Ltd,NC,Cristian Santos,Lisa Hensley,2024-09-29,,,,,No Contract,True,False,False,62.62,,,6,0,0,4508.64,0.0,0.0,4508.64,0.834933,C,False,0.0,4,626
cus_000001026775,Smith-Frost,billing@smithfrost.com,2026-06-06,001000000000102AAA,2025-11-05,001000000000102AAA,Smith-Frost,GA,,Ryan Munoz,2025-11-01,800000000000102AAA,2025-11-16,2026-11-15,12.0,Locked,True,True,True,74.0,98.67,13.81,4,4,120,3552.0,4736.16,19886.4,28174.56,0.986504,B,False,0.0,2,227
cus_000001039868,"Mcdaniel, Bentley and Mclaughlin",billing@mcdanielbentleyandmclaughlin.com,2026-06-14,001000000000103AAA,2024-10-28,001000000000103AAA,"Mcdaniel, Bentley and Mclaughlin",CA,Gabrielle Davis,Monica Herrera,2024-10-16,,,,,No Contract,True,False,False,63.37,,,3,0,0,2281.32,0.0,0.0,2281.32,0.844933,C,False,0.0,4,600
cus_000001043419,Diaz Inc,billing@diazinc.com,2026-06-12,001000000000104AAA,2022-11-03,001000000000104AAA,Diaz Inc,IL,Noah Rhodes,Lisa Jackson,2022-11-02,800000000000104AAA,2022-10-14,2024-10-13,24.0,Expired M2M,True,False,False,51.78,,,2,0,0,1242.72,0.0,0.0,1242.72,0.6904,D,True,197.28,3,1325
cus_000001051677,"Mccall, Hanson and Alvarado",billing@mccallhansonandalvarado.com,2026-06-11,001000000000105AAA,2022-07-16,001000000000105AAA,"Mccall, Hanson and Alvarado",FL,,Holly Wood,2022-06-18,,,,,No Contract,True,True,False,62.89,83.86,,1,1,0,754.68,1006.32,0.0,1761.0,0.838571,C,False,0.0,3,1435
cus_000001065370,Cortez LLC,billing@cortezllc.com,2026-06-06,001000000000106AAA,2023-12-27,001000000000106AAA,Cortez LLC,GA,,Ryan Munoz,2023-11-30,800000000000106AAA,2026-04-28,2027-04-27,12.0,Locked,True,True,True,58.86,78.48,10.99,1,1,28,706.32,941.76,3692.64,5340.72,0.784938,C,True,35.28,3,906
cus_000001079558,"Parker, Ortiz and Powell",billing@parkerortizandpowell.com,2026-06-15,001000000000107AAA,2023-08-20,001000000000107AAA,"Parker, Ortiz and Powell",FL,Allison Hill,Holly Wood,2023-08-19,800000000000107AAA,2022-09-04,2024-09-03,24.0,Expired M2M,True,True,False,57.97,77.3,,1,1,0,695.64,927.6,0.0,1623.24,0.772971,C,True,56.76,3,1035
cus_000001083807,Spencer-Lee,billing@spencerlee.com,2026-06-08,001000000000108AAA,2026-04-27,001000000000108AAA,Spencer-Lee,TN,,Brian Ramirez,2026-04-02,,,,,No Contract,True,False,True,70.71,,13.2,3,0,87,2545.56,0.0,13780.8,16326.36,0.942848,B,False,0.0,4,54
cus_000001094956,"Bentley, Byrd and",billing@bentleybyrdandorr.com,2026-06-01,,2024-09-14,,,,,,,,,,,No Contract,True,True,False,80.22,106.96,,1,1,0,962.64,1283.52,0.0,2246.16,1.0696,A,False,0.0,3,644
cus_000001107018,"Carroll, Sullivan and Bass",billing@carrollsullivanandbass.com,2026-06-15,001000000000110AAA,2024-07-01,001000000000110AAA,"Carroll, Sullivan and Bass",FL,Cristian Santos,Carla Gray,2024-06-03,800000000000110AAA,2024-07-30,2025-07-29,12.0,Expired M2M,True,True,False,72.44,96.58,,3,3,0,2607.84,3476.88,0.0,6084.72,0.965829,B,False,0.0,3,719
cus_000001118868,Mitchell-Jordan,billing@mitchelljordan.com,2026-06-09,001000000000111AAA,2025-05-25,001000000000111AAA,Mitchell-Jordan,GA,,Derek Zuniga,2025-05-07,,,,,No Contract,True,False,True,80.32,,14.99,2,0,24,1927.68,0.0,4317.12,6244.8,1.070782,A,False,0.0,3,391
cus_000001125769,"Lawson, Morris & Ramos",billing@lawsonmorrisandramos.com,2026-06-04,,2022-03-04,,,,,,,,,,,No Contract,True,True,True,83.02,110.69,15.5,8,8,64,7969.92,10626.24,11904.0,30500.16,1.107003,A,False,0.0,2,1569
cus_000001137089,"Lewis, Kennedy and Santana",billing@lewiskennedyandsantana.com,2026-06-14,001000000000113AAA,2022-06-04,001000000000113AAA,"Lewis, Kennedy and Santana",NY,Connie Lawrence,Dylan Miller,2022-06-04,800000000000113AAA,2025-12-27,2026-12-26,12.0,Locked,True,False,False,50.17,,,5,0,0,3010.2,0.0,0.0,3010.2,0.668933,D,True,589.8,2,1477
cus_000001159491,"Harvey, Davis and Crane",billing@harveydavisandcrane.com,2026-06-09,001000000000115AAA,2025-09-26,001000000000115AAA,"Harvey, Davis and Crane",IL,Noah Rhodes,Derek Zuniga,2025-09-10,800000000000115AAA,2024-12-16,2025-12-15,12.0,Expired M2M,True,False,False,86.49,,,2,0,0,2075.76,0.0,0.0,2075.76,1.1532,A,False,0.0,2,267
cus_000001165725,Chambers and Sons,billing@chambersandsons.com,2026-06-09,001000000000116AAA,2022-06-26,001000000000116AAA,Chambers and Sons,CO,,Michele Williams,2022-06-12,,,,,No Contract,True,True,False,54.04,72.06,,9,9,0,5836.32,7782.48,0.0,13618.8,0.720571,D,True,1501.2,4,1455
cus_000001173729,hernandez,billing@hernandezinc.com,2026-06-07,,2025-02-26,,,,,,,,,,,No Contract,True,True,False,83.51,111.35,,4,4,0,4008.48,5344.8,0.0,9353.28,1.113486,A,False,0.0,3,479
cus_000001187229,Riggs PLC,billing@riggsplc.com,2026-06-03,001000000000118AAA,2024-12-26,001000000000118AAA,Riggs PLC,IL,,Lisa Jackson,2024-11-29,,,,,No Contract,True,True,True,93.75,125.0,17.5,3,3,42,3375.0,4500.0,8820.0,16695.0,1.25,A,False,0.0,3,541
cus_000001190538,Gibson Ltd,billing@gibsonltd.com,2026-06-01,001000000000119AAA,2026-04-29,001000000000119AAA,Gibson Ltd,OH,,Holly Wood,2026-04-20,800000000000119AAA,2023-09-25,2026-09-24,36.0,Locked,True,True,True,76.52,102.03,14.28,3,3,27,2754.72,3673.08,4626.72,11054.52,1.020166,A,False,0.0,2,52
cus_000001216081,Hernandez Ltd,billing@hernandezltd.com,2026-05-01,001000000000121AAA,2026-01-15,001000000000121AAA,Hernandez Ltd,UT,Cristian Santos,Carla Gray,2025-12-25,800000000000121AAA,2024-03-13,2025-03-12,12.0,Expired M2M,False,True,False,,97.34,,0,4,0,0.0,4672.32,0.0,4672.32,0.9734,B,False,0.0,3,156
cus_000001227352,Stafford Inc,billing@staffordinc.com,2026-06-12,001000000000122AAA,2026-03-14,001000000000122AAA,Stafford Inc,WA,,Lisa Hensley,2026-02-22,,,,,No Contract,True,True,False,75.23,100.3,,8,8,0,7222.08,9628.8,0.0,16850.88,1.003029,A,False,0.0,3,98
cus_000001230838,Robinson-Brock,billing@robinsonbrock.com,2026-06-08,,2024-03-01,,,,,,,,,,,No Contract,True,True,False,64.6,86.13,,1,1,0,775.2,1033.56,0.0,1808.76,0.861314,C,False,0.0,3,841
cus_000001240637,"Holmes, Williams and Wright",billing@holmeswilliamsandwright.com,2026-06-14,001000000000124AAA,2022-02-28,001000000000124AAA,"Holmes, Williams and Wright",UT,Angie Henderson,Lisa Hensley,2022-02-18,,,,,No Contract,True,True,True,67.72,90.29,12.64,7,7,42,5688.48,7584.36,6370.56,19643.4,0.902896,B,False,0.0,3,1573
cus_000001253849,Bryant Group,billing@bryantgroup.com,2026-05-08,001000000000125AAA,2021-12-03,001000000000125AAA,Bryant Group,NC,,Lisa Hensley,2021-11-04,800000000000125AAA,2024-09-12,2026-09-11,24.0,Locked,True,True,True,77.57,103.42,14.48,1,1,25,930.84,1241.04,4344.0,6515.88,1.034267,A,False,0.0,1,1660
cus_000001263170,"Schmidt, Hansen and Stewart",billing@schmidthansenandstewart.com,2026-06-10,001000000000126AAA,2024-05-08,001000000000126AAA,"Schmidt, Hansen and Stewart",NY,,Margaret Hawkins DDS,2024-04-09,800000000000126AAA,2026-02-05,2027-02-04,12.0,Locked,True,False,False,90.16,,,6,0,0,6491.52,0.0,0.0,6491.52,1.202133,A,False,0.0,1,773
cus_000001277001,Salazar-Ball,billing@salazarball.com,2026-06-15,001000000000127AAA,2022-05-06,001000000000127AAA,Salazar-Ball,TN,,Lisa Hensley,2022-04-16,800000000000127AAA,2024-09-14,2025-09-13,12.0,Expired M2M,True,True,False,72.16,96.22,,4,4,0,3463.68,4618.56,0.0,8082.24,0.962171,B,False,0.0,2,1506
cus_000001288197,"Simmons, Meadows and Griffin",billing@simmonsmeadowsandgriffin.com,2026-06-14,001000000000128AAA,2025-08-21,001000000000128AAA,"Simmons, Meadows and Griffin",PA,,Ryan Munoz,2025-07-27,800000000000128AAA,2025-09-26,2026-09-25,12.0,Locked,True,False,False,69.97,,,3,0,0,2518.92,0.0,0.0,2518.92,0.932933,B,False,0.0,2,303
cus_000001302224,Green-Wright,billing@greenwright.com,2026-06-07,001000000000130AAA,2023-09-19,001000000000130AAA,Green-Wright,CA,Noah Rhodes,Holly Wood,2023-09-07,800000000000130AAA,2023-02-03,2025-02-02,24.0,Expired M2M,False,True,False,,75.6,,0,8,0,0.0,7257.6,0.0,7257.6,0.756,C,True,422.4,3,1005
cus_000001315281,"Ramirez, Strickland and Washington",billing@ramirezstricklandandwashington.com,2026-06-10,001000000000131AAA,2024-12-17,001000000000131AAA,"Ramirez, Strickland and Washington",IL,,Jamie Arnold,2024-11-18,,,,,No Contract,True,True,True,58.68,78.24,10.95,1,1,27,704.16,938.88,3547.8,5190.84,0.782224,C,True,53.16,4,550
cus_000001320406,Hill Inc,billing@hillinc.com,2026-06-15,001000000000132AAA,2023-09-26,001000000000132AAA,Hill Inc,CA,,Monica Herrera,2023-09-12,800000000000132AAA,2024-02-05,2025-02-04,12.0,Expired M2M,True,False,False,79.5,,,3,0,0,2862.0,0.0,0.0,2862.0,1.06,A,False,0.0,2,998
cus_000001332142,"mitchell, nelson and flores",billing@mitchellnelsonandflores.com,2026-06-10,,2026-05-14,,,,,,,,,,,No Contract,True,False,False,56.4,,,2,0,0,1353.6,0.0,0.0,1353.6,0.752,C,True,86.4,4,37
cus_000001342018,"Miller, Hernandez and Reyes",billing@millerhernandezandreyes.com,2026-06-05,001000000000134AAA,2022-05-19,001000000000134AAA,"Miller, Hernandez and Reyes",CO,Allison Hill,Margaret Hawkins DDS,2022-04-26,800000000000134AAA,2022-07-25,2024-07-24,24.0,Expired M2M,True,True,False,60.37,80.49,,2,2,0,1448.88,1931.76,0.0,3380.64,0.804914,C,False,0.0,3,1493
cus_000001361699,Russell-Daniels,billing@russelldaniels.com,2026-06-03,001000000000136AAA,2024-07-22,001000000000136AAA,Russell-Daniels,TX,,Derek Zuniga,2024-07-18,800000000000136AAA,2023-12-09,2024-12-08,12.0,Expired M2M,False,True,True,,85.16,11.92,0,2,8,0.0,2043.84,1144.32,3188.16,0.851538,C,False,0.0,3,698
cus_000001374370,Brown-Wall,billing@brownwall.com,2026-06-04,001000000000137AAA,2026-02-15,001000000000137AAA,Brown-Wall,NC,,Jamie Arnold,2026-01-30,800000000000137AAA,2025-12-27,2026-12-26,12.0,Locked,True,True,False,83.77,111.7,,10,10,0,10052.4,13404.0,0.0,23456.4,1.116971,A,False,0.0,2,125
cus_000001387782,Stein-Silva,billing@steinsilva.com,2026-05-09,001000000000138AAA,2026-02-24,001000000000138AAA,Stein-Silva,IL,Daniel Wagner,Brian Ramirez,2026-02-12,800000000000138AAA,2023-06-12,2025-06-11,24.0,Expired M2M,False,True,False,,100.03,,0,2,0,0.0,2400.72,0.0,2400.72,1.0003,A,False,0.0,2,116
cus_000001391670,"Smith, Gilmore and Johnston",billing@smithgilmoreandjohnston.com,2026-05-10,001000000000139AAA,2025-02-13,001000000000139AAA,"Smith, Gilmore and Johnston",NC,Noah Rhodes,Margaret Hawkins DDS,2025-01-15,800000000000139AAA,2025-11-13,2026-11-12,12.0,Locked,True,False,False,73.54,,,8,0,0,7059.84,0.0,0.0,7059.84,0.980533,B,False,0.0,2,492
cus_000001409044,Smith-Bell,billing@smithbell.com,2026-06-02,001000000000140AAA,2023-04-09,001000000000140AAA,Smith-Bell,NC,,Dylan Miller,2023-03-21,,,,,No Contract,True,True,False,58.16,77.54,,6,6,0,4187.52,5582.88,0.0,9770.4,0.775429,C,True,309.6,4,1168
cus_000001416953,Castaneda-Ashley,billing@castanedaashley.com,2026-06-14,001000000000141AAA,2025-02-09,001000000000141AAA,Castaneda-Ashley,PA,Gabrielle Davis,Lisa Jackson,2025-01-12,800000000000141AAA,2024-05-26,2025-05-25,12.0,Expired M2M,True,False,False,66.49,,,1,0,0,797.88,0.0,0.0,797.88,0.886533,C,False,0.0,3,496
cus_000001424748,Medina-Navarro,billing@medinanavarro.com,2026-06-09,001000000000142AAA,2022-04-09,001000000000142AAA,Medina-Navarro,CA,,Holly Wood,2022-04-05,800000000000142AAA,2026-01-28,2027-01-27,12.0,Locked,True,False,False,70.08,,,3,0,0,2522.88,0.0,0.0,2522.88,0.9344,B,False,0.0,2,1533
cus_000001436058,"Hurst, Freeman and Nelson",billing@hurstfreemanandnelson.com,2026-06-01,001000000000143AAA,2025-07-03,001000000000143AAA,"Hurst, Freeman and Nelson",NY,,Lisa Jackson,2025-06-20,800000000000143AAA,2022-09-17,2024-09-16,24.0,Expired M2M,True,True,False,65.28,87.05,,4,4,0,3133.44,4178.4,0.0,7311.84,0.870457,C,False,0.0,3,352
cus_000001447996,Johnson-Rogers,billing@johnsonrogers.com,2026-06-09,001000000000144AAA,2025-02-06,001000000000144AAA,Johnson-Rogers,UT,,Derek Zuniga,2025-01-14,800000000000144AAA,2023-12-30,2024-12-29,12.0,Expired M2M,True,False,False,59.09,,,2,0,0,1418.16,0.0,0.0,1418.16,0.787867,C,True,21.84,3,499
cus_000001454713,"Yates, Ramsey and Pittman",billing@yatesramseyandpittman.com,2026-06-02,001000000000145AAA,2024-09-26,001000000000145AAA,"Yates, Ramsey and Pittman",PA,,Lisa Jackson,2024-09-15,,,,,No Contract,True,True,False,71.02,94.7,,1,1,0,852.24,1136.4,0.0,1988.64,0.946971,B,False,0.0,4,632
cus_000001464220,Hooper PLC,billing@hooperplc.com,2026-06-15,001000000000146AAA,2023-02-26,001000000000146AAA,Hooper PLC,NY,,Carla Gray,2023-02-08,800000000000146AAA,2024-10-28,2026-10-27,24.0,Locked,True,True,False,81.24,108.31,,1,1,0,974.88,1299.72,0.0,2274.6,1.083143,A,False,0.0,1,1210
cus_000001476369,Meadows PLC,billing@meadowsplc.com,2026-06-10,001000000000147AAA,2023-06-27,001000000000147AAA,Meadows PLC,IL,Connie Lawrence,Lisa Jackson,2023-06-12,800000000000147AAA,2026-03-20,2027-03-19,12.0,Locked,True,True,True,54.25,72.33,10.13,2,2,64,1302.0,1735.92,7779.84,10817.76,0.723499,D,True,990.24,3,1089
cus_000001485318,"Alvarado, Miller and Patterson",billing@alvaradomillerandpatterson.com,2026-06-08,001000000000148AAA,2022-04-12,001000000000148AAA,"Alvarado, Miller and Patterson",UT,Allison Hill,Lisa Jackson,2022-03-14,800000000000148AAA,2026-05-10,2027-05-09,12.0,Locked,True,False,False,74.11,,,2,0,0,1778.64,0.0,0.0,1778.64,0.988133,B,False,0.0,2,1530
cus_000001492537,White-Green,billing@whitegreen.com,2026-06-15,001000000000149AAA,2025-04-07,001000000000149AAA,White-Green,OH,Abigail Shaffer,Margaret Hawkins DDS,2025-04-02,,,,,No Contract,True,False,True,81.59,,15.23,6,0,198,5874.48,0.0,36186.48,42060.96,1.087858,A,False,0.0,3,439
cus_000001507990,Lewis-Mrphy,billing@lewismurphy.com,2026-06-10,,2023-08-05,,,,,,,,,,,No Contract,True,True,False,67.1,89.47,,7,7,0,5636.4,7515.48,0.0,13151.88,0.894686,C,False,0.0,3,1050
cus_000001513484,Ramirez-Bean,billing@ramirezbean.com,2026-06-06,001000000000151AAA,2025-07-08,001000000000151AAA,Ramirez-Bean,GA,Allison Hill,Michele Williams,2025-06-24,,,,,No Contract,True,False,True,46.94,,8.76,1,0,23,563.28,0.0,2417.76,2981.04,0.625743,D,True,774.96,5,347
cus_000001520524,King-Miller,billing@kingmiller.com,2026-06-04,001000000000152AAA,2025-12-21,001000000000152AAA,King-Miller,FL,Cristian Santos,Holly Wood,2025-12-06,800000000000152AAA,2025-08-23,2026-08-22,12.0,Locked,True,True,False,79.77,106.36,,3,3,0,2871.72,3828.96,0.0,6700.68,1.0636,A,False,0.0,2,181
cus_000001532695,Curry,billing@curryinc.com,2026-05-02,,2024-10-30,,,,,,,,,,,No Contract,True,False,True,45.0,,8.4,1,0,27,540.0,0.0,2721.6,3261.6,0.6,D,True,1022.4,4,598
cus_000001549635,Walker-Jones,billing@walkerjones.com,2026-06-03,001000000000154AAA,2024-11-03,001000000000154AAA,Walker-Jones,IL,,Jamie Arnold,2024-10-28,800000000000154AAA,2024-10-21,2025-10-20,12.0,Expired M2M,True,True,False,73.72,98.29,,4,4,0,3538.56,4717.92,0.0,8256.48,0.982914,B,False,0.0,3,594
cus_000001569728,Howell and Sons,billing@howellandsons.com,2026-06-11,001000000000156AAA,2022-07-25,001000000000156AAA,Howell and Sons,NY,,Michele Williams,2022-07-14,800000000000156AAA,2025-09-30,2027-09-29,24.0,Locked,True,True,False,57.85,77.13,,7,7,0,4859.4,6478.92,0.0,11338.32,0.771314,C,True,421.68,2,1426
cus_000001579968,Wells Inc,billing@wellsinc.com,2026-06-08,001000000000157AAA,2025-09-01,001000000000157AAA,Wells Inc,NY,,Dylan Miller,2025-08-13,,,,,No Contract,True,True,False,92.0,122.67,,4,4,0,4416.0,5888.16,0.0,10304.16,1.226686,A,False,0.0,3,292
cus_000001586697,"Gould, Marshall and Scott",billing@gouldmarshallandscott.com,2026-06-11,001000000000158AAA,2021-11-26,001000000000158AAA,"Gould, Marshall and Scott",CA,,Dylan Miller,2021-11-10,800000000000158AAA,2025-06-04,2028-06-03,36.0,Locked,True,False,True,68.36,,12.76,3,0,36,2460.96,0.0,5512.32,7973.28,0.91144,B,False,0.0,2,1667
cus_000001594516,Jackson-Lawson,billing@jacksonlawson.com,2026-06-10,001000000000159AAA,2022-03-14,001000000000159AAA,Jackson-Lawson,PA,,Lisa Hensley,2022-02-27,,,,,No Contract,True,True,True,88.62,118.16,16.54,2,2,24,2126.88,2835.84,4763.52,9726.24,1.181516,A,False,0.0,2,1559
cus_000001608506,"Higgins, Strickland and Martin",billing@higginsstricklandandmartin.com,2026-06-11,001000000000160AAA,2022-11-08,001000000000160AAA,"Higgins, Strickland and Martin",TX,,Brian Ramirez,2022-10-16,,,,,No Contract,True,True,True,80.58,107.44,15.04,1,1,34,966.96,1289.28,6136.32,8392.56,1.074316,A,False,0.0,2,1320
cus_000001610238,Rodriguez-Johnson,billing@rodriguezjohnson.com,2026-06-02,001000000000161AAA,2024-08-03,001000000000161AAA,Rodriguez-Johnson,PA,,Carla Gray,2024-07-14,,,,,No Contract,True,True,True,47.54,63.38,8.87,8,8,272,4563.84,6084.48,28951.68,39600.0,0.633641,D,True,9744.0,4,686
cus_000001628343,Johnston-Odonnell,billing@johnstonodonnell.com,2026-06-12,,2023-06-09,,,,,,,,,,,No Contract,True,True,True,87.26,116.35,16.29,5,5,95,5235.6,6981.0,18570.6,30787.2,1.163537,A,False,0.0,2,1107
cus_000001633354,Sanders-Espinoza,billing@sandersespinoza.com,2026-06-10,001000000000163AAA,2023-10-18,001000000000163AAA,Sanders-Espinoza,TN,,Dylan Miller,2023-09-28,800000000000163AAA,2023-12-21,2025-12-20,24.0,Expired M2M,True,True,True,56.59,75.45,10.56,1,1,31,679.08,905.4,3928.32,5512.8,0.754351,C,True,259.2,3,976
cus_000001654063,Garcia,billing@garciallc.com,2026-06-01,,2026-03-13,,,,,,,,,,,No Contract,True,True,True,49.39,65.86,9.22,7,7,28,4148.76,5532.24,3097.92,12778.92,0.658571,D,True,2677.08,4,99
cus_000001660317,"Burke, Martinez and Riggs",billing@burkemartinezandriggs.com,2026-06-04,001000000000166AAA,2022-09-01,001000000000166AAA,"Burke, Martinez and Riggs",WA,Allison Hill,Jamie Arnold,2022-08-30,800000000000166AAA,2025-12-21,2026-12-20,12.0,Locked,True,True,False,81.64,108.86,,5,5,0,4898.4,6531.6,0.0,11430.0,1.088571,A,False,0.0,1,1388
cus_000001674237,Reed Group,billing@reedgroup.com,2026-06-13,001000000000167AAA,2025-06-24,001000000000167AAA,Reed Group,GA,,Holly Wood,2025-06-09,800000000000167AAA,2023-04-06,2025-04-05,24.0,Expired M2M,True,True,False,71.4,95.19,,2,2,0,1713.6,2284.56,0.0,3998.16,0.951943,B,False,0.0,3,361
cus_000001684083,"Wood, Hunter and Peterson",billing@woodhunterandpeterson.com,2026-06-12,001000000000168AAA,2026-05-26,001000000000168AAA,"Wood, Hunter and Peterson",CA,,Dylan Miller,2026-04-28,800000000000168AAA,2024-04-22,2026-04-21,24.0,Expired M2M,True,True,False,84.34,112.46,,2,2,0,2024.16,2699.04,0.0,4723.2,1.124571,A,False,0.0,2,25
cus_000001692247,Short-Garcia,billing@shortgarcia.com,2026-06-13,001000000000169AAA,2024-08-01,001000000000169AAA,Short-Garcia,AZ,Noah Rhodes,Jamie Arnold,2024-07-21,,,,,No Contract,True,True,True,81.78,109.04,15.27,2,2,18,1962.72,2616.96,3298.32,7878.0,1.090532,A,False,0.0,3,688
cus_000001702472,Reid-Poole,billing@reidpoole.com,2026-06-10,001000000000170AAA,2021-11-19,001000000000170AAA,Reid-Poole,WA,,Ryan Munoz,2021-11-11,800000000000170AAA,2026-04-23,2027-04-22,12.0,Locked,True,False,False,69.8,,,10,0,0,8376.0,0.0,0.0,8376.0,0.930667,B,False,0.0,2,1674
cus_000001715840,"Hernandez, Thompson & Boyd",billing@hernandezthompsonandboyd.com,2026-06-12,,2025-11-14,,,,,,,,,,,No Contract,True,True,True,90.57,120.76,16.91,2,2,48,2173.68,2898.24,9740.16,14812.08,1.207769,A,False,0.0,3,218
cus_000001726707,"Nelson, Morton and Medina",billing@nelsonmortonandmedina.com,2026-06-01,001000000000172AAA,2025-10-01,001000000000172AAA,"Nelson, Morton and Medina",TN,Gina Moore,Jamie Arnold,2025-09-07,800000000000172AAA,2023-10-22,2026-10-21,36.0,Locked,True,True,False,72.12,96.16,,2,2,0,1730.88,2307.84,0.0,4038.72,0.9616,B,False,0.0,2,262
cus_000001732125,Marshall-Petersen,billing@marshallpetersen.com,2026-06-13,001000000000173AAA,2023-12-30,001000000000173AAA,Marshall-Petersen,CA,Angie Henderson,Jamie Arnold,2023-12-27,800000000000173AAA,2024-09-22,2026-09-21,24.0,Locked,True,False,False,75.35,,,5,0,0,4521.0,0.0,0.0,4521.0,1.004667,A,False,0.0,1,903
cus_000001742394,"Adams, Christian and Rivas",billing@adamschristianandrivas.com,2026-06-03,001000000000174AAA,2022-02-23,001000000000174AAA,"Adams, Christian and Rivas",OH,,Michele Williams,2022-02-06,800000000000174AAA,2025-03-08,2026-03-07,12.0,Expired M2M,True,True,True,63.68,84.91,11.89,2,2,64,1528.32,2037.84,9131.52,12697.68,0.84923,C,False,0.0,3,1578
cus_000001759595,Ramirez Group,billing@ramirezgroup.com,2026-06-02,001000000000175AAA,2022-05-21,001000000000175AAA,Ramirez Group,CO,,Lisa Jackson,2022-05-17,,,,,No Contract,True,True,False,93.75,125.0,,2,2,0,2250.0,3000.0,0.0,5250.0,1.25,A,False,0.0,2,1491
cus_000001760427,Christensen PLC,billing@christensenplc.com,2026-06-14,001000000000176AAA,2023-12-26,001000000000176AAA,Christensen PLC,TX,,Lisa Hensley,2023-12-11,800000000000176AAA,2025-01-20,2026-01-19,12.0,Expired M2M,True,False,True,85.51,,15.96,4,0,92,4104.48,0.0,17619.84,21724.32,1.140025,A,False,0.0,2,907
cus_000001779908,"Barnett, Rogers and Snyder",billing@barnettrogersandsnyder.com,2026-06-10,001000000000177AAA,2022-12-09,001000000000177AAA,"Barnett, Rogers and Snyder",FL,,Lisa Hensley,2022-11-23,,,,,No Contract,True,False,False,55.46,,,3,0,0,1996.56,0.0,0.0,1996.56,0.739467,D,True,163.44,4,1289
cus_000001789243,White-Lewis,billing@whitelewis.com,2026-06-02,001000000000178AAA,2022-04-28,001000000000178AAA,White-Lewis,IL,,Jamie Arnold,2022-04-09,800000000000178AAA,2026-02-04,2027-02-03,12.0,Locked,True,True,True,49.65,66.2,9.27,12,12,156,7149.6,9532.8,17353.44,34035.84,0.662073,D,True,6716.16,2,1514
cus_000001790315,Peterson-Beard,billing@petersonbeard.com,2026-06-08,001000000000179AAA,2021-12-12,001000000000179AAA,Peterson-Beard,FL,,Monica Herrera,2021-11-30,,,,,No Contract,True,False,True,70.04,,13.07,4,0,44,3361.92,0.0,6900.96,10262.88,0.933668,B,False,0.0,3,1651
cus_000001807699,"Beard, Peters and",billing@beardpetersandblack.com,2026-06-06,,2022-05-09,,,,,,,,,,,No Contract,True,True,False,54.91,73.22,,10,10,0,6589.2,8786.4,0.0,15375.6,0.732171,D,True,1424.4,4,1503
cus_000001811809,Miller Ltd,billing@millerltd.com,2026-06-02,001000000000181AAA,2024-08-27,001000000000181AAA,Miller Ltd,CO,,Jamie Arnold,2024-08-08,800000000000181AAA,2026-04-07,2027-04-06,12.0,Locked,True,True,False,65.56,87.42,,1,1,0,786.72,1049.04,0.0,1835.76,0.874171,C,False,0.0,2,662
cus_000001824629,Freeman-Chang,billing@freemanchang.com,2026-06-11,001000000000182AAA,2026-03-25,001000000000182AAA,Freeman-Chang,GA,,Jamie Arnold,2026-03-08,800000000000182AAA,2024-08-10,2027-08-09,36.0,Locked,True,True,False,52.91,70.55,,1,1,0,634.92,846.6,0.0,1481.52,0.705486,D,True,198.48,3,87
cus_000001833729,"Alvarez, Joseph and West",billing@alvarezjosephandwest.com,2026-06-13,001000000000183AAA,2026-02-21,001000000000183AAA,"Alvarez, Joseph and West",FL,,Derek Zuniga,2026-02-11,,,,,No Contract,True,False,True,64.6,,12.06,3,0,42,2325.6,0.0,6078.24,8403.84,0.861402,C,False,0.0,4,119
cus_000001846660,Davis and Sons,billing@davisandsons.com,2026-05-01,001000000000184AAA,2022-01-22,001000000000184AAA,Davis and Sons,WA,Noah Rhodes,Dylan Miller,2022-01-22,800000000000184AAA,2025-11-09,2026-11-08,12.0,Locked,True,True,True,87.16,116.21,16.27,3,3,90,3137.76,4183.56,17571.6,24892.92,1.162134,A,False,0.0,1,1610
cus_000001854347,Holt-Torres,billing@holttorres.com,2026-06-11,001000000000185AAA,2023-01-19,001000000000185AAA,Holt-Torres,NC,Gabrielle Davis,Dylan Miller,2023-01-08,,,,,No Contract,True,True,True,47.96,63.94,8.95,7,7,35,4028.64,5370.96,3759.0,13158.6,0.639388,D,True,3221.4,4,1248
cus_000001877792,"Pierce, Bell and Chavez",billing@piercebellandchavez.com,2026-06-12,001000000000187AAA,2023-08-31,001000000000187AAA,"Pierce, Bell and Chavez",CA,Angie Henderson,Brian Ramirez,2023-08-10,,,,,No Contract,True,True,True,74.42,99.23,13.89,3,3,51,2679.12,3572.28,8500.68,14752.08,0.992203,B,False,0.0,3,1024
cus_000001892357,Stewart Ltd,billing@stewartltd.com,2026-06-13,001000000000189AAA,2021-11-26,001000000000189AAA,Stewart Ltd,AZ,,Dylan Miller,2021-11-20,,,,,No Contract,True,True,True,65.88,87.84,12.3,13,13,416,10277.28,13703.04,61401.6,85381.92,0.878523,C,False,0.0,3,1667
cus_000001902736,"Tpia, Vaughn and Lee",billing@tapiavaughnandlee.com,2026-06-02,,2025-11-19,,,,,,,,,,,No Contract,True,True,True,78.63,104.84,14.68,2,2,24,1887.12,2516.16,4227.84,8631.12,1.048484,A,False,0.0,3,213
cus_000001915398,"Washington, Hardy and Bray",billing@washingtonhardyandbray.com,2026-06-14,001000000000191AAA,2025-07-09,001000000000191AAA,"Washington, Hardy and Bray",CA,,Ryan Munoz,2025-07-03,800000000000191AAA,2025-03-10,2026-03-09,12.0,Expired M2M,True,False,False,73.64,,,6,0,0,5302.08,0.0,0.0,5302.08,0.981867,B,False,0.0,3,346
cus_000001928307,"Carlson, Hooper and Wall",billing@carlsonhooperandwall.com,2026-06-07,001000000000192AAA,2025-08-20,001000000000192AAA,"Carlson, Hooper and Wall",GA,,Michele Williams,2025-07-29,800000000000192AAA,2025-09-17,2026-09-16,12.0,Locked,True,False,False,69.69,,,4,0,0,3345.12,0.0,0.0,3345.12,0.9292,B,False,0.0,2,304
cus_000001937690,Perez-White,billing@perezwhite.com,2026-06-15,001000000000193AAA,2026-04-13,001000000000193AAA,Perez-White,OH,,Dylan Miller,2026-03-31,800000000000193AAA,2023-11-29,2024-11-28,12.0,Expired M2M,True,True,False,70.42,93.89,,5,5,0,4225.2,5633.4,0.0,9858.6,0.938914,B,False,0.0,3,68
cus_000001944377,Erickson and Sons,billing@ericksonandsons.com,2026-06-01,001000000000194AAA,2024-12-16,001000000000194AAA,Erickson and Sons,TX,,Monica Herrera,2024-12-04,800000000000194AAA,2026-01-12,2027-01-11,12.0,Locked,True,False,True,70.4,,13.14,4,0,152,3379.2,0.0,23967.36,27346.56,0.938583,B,False,0.0,2,551
cus_000001951961,Williams-Brown,billing@williamsbrown.com,2026-06-08,001000000000195AAA,2025-02-07,001000000000195AAA,Williams-Brown,TX,Gina Moore,Carla Gray,2025-01-21,800000000000195AAA,2022-12-19,2024-12-18,24.0,Expired M2M,True,True,True,74.74,99.65,13.95,3,3,57,2690.64,3587.4,9541.8,15819.84,0.996463,B,False,0.0,3,498
cus_000001968633,Terry-Martinez,billing@terrymartinez.com,2026-06-13,001000000000196AAA,2023-03-17,001000000000196AAA,Terry-Martinez,OH,Cristian Santos,Derek Zuniga,2023-03-10,,,,,No Contract,True,True,False,72.7,96.93,,8,8,0,6979.2,9305.28,0.0,16284.48,0.969314,B,False,0.0,3,1191
cus_000001970567,Garcia-Smith,billing@garciasmith.com,2026-06-05,001000000000197AAA,2025-03-06,001000000000197AAA,Garcia-Smith,WA,Gina Moore,Holly Wood,2025-02-18,800000000000197AAA,2025-03-02,2026-03-01,12.0,Expired M2M,True,True,False,60.9,81.21,,1,1,0,730.8,974.52,0.0,1705.32,0.812057,C,False,0.0,3,471
cus_000001983991,Harrison-Alexader,billing@harrisonalexander.com,2026-06-03,,2026-04-29,,,,,,,,,,,No Contract,True,True,False,77.22,102.96,,1,1,0,926.64,1235.52,0.0,2162.16,1.0296,A,False,0.0,3,52
cus_000002001178,Wilson-Jones,billing@wilsonjones.com,2026-06-12,001000000000200AAA,2024-01-09,001000000000200AAA,Wilson-Jones,GA,Angie Henderson,Holly Wood,2023-12-29,800000000000200AAA,2024-10-20,2025-10-19,12.0,Expired M2M,True,False,False,71.51,,,6,0,0,5148.72,0.0,0.0,5148.72,0.953467,B,False,0.0,2,893
cus_000002012659,JonesSoto,billing@jonessoto.com,2026-06-09,,2022-07-08,,,,,,,,,,,No Contract,True,False,False,73.65,,,3,0,0,2651.4,0.0,0.0,2651.4,0.982,B,False,0.0,3,1443
cus_000002021520,Hernande PLC,billing@hernandezplc.com,2026-06-11,,2023-04-03,,,,,,,,,,,No Contract,True,True,False,74.16,98.88,,8,8,0,7119.36,9492.48,0.0,16611.84,0.9888,B,False,0.0,3,1174
cus_000002034381,Miller-Wright,billing@millerwright.com,2026-06-10,001000000000203AAA,2026-05-29,001000000000203AAA,Miller-Wright,TX,,Lisa Jackson,2026-05-25,800000000000203AAA,2026-04-30,2028-04-29,24.0,Locked,True,False,False,74.3,,,1,0,0,891.6,0.0,0.0,891.6,0.990667,B,False,0.0,2,22
cus_000002043343,"Duran, Obrien and",billing@duranobrienandgibbs.com,2026-06-03,,2024-11-08,,,,,,,,,,,No Contract,True,False,False,59.05,,,1,0,0,708.6,0.0,0.0,708.6,0.787333,C,True,11.4,4,589
cus_000002050707,Rowe Group,billing@rowegroup.com,2026-06-02,001000000000205AAA,2023-05-10,001000000000205AAA,Rowe Group,UT,,Michele Williams,2023-04-16,800000000000205AAA,2026-03-22,2027-03-21,12.0,Locked,True,True,False,70.71,94.27,,6,6,0,5091.12,6787.44,0.0,11878.56,0.942743,B,False,0.0,2,1137
cus_000002075304,"Branch, Torres and Oliver",billing@branchtorresandoliver.com,2026-06-08,001000000000207AAA,2022-11-29,001000000000207AAA,"Branch, Torres and Oliver",TN,Allison Hill,Ryan Munoz,2022-11-18,800000000000207AAA,2023-08-07,2024-08-06,12.0,Expired M2M,True,True,False,72.11,96.15,,5,5,0,4326.6,5769.0,0.0,10095.6,0.961486,B,False,0.0,2,1299
cus_000002085527,"Choi, Garcia and Farmer",billing@choigarciaandfarmer.com,2026-06-09,001000000000208AAA,2025-05-30,001000000000208AAA,"Choi, Garcia and Farmer",FL,,Monica Herrera,2025-05-08,800000000000208AAA,2024-09-28,2026-09-27,24.0,Locked,True,True,False,81.67,108.9,,12,12,0,11760.48,15681.6,0.0,27442.08,1.088971,A,False,0.0,2,386
cus_000002090013,"Clark, Guerrero and Moore",billing@clarkguerreroandmoore.com,2026-06-15,001000000000209AAA,2025-02-01,001000000000209AAA,"Clark, Guerrero and Moore",TN,Angie Henderson,Lisa Jackson,2025-01-19,800000000000209AAA,2025-02-02,2026-02-01,12.0,Expired M2M,True,False,False,79.5,,,7,0,0,6678.0,0.0,0.0,6678.0,1.06,A,False,0.0,2,504
cus_000002102542,Arnold and Sons,billing@arnoldandsons.com,2026-06-09,001000000000210AAA,2023-07-12,001000000000210AAA,Arnold and Sons,PA,,Holly Wood,2023-07-10,800000000000210AAA,2023-08-07,2024-08-06,12.0,Expired M2M,True,True,False,67.44,89.92,,6,6,0,4855.68,6474.24,0.0,11329.92,0.8992,C,False,0.0,3,1074
cus_000002110359,Ortiz Ltd,billing@ortizltd.com,2026-06-05,,2024-08-25,,,,,,,,,,,No Contract,True,True,False,57.26,76.34,,6,6,0,4122.72,5496.48,0.0,9619.2,0.763429,C,True,460.8,4,664
cus_000002125076,"Harrison, Johnson and Roberts",billing@harrisonjohnsonandroberts.com,2026-06-10,001000000000212AAA,2022-02-28,001000000000212AAA,"Harrison, Johnson and Roberts",WA,,Derek Zuniga,2022-02-05,,,,,No Contract,True,True,True,58.82,78.43,10.98,5,5,70,3529.2,4705.8,9223.2,17458.2,0.784286,C,True,181.8,3,1573
cus_000002134577,Warner-Gibson,billing@warnergibson.com,2026-05-08,001000000000213AAA,2022-12-24,001000000000213AAA,Warner-Gibson,TN,Cristian Santos,Holly Wood,2022-12-07,800000000000213AAA,2024-08-10,2025-08-09,12.0,Expired M2M,True,True,False,73.64,98.19,,5,5,0,4418.4,5891.4,0.0,10309.8,0.981886,B,False,0.0,2,1274
cus_000002148161,"Hall, Baker and Moody",billing@hallbakerandmoody.com,2026-06-11,001000000000214AAA,2022-10-02,001000000000214AAA,"Hall, Baker and Moody",GA,Gina Moore,Lisa Jackson,2022-09-13,,,,,No Contract,True,True,True,79.1,105.46,14.76,2,2,50,1898.4,2531.04,8856.0,13285.44,1.0544,A,False,0.0,2,1357
cus_000002159107,"Guerrero, Peck and Coleman",billing@guerreropeckandcoleman.com,2026-05-10,001000000000215AAA,2024-12-15,001000000000215AAA,"Guerrero, Peck and Coleman",UT,Noah Rhodes,Margaret Hawkins DDS,2024-12-09,800000000000215AAA,2025-08-13,2027-08-12,24.0,Locked,True,False,True,45.63,,8.52,2,0,62,1095.12,0.0,6338.88,7434.0,0.608546,D,True,2190.0,3,552
cus_000002167866,"Walker, Hernandez and Baker",billing@walkerhernandezandbaker.com,2026-06-07,001000000000216AAA,2025-02-03,001000000000216AAA,"Walker, Hernandez and Baker",TX,,Jamie Arnold,2025-01-14,,,,,No Contract,True,False,True,93.75,,17.5,13,0,390,14625.0,0.0,81900.0,96525.0,1.25,A,False,0.0,3,502
cus_000002175827,Jones and Sons,billing@jonesandsons.com,2026-06-12,001000000000217AAA,2022-12-21,001000000000217AAA,Jones and Sons,CO,,Monica Herrera,2022-12-21,800000000000217AAA,2026-02-06,2027-02-05,12.0,Locked,True,False,True,81.87,,15.28,1,0,16,982.44,0.0,2933.76,3916.2,1.091472,A,False,0.0,1,1277
cus_000002192878,Gonzales-Harrison,billing@gonzalesharrison.com,2026-06-13,,2023-06-07,,,,,,,,,,,No Contract,True,False,False,53.08,,,3,0,0,1910.88,0.0,0.0,1910.88,0.707733,D,True,249.12,4,1109
cus_000002204448,Lyons-Beder,billing@lyonsbender.com,2026-06-08,,2022-10-06,,,,,,,,,,,No Contract,True,True,False,68.11,90.81,,4,4,0,3269.28,4358.88,0.0,7628.16,0.908114,B,False,0.0,3,1353
cus_000002211949,"Fernandez, Kim and George",billing@fernandezkimandgeorge.com,2026-06-11,001000000000221AAA,2024-11-22,001000000000221AAA,"Fernandez, Kim and George",NY,,Michele Williams,2024-10-26,,,,,No Contract,True,False,True,45.16,,8.43,4,0,68,2167.68,0.0,6878.88,9046.56,0.602141,D,True,2809.44,4,575
cus_000002225891,Navarro-Munoz,billing@navarromunoz.com,2026-06-08,001000000000222AAA,2024-07-18,001000000000222AAA,Navarro-Munoz,NY,,Michele Williams,2024-06-23,,,,,No Contract,True,False,False,89.48,,,2,0,0,2147.52,0.0,0.0,2147.52,1.193067,A,False,0.0,3,702
cus_000002239220,Davis Ltd,billing@davisltd.com,2026-06-12,001000000000223AAA,2024-10-29,001000000000223AAA,Davis Ltd,TX,Allison Hill,Lisa Hensley,2024-10-17,800000000000223AAA,2023-09-21,2024-09-20,12.0,Expired M2M,True,True,True,68.84,91.79,12.85,1,1,37,826.08,1101.48,5705.4,7632.96,0.917864,B,False,0.0,3,599
cus_000002240457,"Matthews, Smith and Hubbard",billing@matthewssmithandhubbard.com,2026-06-03,001000000000224AAA,2025-10-01,001000000000224AAA,"Matthews, Smith and Hubbard",TX,,Lisa Hensley,2025-09-04,,,,,No Contract,True,False,False,83.55,,,6,0,0,6015.6,0.0,0.0,6015.6,1.114,A,False,0.0,3,262
cus_000002265297,Ruiz Ltd,billing@ruizltd.com,2026-06-12,001000000000226AAA,2022-02-01,001000000000226AAA,Ruiz Ltd,IL,Gina Moore,Michele Williams,2022-02-01,800000000000226AAA,2026-05-08,2027-05-07,12.0,Locked,True,False,False,68.57,,,3,0,0,2468.52,0.0,0.0,2468.52,0.914267,B,False,0.0,2,1600
cus_000002294543,Bailey-Cook,billing@baileycook.com,2026-06-08,001000000000229AAA,2023-05-24,001000000000229AAA,Bailey-Cook,NY,,Brian Ramirez,2023-05-08,800000000000229AAA,2024-06-23,2025-06-22,12.0,Expired M2M,True,False,False,60.02,,,3,0,0,2160.72,0.0,0.0,2160.72,0.800267,C,False,0.0,3,1123
cus_000002308393,"Garcia, Martin and Jenkins",billing@garciamartinandjenkins.com,2026-06-12,001000000000230AAA,2022-11-15,001000000000230AAA,"Garcia, Martin and Jenkins",GA,,Dylan Miller,2022-11-05,800000000000230AAA,2023-11-15,2025-11-14,24.0,Expired M2M,True,True,False,87.88,117.18,,2,2,0,2109.12,2812.32,0.0,4921.44,1.171771,A,False,0.0,2,1313
cus_000002317352,Roberts-Landry,billing@robertslandry.com,2026-06-10,001000000000231AAA,2024-01-04,001000000000231AAA,Roberts-Landry,IL,,Dylan Miller,2023-12-07,800000000000231AAA,2024-09-24,2025-09-23,12.0,Expired M2M,True,False,False,52.58,,,2,0,0,1261.92,0.0,0.0,1261.92,0.701067,D,True,178.08,3,898
cus_000002327484,"Johnson, Miller & King",billing@johnsonmillerandking.com,2026-06-07,,2025-12-10,,,,,,,,,,,No Contract,True,False,True,55.74,,10.4,5,0,30,3344.4,0.0,3744.0,7088.4,0.743019,D,True,471.6,4,192
cus_000002332811,Cordova Group,billing@cordovagroup.com,2026-06-05,001000000000233AAA,2024-08-13,001000000000233AAA,Cordova Group,WA,,Monica Herrera,2024-07-30,,,,,No Contract,True,False,True,54.89,,10.25,5,0,30,3293.4,0.0,3690.0,6983.4,0.732013,D,True,576.6,4,676
cus_000002346347,"Bryan, Smith and Booth",billing@bryansmithandbooth.com,2026-06-01,001000000000234AAA,2026-02-17,001000000000234AAA,"Bryan, Smith and Booth",TN,,Dylan Miller,2026-02-09,800000000000234AAA,2024-01-13,2025-01-12,12.0,Expired M2M,True,False,True,61.45,,11.47,2,0,22,1474.8,0.0,3028.08,4502.88,0.819301,C,False,0.0,3,123
cus_000002350038,Gutierrez-opez,billing@gutierrezlopez.com,2026-06-08,,2023-10-20,,,,,,,,,,,No Contract,True,True,False,49.72,66.29,,5,5,0,2983.2,3977.4,0.0,6960.6,0.662914,D,True,1439.4,4,974
cus_000002363774,Dean-Jimenez,billing@deanjimenez.com,2026-06-12,001000000000236AAA,2024-07-03,001000000000236AAA,Dean-Jimenez,UT,Daniel Wagner,Carla Gray,2024-06-26,,,,,No Contract,False,True,False,,106.98,,0,4,0,0.0,5135.04,0.0,5135.04,1.0698,A,False,0.0,3,717
cus_000002379776,Wolf-Harris,billing@wolfharris.com,2026-06-05,001000000000237AAA,2026-04-14,001000000000237AAA,Wolf-Harris,PA,Gabrielle Davis,Dylan Miller,2026-03-17,800000000000237AAA,2024-07-06,2025-07-05,12.0,Expired M2M,True,True,False,72.8,97.07,,5,5,0,4368.0,5824.2,0.0,10192.2,0.970686,B,False,0.0,3,67
cus_000002386913,"Anderson, Roberts and Gilmore",billing@andersonrobertsandgilmore.com,2026-06-01,001000000000238AAA,2025-08-02,001000000000238AAA,"Anderson, Roberts and Gilmore",UT,,Lisa Hensley,2025-07-20,800000000000238AAA,2026-04-24,2027-04-23,12.0,Locked,True,True,False,45.0,60.0,,2,2,0,1080.0,1440.0,0.0,2520.0,0.6,D,True,840.0,4,322
cus_000002390522,Martinez-Dudley,billing@martinezdudley.com,2026-05-09,001000000000239AAA,2021-10-27,001000000000239AAA,Martinez-Dudley,FL,Allison Hill,Ryan Munoz,2021-10-20,800000000000239AAA,2026-05-06,2027-05-05,12.0,Locked,True,True,False,74.42,99.22,,5,5,0,4465.2,5953.2,0.0,10418.4,0.992229,B,False,0.0,2,1697
cus_000002410881,Trn,billing@traninc.com,2026-06-02,,2026-03-12,,,,,,,,,,,No Contract,True,False,False,66.96,,,4,0,0,3214.08,0.0,0.0,3214.08,0.8928,C,False,0.0,4,100
cus_000002426839,Gay Inc,billing@gayinc.com,2026-06-13,001000000000242AAA,2022-12-05,001000000000242AAA,Gay Inc,IL,Gabrielle Davis,Holly Wood,2022-11-09,,,,,No Contract,True,True,False,50.43,67.24,,10,10,0,6051.6,8068.8,0.0,14120.4,0.6724,D,True,2679.6,4,1293
cus_000002434275,Valentine-Holland,billing@valentineholland.com,2026-06-15,001000000000243AAA,2022-04-04,001000000000243AAA,Valentine-Holland,CA,Cristian Santos,Lisa Jackson,2022-03-22,,,,,No Contract,True,True,False,72.49,96.66,,5,5,0,4349.4,5799.6,0.0,10149.0,0.966571,B,False,0.0,3,1538
cus_000002442004,Jimenez Ltd,billing@jimenezltd.com,2026-06-12,001000000000244AAA,2026-04-16,001000000000244AAA,Jimenez Ltd,AZ,Cristian Santos,Jamie Arnold,2026-04-04,800000000000244AAA,2023-11-12,2024-11-11,12.0,Expired M2M,True,True,True,66.02,88.03,12.32,7,7,42,5545.68,7394.52,6209.28,19149.48,0.880193,C,False,0.0,3,65
cus_000002465264,Baird-Sanchez,billing@bairdsanchez.com,2026-06-02,001000000000246AAA,2024-07-24,001000000000246AAA,Baird-Sanchez,NC,Gabrielle Davis,Brian Ramirez,2024-07-03,800000000000246AAA,2026-02-14,2027-02-13,12.0,Locked,True,False,False,65.29,,,4,0,0,3133.92,0.0,0.0,3133.92,0.870533,C,False,0.0,2,696
cus_000002470773,"Thomas, Lee and Greene",billing@thomasleeandgreene.com,2026-06-12,001000000000247AAA,2023-12-27,001000000000247AAA,"Thomas, Lee and Greene",GA,Abigail Shaffer,Jamie Arnold,2023-12-05,,,,,No Contract,True,True,True,81.72,108.96,15.25,3,3,42,2941.92,3922.56,7686.0,14550.48,1.089434,A,False,0.0,3,906
cus_000002482012,"Suarez, Shields and Hill",billing@suarezshieldsandhill.com,2026-06-01,001000000000248AAA,2023-10-26,001000000000248AAA,"Suarez, Shields and Hill",CO,Abigail Shaffer,Holly Wood,2023-10-18,800000000000248AAA,2025-11-17,2026-11-16,12.0,Locked,True,False,True,57.75,,10.78,8,0,128,5544.0,0.0,16558.08,22102.08,0.77,C,True,553.92,3,968
cus_000002494163,Morgan-French,billing@morganfrench.com,2026-06-05,001000000000249AAA,2024-04-27,001000000000249AAA,Morgan-French,OH,,Brian Ramirez,2024-04-12,800000000000249AAA,2025-02-14,2027-02-13,24.0,Locked,True,True,True,69.28,92.37,12.93,2,2,48,1662.72,2216.88,7447.68,11327.28,0.92362,B,False,0.0,2,784
cus_000002509159,Hoover-Campbell,billing@hoovercampbell.com,2026-06-02,001000000000250AAA,2025-07-08,001000000000250AAA,Hoover-Campbell,WA,Gabrielle Davis,Derek Zuniga,2025-07-02,800000000000250AAA,2024-10-19,2026-10-18,24.0,Locked,True,True,True,76.13,101.5,14.21,1,1,39,913.56,1218.0,6650.28,8781.84,1.015007,A,False,0.0,2,347
cus_000002512558,Monroe-Carpenter,billing@monroecarpenter.com,2026-06-15,001000000000251AAA,2024-01-29,001000000000251AAA,Monroe-Carpenter,WA,Abigail Shaffer,Margaret Hawkins DDS,2024-01-18,800000000000251AAA,2026-04-06,2027-04-05,12.0,Locked,True,False,False,61.18,,,1,0,0,734.16,0.0,0.0,734.16,0.815733,C,False,0.0,2,873
cus_000002528571,"Burns, Hernandez and Ryan",billing@burnshernandezandryan.com,2026-06-11,001000000000252AAA,2025-07-11,001000000000252AAA,"Burns, Hernandez and Ryan",GA,Noah Rhodes,Holly Wood,2025-06-13,,,,,No Contract,True,True,False,84.79,113.06,,18,18,0,18314.64,24420.96,0.0,42735.6,1.130571,A,False,0.0,3,344
cus_000002549171,Gibson-Morris,billing@gibsonmorris.com,2026-06-01,001000000000254AAA,2022-02-20,001000000000254AAA,Gibson-Morris,TX,,Holly Wood,2022-01-26,,,,,No Contract,True,False,False,55.15,,,5,0,0,3309.0,0.0,0.0,3309.0,0.735333,D,True,291.0,4,1581
cus_000002562390,"Reyes, Chase & Jenkins",billing@reyeschaseandjenkins.com,2026-06-05,,2024-09-06,,,,,,,,,,,No Contract,False,True,False,,115.12,,0,3,0,0.0,4144.32,0.0,4144.32,1.1512,A,False,0.0,3,652
cus_000002570208,Garner-Thornton,billing@garnerthornton.com,2026-05-08,001000000000257AAA,2025-06-11,001000000000257AAA,Garner-Thornton,GA,Allison Hill,Carla Gray,2025-05-27,,,,,No Contract,True,False,True,93.75,,17.5,5,0,95,5625.0,0.0,19950.0,25575.0,1.25,A,False,0.0,3,374
cus_000002588543,Hughes-Alvarado,billing@hughesalvarado.com,2026-06-04,001000000000258AAA,2023-04-14,001000000000258AAA,Hughes-Alvarado,PA,,Lisa Jackson,2023-04-09,,,,,No Contract,True,False,False,65.28,,,3,0,0,2350.08,0.0,0.0,2350.08,0.8704,C,False,0.0,3,1163
cus_000002598030,"Pollard, Simpson and Johnson",billing@pollardsimpsonandjohnson.com,2026-06-05,001000000000259AAA,2023-09-11,001000000000259AAA,"Pollard, Simpson and Johnson",TN,,Ryan Munoz,2023-08-30,,,,,No Contract,True,False,True,93.75,,17.5,2,0,72,2250.0,0.0,15120.0,17370.0,1.25,A,False,0.0,3,1013
cus_000002608604,"Sanford, Rivera and Garcia",billing@sanfordriveraandgarcia.com,2026-06-07,001000000000260AAA,2025-12-28,001000000000260AAA,"Sanford, Rivera and Garcia",IL,,Derek Zuniga,2025-12-09,,,,,No Contract,True,False,False,51.06,,,6,0,0,3676.32,0.0,0.0,3676.32,0.6808,D,True,643.68,4,174
cus_000002611571,Garcia-Lozano,billing@garcialozano.com,2026-06-01,001000000000261AAA,2025-02-05,001000000000261AAA,Garcia-Lozano,TX,Gina Moore,Brian Ramirez,2025-01-14,,,,,No Contract,True,True,False,67.88,90.5,,10,10,0,8145.6,10860.0,0.0,19005.6,0.905029,B,False,0.0,4,500
cus_000002638883,"Booker, Jones and Harrington",billing@bookerjonesandharrington.com,2026-06-04,001000000000263AAA,2023-08-22,001000000000263AAA,"Booker, Jones and Harrington",NY,,Lisa Hensley,2023-07-27,800000000000263AAA,2025-08-08,2027-08-07,24.0,Locked,True,True,True,83.07,110.76,15.51,1,1,36,996.84,1329.12,6700.32,9026.28,1.107791,A,False,0.0,1,1033
cus_000002640463,Morgan-Schwartz,billing@morganschwartz.com,2026-06-15,001000000000264AAA,2024-01-07,001000000000264AAA,Morgan-Schwartz,NC,,Holly Wood,2023-12-27,800000000000264AAA,2021-09-13,2024-09-12,36.0,Expired M2M,False,True,True,,118.06,16.53,0,6,234,0.0,8500.32,46416.24,54916.56,1.180697,A,False,0.0,2,895
cus_000002650941,"Miller, Murphy and Craig",billing@millermurphyandcraig.com,2026-06-07,001000000000265AAA,2022-12-11,001000000000265AAA,"Miller, Murphy and Craig",TN,,Jamie Arnold,2022-12-03,,,,,No Contract,True,False,False,70.5,,,4,0,0,3384.0,0.0,0.0,3384.0,0.94,B,False,0.0,3,1287
cus_000002669673,"James, Stewart and Higgins",billing@jamesstewartandhiggins.com,2026-06-06,001000000000266AAA,2025-11-20,001000000000266AAA,"James, Stewart and Higgins",TX,,Ryan Munoz,2025-11-15,800000000000266AAA,2025-04-27,2026-04-26,12.0,Expired M2M,True,False,False,57.7,,,5,0,0,3462.0,0.0,0.0,3462.0,0.769333,C,True,138.0,4,212
cus_000002676413,Brennan-Johnson,billing@brennanjohnson.com,2026-06-12,001000000000267AAA,2026-03-30,001000000000267AAA,Brennan-Johnson,GA,Abigail Shaffer,Michele Williams,2026-03-06,,,,,No Contract,True,True,True,45.0,60.0,8.4,3,3,111,1620.0,2160.0,11188.8,14968.8,0.6,D,True,4723.2,5,82
cus_000002688808,Young Ltd,billing@youngltd.com,2026-06-03,001000000000268AAA,2026-04-25,001000000000268AAA,Young Ltd,OH,,Lisa Hensley,2026-04-15,,,,,No Contract,False,True,True,,84.64,11.85,0,3,54,0.0,3047.04,7678.8,10725.84,0.84642,C,False,0.0,4,56
cus_000002696968,Bright-Francis,billing@brightfrancis.com,2026-05-13,001000000000269AAA,2022-08-30,001000000000269AAA,Bright-Francis,IL,,Carla Gray,2022-08-16,800000000000269AAA,2025-09-27,2026-09-26,12.0,Locked,True,True,True,78.17,104.23,14.59,17,17,153,15946.68,21262.92,26787.24,63996.84,1.042226,A,False,0.0,1,1390
cus_000002701073,Good-Hodges,billing@goodhodges.com,2026-06-05,001000000000270AAA,2024-09-23,001000000000270AAA,Good-Hodges,AZ,,Michele Williams,2024-09-17,,,,,No Contract,True,True,False,59.05,78.74,,2,2,0,1417.2,1889.76,0.0,3306.96,0.787371,C,True,53.04,4,635
cus_000002717480,"Brennan, Wallace and Benson",billing@brennanwallaceandbenson.com,2026-06-04,001000000000271AAA,2025-12-19,001000000000271AAA,"Brennan, Wallace and Benson",NY,,Jamie Arnold,2025-11-29,,,,,No Contract,True,True,False,58.87,78.49,,8,8,0,5651.52,7535.04,0.0,13186.56,0.784914,C,True,253.44,4,183
cus_000002725210,Williams Inc,billing@williamsinc.com,2026-06-01,001000000000272AAA,2022-07-16,001000000000272AAA,Williams Inc,UT,Allison Hill,Derek Zuniga,2022-06-23,,,,,No Contract,True,True,True,69.39,92.52,12.95,3,3,78,2498.04,3330.72,12121.2,17949.96,0.925065,B,False,0.0,3,1435
cus_000002736911,Howard-Jordan,billing@howardjordan.com,2026-06-09,001000000000273AAA,2023-04-18,001000000000273AAA,Howard-Jordan,TX,Connie Lawrence,Dylan Miller,2023-04-08,,,,,No Contract,True,True,False,80.57,107.43,,1,1,0,966.84,1289.16,0.0,2256.0,1.074286,A,False,0.0,2,1159
cus_000002742939,Schmidt PC,billing@schmidtplc.com,2026-06-15,,2023-03-31,,,,,,,,,,,No Contract,True,True,True,76.11,101.47,14.21,3,3,105,2739.96,3652.92,17904.6,24297.48,1.014932,A,False,0.0,2,1177
cus_000002776877,"Thomas, Murray and King",billing@thomasmurrayandking.com,2026-06-10,001000000000277AAA,2022-11-26,001000000000277AAA,"Thomas, Murray and King",CA,,Lisa Jackson,2022-11-05,800000000000277AAA,2023-08-15,2024-08-14,12.0,Expired M2M,True,True,False,81.28,108.37,,6,6,0,5852.16,7802.64,0.0,13654.8,1.083714,A,False,0.0,2,1302
cus_000002786048,Estrada-Nolan,billing@estradanolan.com,2026-06-04,001000000000278AAA,2024-07-14,001000000000278AAA,Estrada-Nolan,CA,Angie Henderson,Dylan Miller,2024-07-07,800000000000278AAA,2025-12-18,2026-12-17,12.0,Locked,True,True,True,57.71,76.95,10.77,4,4,124,2770.08,3693.6,16025.76,22489.44,0.769343,C,True,598.56,3,706
cus_000002798071,Santana-Byrd,billing@santanabyrd.com,2026-06-11,001000000000279AAA,2024-05-28,001000000000279AAA,Santana-Byrd,IL,,Ryan Munoz,2024-05-12,,,,,No Contract,True,True,True,75.48,100.64,14.09,6,6,132,5434.56,7246.08,22318.56,34999.2,1.006418,A,False,0.0,3,753
cus_000002805450,Jones LLC,billing@jonesllc.com,2026-06-14,001000000000280AAA,2022-01-21,001000000000280AAA,Jones LLC,CA,,Lisa Jackson,2022-01-12,,,,,No Contract,True,True,False,58.5,78.0,,3,3,0,2106.0,2808.0,0.0,4914.0,0.78,C,True,126.0,3,1611
cus_000002810100,"Evans, Hayden and Vaughn",billing@evanshaydenandvaughn.com,2026-06-02,001000000000281AAA,2023-06-06,001000000000281AAA,"Evans, Hayden and Vaughn",PA,,Ryan Munoz,2023-05-21,800000000000281AAA,2026-02-08,2027-02-07,12.0,Locked,True,False,False,81.99,,,1,0,0,983.88,0.0,0.0,983.88,1.0932,A,False,0.0,1,1110
cus_000002823450,Bruce-Gonzalez,billing@brucegonzalez.com,2026-06-13,001000000000282AAA,2024-03-31,001000000000282AAA,Bruce-Gonzalez,GA,,Dylan Miller,2024-03-12,,,,,No Contract,True,False,False,62.86,,,7,0,0,5280.24,0.0,0.0,5280.24,0.838133,C,False,0.0,4,811
cus_000002833644,Castaneda-Rodriguez,billing@castanedarodriguez.com,2026-06-09,001000000000283AAA,2021-12-20,001000000000283AAA,Castaneda-Rodriguez,IL,,Lisa Hensley,2021-11-21,800000000000283AAA,2023-01-08,2026-01-07,36.0,Expired M2M,True,True,True,71.36,95.14,13.32,2,2,44,1712.64,2283.36,7032.96,11028.96,0.951429,B,False,0.0,2,1643
cus_000002846808,Armstrong-Andrews,billing@armstrongandrews.com,2026-06-05,001000000000284AAA,2022-04-03,001000000000284AAA,Armstrong-Andrews,GA,,Dylan Miller,2022-03-21,800000000000284AAA,2026-04-29,2027-04-28,12.0,Locked,True,False,False,82.98,,,5,0,0,4978.8,0.0,0.0,4978.8,1.1064,A,False,0.0,1,1539
cus_000002857081,"Phillips, Spence and",billing@phillipsspenceandbarrett.com,2026-06-11,,2023-08-18,,,,,,,,,,,No Contract,True,False,True,45.0,,8.4,2,0,38,1080.0,0.0,3830.4,4910.4,0.6,D,True,1545.6,4,1037
cus_000002865779,Smith-Grimes,billing@smithgrimes.com,2026-06-07,001000000000286AAA,2022-11-28,001000000000286AAA,Smith-Grimes,UT,,Brian Ramirez,2022-11-01,800000000000286AAA,2024-05-18,2025-05-17,12.0,Expired M2M,True,True,True,82.95,110.6,15.48,3,3,111,2986.2,3981.6,20619.36,27587.16,1.105786,A,False,0.0,2,1300
cus_000002873175,"Beltran, Lozano & Mcgee",billing@beltranlozanoandmcgee.com,2026-06-12,,2024-03-31,,,,,,,,,,,No Contract,True,True,False,85.56,114.08,,2,2,0,2053.44,2737.92,0.0,4791.36,1.1408,A,False,0.0,3,811
cus_000002885694,ParsonsHall,billing@parsonshall.com,2026-06-14,,2024-04-27,,,,,,,,,,,No Contract,True,True,True,75.48,100.64,14.09,1,1,21,905.76,1207.68,3550.68,5664.12,1.006418,A,False,0.0,3,784
cus_000002899214,Robinon-Lee,billing@robinsonlee.com,2026-06-08,,2024-12-02,,,,,,,,,,,No Contract,True,False,False,65.5,,,3,0,0,2358.0,0.0,0.0,2358.0,0.873333,C,False,0.0,4,565
cus_000002904026,Byr-Le,billing@byrdle.com,2026-06-07,,2023-07-08,,,,,,,,,,,No Contract,True,False,True,45.0,,8.4,2,0,70,1080.0,0.0,7056.0,8136.0,0.6,D,True,2544.0,4,1078
cus_000002911585,"Becker, Talor and Davis",billing@beckertayloranddavis.com,2026-06-15,,2023-05-13,,,,,,,,,,,No Contract,True,True,False,45.0,60.0,,2,2,0,1080.0,1440.0,0.0,2520.0,0.6,D,True,840.0,4,1134
cus_000002923606,"Lucas, Parker and Alexander",billing@lucasparkerandalexander.com,2026-06-03,001000000000292AAA,2024-01-18,001000000000292AAA,"Lucas, Parker and Alexander",FL,,Lisa Jackson,2024-01-16,,,,,No Contract,True,True,False,71.58,95.44,,1,1,0,858.96,1145.28,0.0,2004.24,0.9544,B,False,0.0,3,884
cus_000002934118,"Diaz, Anderson and",billing@diazandersonandbrowning.com,2026-06-01,,2023-05-21,,,,,,,,,,,No Contract,True,True,False,59.11,78.81,,4,4,0,2837.28,3782.88,0.0,6620.16,0.788114,C,True,99.84,4,1126
cus_000002946035,Burgess-Thompson,billing@burgessthompson.com,2026-06-04,001000000000294AAA,2023-05-22,001000000000294AAA,Burgess-Thompson,TX,,Jamie Arnold,2023-05-09,800000000000294AAA,2025-09-11,2026-09-10,12.0,Locked,True,True,True,77.21,102.94,14.41,7,7,140,6485.64,8646.96,24208.8,39341.4,1.029341,A,False,0.0,1,1125
cus_000002953375,Buchanan LLC,billing@buchananllc.com,2026-06-03,001000000000295AAA,2023-01-22,001000000000295AAA,Buchanan LLC,WA,Cristian Santos,Ryan Munoz,2023-01-15,800000000000295AAA,2025-12-01,2026-11-30,12.0,Locked,True,True,False,45.0,60.0,,2,2,0,1080.0,1440.0,0.0,2520.0,0.6,D,True,840.0,3,1245
cus_000002962607,"Shaw, Nelson and Martin",billing@shawnelsonandmartin.com,2026-06-01,001000000000296AAA,2025-09-22,001000000000296AAA,"Shaw, Nelson and Martin",TN,Connie Lawrence,Jamie Arnold,2025-09-15,800000000000296AAA,2024-08-15,2026-08-14,24.0,Locked,True,False,True,70.56,,13.17,5,0,170,4233.6,0.0,26866.8,31100.4,0.940726,B,False,0.0,2,271
cus_000002977186,Coffey-Phillips,billing@coffeyphillips.com,2026-06-11,001000000000297AAA,2022-04-04,001000000000297AAA,Coffey-Phillips,UT,Daniel Wagner,Monica Herrera,2022-03-25,800000000000297AAA,2024-09-26,2025-09-25,12.0,Expired M2M,True,True,False,66.04,88.05,,10,10,0,7924.8,10566.0,0.0,18490.8,0.880514,C,False,0.0,2,1538
cus_000003003271,"Ramsey, Whitney and Coffey",billing@ramseywhitneyandcoffey.com,2026-06-13,001000000000300AAA,2025-02-13,001000000000300AAA,"Ramsey, Whitney and Coffey",TX,,Monica Herrera,2025-01-17,800000000000300AAA,2024-05-23,2025-05-22,12.0,Expired M2M,True,True,True,76.51,102.02,14.28,5,5,165,4590.6,6121.2,28274.4,38986.2,1.020047,A,False,0.0,2,492
cus_000003018761,"Diaz, Gibbs and Smith",billing@diazgibbsandsmith.com,2026-06-13,001000000000301AAA,2025-08-09,001000000000301AAA,"Diaz, Gibbs and Smith",UT,,Margaret Hawkins DDS,2025-07-28,800000000000301AAA,2022-01-04,2025-01-03,36.0,Expired M2M,True,True,False,61.85,82.46,,3,3,0,2226.6,2968.56,0.0,5195.16,0.824629,C,False,0.0,3,315
cus_000003045998,Rodriguez-Hall,billing@rodriguezhall.com,2026-06-14,001000000000304AAA,2023-10-01,001000000000304AAA,Rodriguez-Hall,CA,Angie Henderson,Derek Zuniga,2023-09-11,,,,,No Contract,True,True,True,86.03,114.71,16.06,7,7,210,7226.52,9635.64,40471.2,57333.36,1.147126,A,False,0.0,3,993
cus_000003051070,Harvey PLC,billing@harveyplc.com,2026-05-12,001000000000305AAA,2025-06-10,001000000000305AAA,Harvey PLC,OH,,Margaret Hawkins DDS,2025-06-10,800000000000305AAA,2025-12-09,2026-12-08,12.0,Locked,True,False,False,87.72,,,3,0,0,3157.92,0.0,0.0,3157.92,1.1696,A,False,0.0,2,375
cus_000003075071,Reid Group,billing@reidgroup.com,2026-06-10,001000000000307AAA,2026-01-08,001000000000307AAA,Reid Group,WA,,Holly Wood,2025-12-12,,,,,No Contract,True,True,True,60.23,80.3,11.24,9,9,315,6504.84,8672.4,42487.2,57664.44,0.802902,C,False,0.0,4,163
cus_000003082863,"Turner, Ortiz and Taylor",billing@turnerortizandtaylor.com,2026-06-07,001000000000308AAA,2024-08-23,001000000000308AAA,"Turner, Ortiz and Taylor",NY,Allison Hill,Lisa Jackson,2024-08-10,800000000000308AAA,2023-11-22,2024-11-21,12.0,Expired M2M,True,True,False,66.82,89.09,,2,2,0,1603.68,2138.16,0.0,3741.84,0.890914,C,False,0.0,3,666
cus_000003092149,Torres Group,billing@torresgroup.com,2026-06-01,001000000000309AAA,2025-10-04,001000000000309AAA,Torres Group,GA,,Dylan Miller,2025-10-03,800000000000309AAA,2025-01-12,2027-01-11,24.0,Locked,True,False,False,77.58,,,1,0,0,930.96,0.0,0.0,930.96,1.0344,A,False,0.0,2,259
cus_000003107031,Davis PLC,billing@davisplc.com,2026-06-07,001000000000310AAA,2024-08-30,001000000000310AAA,Davis PLC,FL,Gina Moore,Holly Wood,2024-08-23,800000000000310AAA,2026-04-02,2027-04-01,12.0,Locked,True,False,True,62.51,,11.67,1,0,18,750.12,0.0,2520.72,3270.84,0.833547,C,False,0.0,3,659
cus_000003115469,Price LLC,billing@pricellc.com,2026-06-10,001000000000311AAA,2024-05-23,001000000000311AAA,Price LLC,OH,,Michele Williams,2024-05-03,,,,,No Contract,True,False,False,58.34,,,1,0,0,700.08,0.0,0.0,700.08,0.777867,C,True,19.92,4,758
cus_000003128396,"avery, horton and fernandez",billing@averyhortonandfernandez.com,2026-06-10,,2024-03-03,,,,,,,,,,,No Contract,True,True,False,72.74,96.98,,21,21,0,18330.48,24438.96,0.0,42769.44,0.969829,B,False,0.0,3,839
cus_000003139106,"Newton, Moore and Perry",billing@newtonmooreandperry.com,2026-06-03,001000000000313AAA,2023-02-15,001000000000313AAA,"Newton, Moore and Perry",AZ,,Lisa Hensley,2023-02-01,800000000000313AAA,2025-12-04,2026-12-03,12.0,Locked,False,True,False,,90.77,,0,3,0,0.0,3267.72,0.0,3267.72,0.9077,B,False,0.0,2,1221
cus_000003140406,Bass PLC,billing@bassplc.com,2026-06-06,001000000000314AAA,2022-06-04,001000000000314AAA,Bass PLC,NC,,Carla Gray,2022-05-28,800000000000314AAA,2025-08-04,2027-08-03,24.0,Locked,True,True,False,89.53,119.37,,2,2,0,2148.72,2864.88,0.0,5013.6,1.193714,A,False,0.0,1,1477
cus_000003163144,"Wood, Ramos and Sampson",billing@woodramosandsampson.com,2026-06-12,001000000000316AAA,2025-07-03,001000000000316AAA,"Wood, Ramos and Sampson",FL,Daniel Wagner,Dylan Miller,2025-06-28,800000000000316AAA,2026-03-20,2027-03-19,12.0,Locked,True,True,False,81.85,109.13,,5,5,0,4911.0,6547.8,0.0,11458.8,1.091314,A,False,0.0,2,352
cus_000003172917,Garcia-Jennings,billing@garciajennings.com,2026-06-13,001000000000317AAA,2025-11-11,001000000000317AAA,Garcia-Jennings,OH,Daniel Wagner,Derek Zuniga,2025-11-04,800000000000317AAA,2026-04-20,2027-04-19,12.0,Locked,True,True,True,86.21,114.95,16.09,3,3,72,3103.56,4138.2,13901.76,21143.52,1.149354,A,False,0.0,2,221
cus_000003187408,"Winters, Newman and Brown",billing@wintersnewmanandbrown.com,2026-06-02,001000000000318AAA,2021-11-14,001000000000318AAA,"Winters, Newman and Brown",GA,Abigail Shaffer,Lisa Jackson,2021-10-20,800000000000318AAA,2025-03-01,2026-02-28,12.0,Expired M2M,True,True,True,83.77,111.69,15.64,2,2,18,2010.48,2680.56,3378.24,8069.28,1.11701,A,False,0.0,2,1679
cus_000003190465,Lopez-Martinez,billing@lopezmartinez.com,2026-06-10,001000000000319AAA,2026-04-01,001000000000319AAA,Lopez-Martinez,TN,Abigail Shaffer,Monica Herrera,2026-03-10,800000000000319AAA,2026-02-28,2027-02-27,12.0,Locked,True,False,False,93.75,,,5,0,0,5625.0,0.0,0.0,5625.0,1.25,A,False,0.0,2,80
cus_000003207523,Davis-Lewis,billing@davislewis.com,2026-06-13,001000000000320AAA,2023-08-14,001000000000320AAA,Davis-Lewis,OH,,Jamie Arnold,2023-07-27,800000000000320AAA,2023-06-29,2025-06-28,24.0,Expired M2M,True,False,False,62.41,,,6,0,0,4493.52,0.0,0.0,4493.52,0.832133,C,False,0.0,3,1041
cus_000003218712,"Harper, Smith and Buchanan",billing@harpersmithandbuchanan.com,2026-06-15,001000000000321AAA,2023-04-02,001000000000321AAA,"Harper, Smith and Buchanan",PA,,Jamie Arnold,2023-04-01,,,,,No Contract,True,True,False,73.79,98.39,,1,1,0,885.48,1180.68,0.0,2066.16,0.983886,B,False,0.0,3,1175
cus_000003226996,zhang plc,billing@zhangplc.com,2026-05-02,,2023-07-31,,,,,,,,,,,No Contract,False,True,True,,110.63,15.49,0,2,16,0.0,2655.12,2974.08,5629.2,1.106368,A,False,0.0,3,1055
cus_000003234999,Jones PLC,billing@jonesplc.com,2026-06-13,001000000000323AAA,2026-04-07,001000000000323AAA,Jones PLC,FL,Cristian Santos,Michele Williams,2026-04-05,,,,,No Contract,False,True,True,,93.82,13.13,0,2,24,0.0,2251.68,3781.44,6033.12,0.937985,B,False,0.0,4,74
cus_000003247462,Willis and Sons,billing@willisandsons.com,2026-06-11,001000000000324AAA,2024-05-20,001000000000324AAA,Willis and Sons,AZ,,Ryan Munoz,2024-04-28,,,,,No Contract,True,True,False,67.68,90.25,,2,2,0,1624.32,2166.0,0.0,3790.32,0.902457,B,False,0.0,3,761
cus_000003254640,Schroeder-Kramer,billing@schroederkramer.com,2026-06-07,001000000000325AAA,2022-01-13,001000000000325AAA,Schroeder-Kramer,TX,Gabrielle Davis,Holly Wood,2022-01-04,800000000000325AAA,2025-11-10,2028-11-09,36.0,Locked,True,False,False,81.13,,,5,0,0,4867.8,0.0,0.0,4867.8,1.081733,A,False,0.0,1,1619
cus_000003260172,"Smith, Garrison and Thomas",billing@smithgarrisonandthomas.com,2026-06-05,001000000000326AAA,2025-02-20,001000000000326AAA,"Smith, Garrison and Thomas",OH,Angie Henderson,Michele Williams,2025-01-24,,,,,No Contract,True,False,False,67.76,,,9,0,0,7318.08,0.0,0.0,7318.08,0.903467,B,False,0.0,4,485
cus_000003271842,Fernandez and Sons,billing@fernandezandsons.com,2026-05-14,001000000000327AAA,2022-07-25,001000000000327AAA,Fernandez and Sons,UT,,Ryan Munoz,2022-06-30,,,,,No Contract,False,True,False,,82.86,,0,8,0,0.0,7954.56,0.0,7954.56,0.8286,C,False,0.0,3,1426
cus_000003285887,Guerrero Inc,billing@guerreroinc.com,2026-06-07,001000000000328AAA,2022-12-30,001000000000328AAA,Guerrero Inc,WA,,Lisa Jackson,2022-12-10,800000000000328AAA,2026-02-20,2027-02-19,12.0,Locked,True,True,False,93.75,125.0,,2,2,0,2250.0,3000.0,0.0,5250.0,1.25,A,False,0.0,1,1268
cus_000003296941,Smith and Sons,billing@smithandsons.com,2026-05-06,001000000000329AAA,2024-04-12,001000000000329AAA,Smith and Sons,WA,Cristian Santos,Dylan Miller,2024-03-18,,,,,No Contract,True,False,False,76.27,,,1,0,0,915.24,0.0,0.0,915.24,1.016933,A,False,0.0,3,799
cus_000003300334,"Morris, Thompson and Williams",billing@morristhompsonandwilliams.com,2026-06-06,001000000000330AAA,2022-03-21,001000000000330AAA,"Morris, Thompson and Williams",CA,,Carla Gray,2022-02-20,800000000000330AAA,2022-04-15,2025-04-14,36.0,Expired M2M,True,True,False,81.99,109.33,,2,2,0,1967.76,2623.92,0.0,4591.68,1.093257,A,False,0.0,2,1552
cus_000003310433,"Fisher, Wilson and Brown",billing@fisherwilsonandbrown.com,2026-06-04,001000000000331AAA,2025-01-30,001000000000331AAA,"Fisher, Wilson and Brown",TX,Gina Moore,Holly Wood,2025-01-01,800000000000331AAA,2025-05-14,2027-05-13,24.0,Locked,True,True,True,56.53,75.37,10.55,5,5,135,3391.8,4522.2,17091.0,25005.0,0.753617,C,True,1215.0,3,506
cus_000003322612,Strickland-Palmer,billing@stricklandpalmer.com,2026-06-15,001000000000332AAA,2023-01-21,001000000000332AAA,Strickland-Palmer,IL,,Brian Ramirez,2022-12-27,,,,,No Contract,True,True,False,57.92,77.22,,3,3,0,2085.12,2779.92,0.0,4865.04,0.772229,C,True,174.96,4,1246
cus_000003330834,Hayes and Sons,billing@hayesandsons.com,2026-06-04,001000000000333AAA,2023-03-27,001000000000333AAA,Hayes and Sons,TN,Connie Lawrence,Lisa Hensley,2023-03-14,800000000000333AAA,2025-03-28,2027-03-27,24.0,Locked,True,False,False,59.18,,,3,0,0,2130.48,0.0,0.0,2130.48,0.789067,C,True,29.52,2,1181
cus_000003345418,"Williams, Logan and Camacho",billing@williamsloganandcamacho.com,2026-05-13,001000000000334AAA,2025-09-05,001000000000334AAA,"Williams, Logan and Camacho",FL,,Derek Zuniga,2025-08-08,800000000000334AAA,2025-09-17,2026-09-16,12.0,Locked,True,True,True,62.71,83.61,11.71,11,11,385,8277.72,11036.52,54100.2,73414.44,0.836346,C,False,0.0,3,288
cus_000003351236,"Turner, Schneider and Johnson",billing@turnerschneiderandjohnson.com,2026-05-01,001000000000335AAA,2022-04-24,001000000000335AAA,"Turner, Schneider and Johnson",OH,,Lisa Hensley,2022-04-23,800000000000335AAA,2025-05-20,2026-05-19,12.0,Expired M2M,True,True,False,73.9,98.53,,3,3,0,2660.4,3547.08,0.0,6207.48,0.985314,B,False,0.0,2,1518
cus_000003366481,boone-simmons,billing@boonesimmons.com,2026-05-11,,2022-08-30,,,,,,,,,,,No Contract,True,True,False,63.63,84.84,,7,7,0,5344.92,7126.56,0.0,12471.48,0.8484,C,False,0.0,3,1390
cus_000003370383,Henry Group,billing@henrygroup.com,2026-06-13,001000000000337AAA,2024-02-24,001000000000337AAA,Henry Group,CA,,Ryan Munoz,2024-01-26,800000000000337AAA,2024-07-07,2025-07-06,12.0,Expired M2M,True,False,False,76.36,,,6,0,0,5497.92,0.0,0.0,5497.92,1.018133,A,False,0.0,2,847
cus_000003385326,Lam LLC,billing@lamllc.com,2026-06-03,001000000000338AAA,2026-04-23,001000000000338AAA,Lam LLC,UT,,Derek Zuniga,2026-03-26,,,,,No Contract,True,False,True,93.75,,17.5,9,0,108,10125.0,0.0,22680.0,32805.0,1.25,A,False,0.0,3,58
cus_000003391266,"Hernandez, Martinez and Weber",billing@hernandezmartinezandweber.com,2026-06-14,001000000000339AAA,2024-10-02,001000000000339AAA,"Hernandez, Martinez and Weber",NC,,Carla Gray,2024-09-24,,,,,No Contract,True,False,False,71.13,,,6,0,0,5121.36,0.0,0.0,5121.36,0.9484,B,False,0.0,4,626
cus_000003404548,"Kelley, Nguyen and Vang",billing@kelleynguyenandvang.com,2026-06-08,001000000000340AAA,2025-12-06,001000000000340AAA,"Kelley, Nguyen and Vang",WA,,Holly Wood,2025-12-06,800000000000340AAA,2024-09-25,2025-09-24,12.0,Expired M2M,True,False,False,51.94,,,11,0,0,6856.08,0.0,0.0,6856.08,0.692533,D,True,1063.92,4,196
cus_000003411029,"Phillips, Wagner and Jordan",billing@phillipswagnerandjordan.com,2026-06-05,001000000000341AAA,2024-07-09,001000000000341AAA,"Phillips, Wagner and Jordan",AZ,Abigail Shaffer,Brian Ramirez,2024-06-30,800000000000341AAA,2025-04-21,2028-04-20,36.0,Locked,True,False,False,62.52,,,4,0,0,3000.96,0.0,0.0,3000.96,0.8336,C,False,0.0,3,711
cus_000003427369,"Wilson, Pena and Rich",billing@wilsonpenaandrich.com,2026-06-02,001000000000342AAA,2025-07-12,001000000000342AAA,"Wilson, Pena and Rich",OH,,Lisa Jackson,2025-06-21,,,,,No Contract,True,False,False,47.84,,,4,0,0,2296.32,0.0,0.0,2296.32,0.637867,D,True,583.68,5,343
cus_000003430867,"Le, Lewis and Hayes",billing@lelewisandhayes.com,2026-06-01,001000000000343AAA,2025-12-01,001000000000343AAA,"Le, Lewis and Hayes",CO,,Derek Zuniga,2025-11-30,,,,,No Contract,True,False,False,86.7,,,14,0,0,14565.6,0.0,0.0,14565.6,1.156,A,False,0.0,3,201
cus_000003446559,Gutierrez Group,billing@gutierrezgroup.com,2026-06-05,001000000000344AAA,2026-03-25,001000000000344AAA,Gutierrez Group,IL,Gina Moore,Dylan Miller,2026-03-15,800000000000344AAA,2022-10-06,2024-10-05,24.0,Expired M2M,True,True,False,71.48,95.3,,3,3,0,2573.28,3430.8,0.0,6004.08,0.953029,B,False,0.0,3,87
cus_000003457920,Perry-Davis,billing@perrydavis.com,2026-06-10,001000000000345AAA,2025-02-02,001000000000345AAA,Perry-Davis,IL,,Dylan Miller,2025-01-25,800000000000345AAA,2025-02-01,2027-01-31,24.0,Locked,True,True,False,81.59,108.78,,4,4,0,3916.32,5221.44,0.0,9137.76,1.087829,A,False,0.0,2,503
cus_000003463627,Edwards-Scott,billing@edwardsscott.com,2026-06-13,001000000000346AAA,2023-12-07,001000000000346AAA,Edwards-Scott,CA,,Derek Zuniga,2023-12-01,800000000000346AAA,2026-04-04,2027-04-03,12.0,Locked,True,True,False,68.71,91.61,,4,4,0,3298.08,4397.28,0.0,7695.36,0.916114,B,False,0.0,2,926
cus_000003472664,Mcdaniel Group,billing@mcdanielgroup.com,2026-06-08,001000000000347AAA,2023-07-15,001000000000347AAA,Mcdaniel Group,PA,,Carla Gray,2023-06-24,800000000000347AAA,2023-12-29,2024-12-28,12.0,Expired M2M,True,True,False,93.75,125.0,,11,11,0,12375.0,16500.0,0.0,28875.0,1.25,A,False,0.0,2,1071
cus_000003484711,Davis Inc,billing@davisinc.com,2026-06-07,001000000000348AAA,2026-01-06,001000000000348AAA,Davis Inc,NY,Angie Henderson,Brian Ramirez,2025-12-18,800000000000348AAA,2025-11-21,2026-11-20,12.0,Locked,True,True,False,86.46,115.28,,3,3,0,3112.56,4150.08,0.0,7262.64,1.1528,A,False,0.0,2,165
cus_000003490786,Reynolds Ltd,billing@reynoldsltd.com,2026-06-08,001000000000349AAA,2025-05-06,001000000000349AAA,Reynolds Ltd,GA,Cristian Santos,Dylan Miller,2025-04-20,,,,,No Contract,True,True,False,58.27,77.69,,2,2,0,1398.48,1864.56,0.0,3263.04,0.776914,C,True,96.96,4,410
cus_000003504585,"Watson, Anderson and Brown",billing@watsonandersonandbrown.com,2026-06-10,001000000000350AAA,2023-09-08,001000000000350AAA,"Watson, Anderson and Brown",PA,,Lisa Hensley,2023-08-12,,,,,No Contract,True,True,True,45.73,60.97,8.54,2,2,38,1097.52,1463.28,3894.24,6455.04,0.609887,D,True,1920.96,4,1016
cus_000003514234,"Hoffman, Santiago and Jenkins",billing@hoffmansantiagoandjenkins.com,2026-06-01,001000000000351AAA,2023-10-14,001000000000351AAA,"Hoffman, Santiago and Jenkins",CA,Daniel Wagner,Michele Williams,2023-10-11,800000000000351AAA,2024-10-07,2025-10-06,12.0,Expired M2M,True,True,True,67.48,89.97,12.6,6,6,60,4858.56,6477.84,9072.0,20408.4,0.899841,C,False,0.0,3,980
cus_000003526971,"Pugh, Henderson and Moon",billing@pughhendersonandmoon.com,2026-05-15,001000000000352AAA,2023-11-10,001000000000352AAA,"Pugh, Henderson and Moon",FL,,Brian Ramirez,2023-11-06,800000000000352AAA,2026-01-02,2027-01-01,12.0,Locked,True,False,False,86.6,,,6,0,0,6235.2,0.0,0.0,6235.2,1.154667,A,False,0.0,1,953
cus_000003539089,Schmitt PLC,billing@schmittplc.com,2026-06-05,001000000000353AAA,2022-10-30,001000000000353AAA,Schmitt PLC,GA,,Margaret Hawkins DDS,2022-10-19,,,,,No Contract,True,False,True,71.55,,13.36,3,0,51,2575.8,0.0,8176.32,10752.12,0.954217,B,False,0.0,3,1329
cus_000003557844,Moore Group,billing@mooregroup.com,2026-06-10,001000000000355AAA,2026-06-05,001000000000355AAA,Moore Group,NC,,Jamie Arnold,2026-05-17,,,,,No Contract,False,True,False,,97.44,,0,5,0,0.0,5846.4,0.0,5846.4,0.9744,B,False,0.0,4,15
cus_000003564648,Boone LLC,billing@boonellc.com,2026-06-09,001000000000356AAA,2023-09-24,001000000000356AAA,Boone LLC,TX,Daniel Wagner,Margaret Hawkins DDS,2023-09-07,800000000000356AAA,2024-11-25,2025-11-24,12.0,Expired M2M,True,False,False,67.28,,,3,0,0,2422.08,0.0,0.0,2422.08,0.897067,C,False,0.0,3,1000
cus_000003571826,"Richardson, Farmer and Andrews",billing@richardsonfarmerandandrews.com,2026-06-12,001000000000357AAA,2024-01-05,001000000000357AAA,"Richardson, Farmer and Andrews",GA,,Monica Herrera,2024-01-03,,,,,No Contract,True,True,True,56.11,74.81,10.47,5,5,20,3366.6,4488.6,2512.8,10368.0,0.748052,D,True,672.0,4,897
cus_000003587662,Bruce-Villegas,billing@brucevillegas.com,2026-06-02,001000000000358AAA,2025-12-10,001000000000358AAA,Bruce-Villegas,NY,,Carla Gray,2025-11-12,800000000000358AAA,2024-08-15,2025-08-14,12.0,Expired M2M,True,False,False,62.93,,,6,0,0,4530.96,0.0,0.0,4530.96,0.839067,C,False,0.0,3,192
cus_000003598618,"Austin, Day and Johnson",billing@austindayandjohnson.com,2026-06-15,001000000000359AAA,2024-04-16,001000000000359AAA,"Austin, Day and Johnson",CA,,Jamie Arnold,2024-04-07,800000000000359AAA,2025-08-04,2028-08-03,36.0,Locked,True,True,False,72.88,97.18,,10,10,0,8745.6,11661.6,0.0,20407.2,0.971771,B,False,0.0,2,795
cus_000003603579,"Gallegos, Adams and White",billing@gallegosadamsandwhite.com,2026-06-13,001000000000360AAA,2026-02-14,001000000000360AAA,"Gallegos, Adams and White",NY,Gabrielle Davis,Holly Wood,2026-02-04,,,,,No Contract,True,True,False,45.0,60.0,,2,2,0,1080.0,1440.0,0.0,2520.0,0.6,D,True,840.0,5,126
cus_000003617024,"Farmer, Dorsey and Bell",billing@farmerdorseyandbell.com,2026-06-14,001000000000361AAA,2025-09-23,001000000000361AAA,"Farmer, Dorsey and Bell",PA,Daniel Wagner,Jamie Arnold,2025-09-05,800000000000361AAA,2025-06-06,2027-06-05,24.0,Locked,True,False,False,82.91,,,1,0,0,994.92,0.0,0.0,994.92,1.105467,A,False,0.0,2,270
cus_000003627963,Kane PLC,billing@kaneplc.com,2026-06-04,001000000000362AAA,2022-03-12,001000000000362AAA,Kane PLC,IL,,Dylan Miller,2022-02-12,800000000000362AAA,2024-11-18,2026-11-17,24.0,Locked,True,True,False,69.02,92.03,,6,6,0,4969.44,6626.16,0.0,11595.6,0.920286,B,False,0.0,2,1561
cus_000003633923,"Morales, Thomas and Schultz",billing@moralesthomasandschultz.com,2026-06-06,001000000000363AAA,2025-11-08,001000000000363AAA,"Morales, Thomas and Schultz",NY,,Derek Zuniga,2025-10-20,800000000000363AAA,2025-03-10,2026-03-09,12.0,Expired M2M,True,True,False,67.18,89.57,,6,6,0,4836.96,6449.04,0.0,11286.0,0.895714,C,False,0.0,3,224
cus_000003653539,Moore-Collins,billing@moorecollins.com,2026-06-13,001000000000365AAA,2022-07-10,001000000000365AAA,Moore-Collins,NY,Connie Lawrence,Ryan Munoz,2022-07-05,800000000000365AAA,2024-05-02,2025-05-01,12.0,Expired M2M,True,False,True,76.03,,14.19,5,0,45,4561.8,0.0,7662.6,12224.4,1.013632,A,False,0.0,2,1441
cus_000003663788,Frank-Bradley,billing@frankbradley.com,2026-06-13,001000000000366AAA,2024-06-15,001000000000366AAA,Frank-Bradley,CA,,Jamie Arnold,2024-05-28,,,,,No Contract,True,False,True,56.76,,10.6,2,0,40,1362.24,0.0,5088.0,6450.24,0.75707,C,True,269.76,4,735
cus_000003679532,Wre and Sons,billing@wareandsons.com,2026-06-08,,2022-08-23,,,,,,,,,,,No Contract,True,False,False,66.87,,,5,0,0,4012.2,0.0,0.0,4012.2,0.8916,C,False,0.0,3,1397
cus_000003681591,Webster Inc,billing@websterinc.com,2026-06-05,001000000000368AAA,2026-03-06,001000000000368AAA,Webster Inc,CA,Allison Hill,Michele Williams,2026-02-24,,,,,No Contract,True,False,True,56.02,,10.46,3,0,81,2016.72,0.0,10167.12,12183.84,0.747108,D,True,668.16,4,106
cus_000003699438,"Miller, Ramos and Coleman",billing@millerramosandcoleman.com,2026-06-01,001000000000369AAA,2026-03-17,001000000000369AAA,"Miller, Ramos and Coleman",CO,,Margaret Hawkins DDS,2026-02-16,800000000000369AAA,2022-05-02,2025-05-01,36.0,Expired M2M,True,True,True,51.4,68.54,9.6,5,5,95,3084.0,4112.4,10944.0,18140.4,0.685578,D,True,2799.6,4,95
cus_000003701536,"Ramos, Nelson and Fischer",billing@ramosnelsonandfischer.com,2026-06-10,001000000000370AAA,2024-05-09,001000000000370AAA,"Ramos, Nelson and Fischer",PA,,Ryan Munoz,2024-05-05,800000000000370AAA,2023-08-18,2024-08-17,12.0,Expired M2M,True,True,False,88.63,118.17,,3,3,0,3190.68,4254.12,0.0,7444.8,1.181714,A,False,0.0,2,772
cus_000003716962,Reed Inc,billing@reedinc.com,2026-06-04,001000000000371AAA,2023-08-20,001000000000371AAA,Reed Inc,WA,Daniel Wagner,Jamie Arnold,2023-08-08,800000000000371AAA,2025-05-20,2026-05-19,12.0,Expired M2M,True,True,False,93.04,124.06,,6,6,0,6698.88,8932.32,0.0,15631.2,1.240571,A,False,0.0,2,1035
cus_000003724327,Gregory-Watkins,billing@gregorywatkins.com,2026-06-02,001000000000372AAA,2021-11-22,001000000000372AAA,Gregory-Watkins,CO,,Monica Herrera,2021-10-27,,,,,No Contract,False,True,False,,75.47,,0,4,0,0.0,3622.56,0.0,3622.56,0.7547,C,True,217.44,3,1671
cus_000003739205,"Estrada, Williams and Foster",billing@estradawilliamsandfoster.com,2026-06-07,001000000000373AAA,2022-01-31,001000000000373AAA,"Estrada, Williams and Foster",TX,,Brian Ramirez,2022-01-04,800000000000373AAA,2026-01-21,2028-01-20,24.0,Locked,True,False,False,65.1,,,3,0,0,2343.6,0.0,0.0,2343.6,0.868,C,False,0.0,2,1601
cus_000003747829,"Brown, Harris and ougherty",billing@brownharrisanddougherty.com,2026-05-12,,2023-07-08,,,,,,,,,,,No Contract,True,True,True,62.86,83.82,11.73,3,3,48,2262.96,3017.52,6756.48,12036.96,0.837995,C,False,0.0,4,1078
cus_000003755403,Duran LLC,billing@duranllc.com,2026-06-13,001000000000375AAA,2021-11-14,001000000000375AAA,Duran LLC,UT,,Jamie Arnold,2021-11-13,,,,,No Contract,True,False,True,71.57,,13.36,7,0,98,6011.88,0.0,15711.36,21723.24,0.95428,B,False,0.0,3,1679
cus_000003768163,Wilsn-Jimenez,billing@wilsonjimenez.com,2026-06-10,,2025-09-19,,,,,,,,,,,No Contract,True,True,True,70.8,94.4,13.22,3,3,60,2548.8,3398.4,9518.4,15465.6,0.944176,B,False,0.0,4,274
cus_000003775720,Thompson-James,billing@thompsonjames.com,2026-06-14,001000000000377AAA,2022-04-02,001000000000377AAA,Thompson-James,CA,Angie Henderson,Monica Herrera,2022-03-14,800000000000377AAA,2025-10-04,2026-10-03,12.0,Locked,True,True,True,71.42,95.22,13.33,6,6,186,5142.24,6855.84,29752.56,41750.64,0.952167,B,False,0.0,2,1540
cus_000003786746,"Hall, Hansen and Barnett",billing@hallhansenandbarnett.com,2026-06-03,001000000000378AAA,2023-07-19,001000000000378AAA,"Hall, Hansen and Barnett",PA,,Lisa Jackson,2023-07-08,800000000000378AAA,2024-07-17,2025-07-16,12.0,Expired M2M,True,False,False,69.59,,,3,0,0,2505.24,0.0,0.0,2505.24,0.927867,B,False,0.0,3,1067
cus_000003798543,Jones-Hensley,billing@joneshensley.com,2026-06-13,001000000000379AAA,2024-04-23,001000000000379AAA,Jones-Hensley,TX,,Derek Zuniga,2024-03-30,,,,,No Contract,True,True,True,91.31,121.75,17.05,4,4,88,4382.88,5844.0,18004.8,28231.68,1.217723,A,False,0.0,3,788
cus_000003809421,Gaham,billing@grahamgroup.com,2026-06-08,,2026-06-08,,,,,,,,,,,No Contract,True,True,False,93.75,125.0,,2,2,0,2250.0,3000.0,0.0,5250.0,1.25,A,False,0.0,3,12
cus_000003810794,atkins plc,billing@atkinsplc.com,2026-06-13,,2024-11-23,,,,,,,,,,,No Contract,True,False,False,67.84,,,12,0,0,9768.96,0.0,0.0,9768.96,0.904533,B,False,0.0,4,574
cus_000003821849,Berry-Mckinney,billing@berrymckinney.com,2026-06-15,,2024-04-06,,,,,,,,,,,No Contract,True,False,True,88.2,,16.46,4,0,52,4233.6,0.0,10271.04,14504.64,1.175798,A,False,0.0,3,805
cus_000003832193,Roberts-Sullivan,billing@robertssullivan.com,2026-06-15,001000000000383AAA,2025-07-13,001000000000383AAA,Roberts-Sullivan,UT,,Lisa Hensley,2025-07-13,800000000000383AAA,2026-02-05,2027-02-04,12.0,Locked,True,False,True,68.7,,12.82,3,0,27,2473.2,0.0,4153.68,6626.88,0.915821,B,False,0.0,2,342
cus_000003842163,Jackson-Meza,billing@jacksonmeza.com,2026-06-14,,2021-11-24,,,,,,,,,,,No Contract,True,True,True,93.75,125.0,17.5,2,2,38,2250.0,3000.0,7980.0,13230.0,1.25,A,False,0.0,2,1669
cus_000003852960,collier-gillespie,billing@colliergillespie.com,2026-06-09,,2023-05-26,,,,,,,,,,,No Contract,True,False,True,50.93,,9.51,2,0,68,1222.32,0.0,7760.16,8982.48,0.679256,D,True,1433.52,4,1121
cus_000003867828,Kim Inc,billing@kiminc.com,2026-06-09,001000000000386AAA,2024-05-22,001000000000386AAA,Kim Inc,FL,,Dylan Miller,2024-05-20,800000000000386AAA,2026-04-23,2029-04-22,36.0,Locked,True,True,False,68.8,91.74,,1,1,0,825.6,1100.88,0.0,1926.48,0.917371,B,False,0.0,2,759
cus_000003882578,Cook and Sons,billing@cookandsons.com,2026-06-12,001000000000388AAA,2025-03-21,001000000000388AAA,Cook and Sons,GA,Abigail Shaffer,Michele Williams,2025-03-03,800000000000388AAA,2025-05-29,2027-05-28,24.0,Locked,True,True,True,74.03,98.7,13.82,1,1,36,888.36,1184.4,5970.24,8043.0,0.987113,B,False,0.0,2,456
cus_000003890513,Dixon Inc,billing@dixoninc.com,2026-06-06,001000000000389AAA,2024-09-11,001000000000389AAA,Dixon Inc,AZ,Connie Lawrence,Derek Zuniga,2024-09-02,800000000000389AAA,2025-04-17,2026-04-16,12.0,Expired M2M,True,False,True,70.96,,13.25,7,0,70,5960.64,0.0,11130.0,17090.64,0.946326,B,False,0.0,3,647
cus_000003901388,"Hicks, Bullock and Bailey",billing@hicksbullockandbailey.com,2026-06-13,001000000000390AAA,2026-05-07,001000000000390AAA,"Hicks, Bullock and Bailey",TX,Angie Henderson,Ryan Munoz,2026-05-01,,,,,No Contract,True,False,False,74.61,,,1,0,0,895.32,0.0,0.0,895.32,0.9948,B,False,0.0,4,44
cus_000003917733,"Mullen, Brewer and Hernandez",billing@mullenbrewerandhernandez.com,2026-06-04,001000000000391AAA,2022-08-15,001000000000391AAA,"Mullen, Brewer and Hernandez",PA,Gabrielle Davis,Lisa Hensley,2022-08-09,800000000000391AAA,2025-10-11,2026-10-10,12.0,Locked,True,True,False,60.88,81.18,,3,3,0,2191.68,2922.48,0.0,5114.16,0.811771,C,False,0.0,2,1405
cus_000003920434,thomas and sons,billing@thomasandsons.com,2026-06-02,,2023-09-15,,,,,,,,,,,No Contract,True,True,False,84.4,112.53,,14,14,0,14179.2,18905.04,0.0,33084.24,1.125314,A,False,0.0,3,1009
cus_000003936227,Morrison Ltd,billing@morrisonltd.com,2026-05-05,001000000000393AAA,2024-11-09,001000000000393AAA,Morrison Ltd,GA,Noah Rhodes,Dylan Miller,2024-10-11,,,,,No Contract,True,False,False,85.72,,,1,0,0,1028.64,0.0,0.0,1028.64,1.142933,A,False,0.0,3,588
cus_000003941676,Thompson Ltd,billing@thompsonltd.com,2026-06-09,001000000000394AAA,2021-12-14,001000000000394AAA,Thompson Ltd,IL,,Carla Gray,2021-11-23,,,,,No Contract,True,True,False,50.21,66.95,,4,4,0,2410.08,3213.6,0.0,5623.68,0.669486,D,True,1096.32,4,1649
cus_000003953626,Marshall-Elliott,billing@marshallelliott.com,2026-06-03,001000000000395AAA,2023-11-24,001000000000395AAA,Marshall-Elliott,OH,,Lisa Jackson,2023-11-22,800000000000395AAA,2025-02-06,2026-02-05,12.0,Expired M2M,True,True,True,79.73,106.31,14.88,4,4,136,3827.04,5102.88,24284.16,33214.08,1.062919,A,False,0.0,2,939
cus_000003966878,"Cole, Glass and Cunningham",billing@coleglassandcunningham.com,2026-06-13,001000000000396AAA,2026-05-08,001000000000396AAA,"Cole, Glass and Cunningham",NC,,Dylan Miller,2026-05-02,,,,,No Contract,True,True,False,55.75,74.33,,8,8,0,5352.0,7135.68,0.0,12487.68,0.743314,D,True,952.32,4,43
cus_000003975136,"Downs, Morris and Maddox",billing@downsmorrisandmaddox.com,2026-06-06,001000000000397AAA,2023-05-29,001000000000397AAA,"Downs, Morris and Maddox",UT,,Lisa Jackson,2023-05-14,800000000000397AAA,2022-07-29,2025-07-28,36.0,Expired M2M,True,True,False,71.76,95.68,,5,5,0,4305.6,5740.8,0.0,10046.4,0.9568,B,False,0.0,2,1118
cus_000003985972,Hernandez-Jones,billing@hernandezjones.com,2026-06-06,001000000000398AAA,2024-08-10,001000000000398AAA,Hernandez-Jones,CA,Daniel Wagner,Brian Ramirez,2024-08-06,800000000000398AAA,2022-07-17,2024-07-16,24.0,Expired M2M,True,True,False,69.28,92.38,,8,8,0,6650.88,8868.48,0.0,15519.36,0.923771,B,False,0.0,3,679
cus_000003992508,Welch-Hogan,billing@welchhogan.com,2026-06-13,001000000000399AAA,2024-05-17,001000000000399AAA,Welch-Hogan,TX,Connie Lawrence,Margaret Hawkins DDS,2024-04-25,800000000000399AAA,2026-05-12,2027-05-11,12.0,Locked,True,False,False,93.75,,,4,0,0,4500.0,0.0,0.0,4500.0,1.25,A,False,0.0,1,764
cus_000004009326,"Brown, Romero and Collins",billing@brownromeroandcollins.com,2026-06-07,001000000000400AAA,2024-08-27,001000000000400AAA,"Brown, Romero and Collins",IL,,Jamie Arnold,2024-08-27,800000000000400AAA,2024-10-18,2026-10-17,24.0,Locked,True,True,False,80.72,107.63,,2,2,0,1937.28,2583.12,0.0,4520.4,1.076286,A,False,0.0,2,662
cus_000004014138,Johnson-Wood,billing@johnsonwood.com,2026-06-12,001000000000401AAA,2022-10-29,001000000000401AAA,Johnson-Wood,TN,Angie Henderson,Michele Williams,2022-10-03,800000000000401AAA,2025-10-30,2026-10-29,12.0,Locked,True,False,False,68.34,,,2,0,0,1640.16,0.0,0.0,1640.16,0.9112,B,False,0.0,2,1330
cus_000004022869,Jones-Lin,billing@joneslin.com,2026-06-10,001000000000402AAA,2024-11-03,001000000000402AAA,Jones-Lin,TN,,Carla Gray,2024-10-21,800000000000402AAA,2024-06-19,2025-06-18,12.0,Expired M2M,True,False,False,93.75,,,3,0,0,3375.0,0.0,0.0,3375.0,1.25,A,False,0.0,2,594
cus_000004039042,Gilbert PLC,billing@gilbertplc.com,2026-06-06,001000000000403AAA,2023-04-11,001000000000403AAA,Gilbert PLC,CA,,Dylan Miller,2023-03-13,800000000000403AAA,2026-04-26,2027-04-25,12.0,Locked,True,True,True,67.9,90.53,12.67,5,5,20,4074.0,5431.8,3040.8,12546.6,0.905238,B,False,0.0,2,1166
cus_000004046552,Ford-Spencer,billing@fordspencer.com,2026-06-02,001000000000404AAA,2024-06-10,001000000000404AAA,Ford-Spencer,NC,,Margaret Hawkins DDS,2024-05-21,800000000000404AAA,2025-06-30,2027-06-29,24.0,Locked,True,True,True,66.61,88.81,12.43,2,2,30,1598.64,2131.44,4474.8,8204.88,0.887974,C,False,0.0,2,740
cus_000004056138,"Huang, Cole and Pacheco",billing@huangcoleandpacheco.com,2026-06-08,001000000000405AAA,2024-07-15,001000000000405AAA,"Huang, Cole and Pacheco",IL,,Lisa Jackson,2024-07-07,,,,,No Contract,True,True,True,52.39,69.86,9.78,4,4,76,2514.72,3353.28,8919.36,14787.36,0.698571,D,True,1964.64,4,705
cus_000004068866,"Lopez, Jacobs and Mason",billing@lopezjacobsandmason.com,2026-06-11,001000000000406AAA,2022-08-24,001000000000406AAA,"Lopez, Jacobs and Mason",CA,Connie Lawrence,Monica Herrera,2022-08-23,800000000000406AAA,2024-09-19,2025-09-18,12.0,Expired M2M,True,False,False,52.78,,,1,0,0,633.36,0.0,0.0,633.36,0.703733,D,True,86.64,3,1396
cus_000004088375,"Miller, Lucas and Williams",billing@millerlucasandwilliams.com,2026-06-01,001000000000408AAA,2021-12-10,001000000000408AAA,"Miller, Lucas and Williams",WA,,Derek Zuniga,2021-11-16,800000000000408AAA,2024-07-29,2025-07-28,12.0,Expired M2M,True,True,False,93.75,125.0,,2,2,0,2250.0,3000.0,0.0,5250.0,1.25,A,False,0.0,2,1653
cus_000004096777,"Kim, Gonzales and Mills",billing@kimgonzalesandmills.com,2026-06-03,001000000000409AAA,2024-03-27,001000000000409AAA,"Kim, Gonzales and Mills",PA,,Jamie Arnold,2024-03-16,,,,,No Contract,True,True,False,51.61,68.82,,3,3,0,1857.96,2477.52,0.0,4335.48,0.688171,D,True,704.52,4,815
cus_000004103599,Cox,billing@coxllc.com,2026-06-13,,2022-01-16,,,,,,,,,,,No Contract,True,True,False,80.31,107.08,,8,8,0,7709.76,10279.68,0.0,17989.44,1.0708,A,False,0.0,2,1616
cus_000004114190,ortiz-morgan,billing@ortizmorgan.com,2026-06-07,,2026-01-05,,,,,,,,,,,No Contract,True,False,False,57.68,,,1,0,0,692.16,0.0,0.0,692.16,0.769067,C,True,27.84,4,166
cus_000004129409,"Williams, Mccoy and Cook",billing@williamsmccoyandcook.com,2026-06-01,001000000000412AAA,2022-09-22,001000000000412AAA,"Williams, Mccoy and Cook",CA,Cristian Santos,Brian Ramirez,2022-09-01,800000000000412AAA,2026-05-08,2027-05-07,12.0,Locked,True,True,False,69.85,93.14,,1,1,0,838.2,1117.68,0.0,1955.88,0.931371,B,False,0.0,2,1367
cus_000004131418,Davis-Gregory,billing@davisgregory.com,2026-06-12,001000000000413AAA,2025-12-17,001000000000413AAA,Davis-Gregory,FL,,Monica Herrera,2025-12-09,,,,,No Contract,True,True,False,65.59,87.45,,8,8,0,6296.64,8395.2,0.0,14691.84,0.874514,C,False,0.0,4,185
cus_000004142594,King-York,billing@kingyork.com,2026-06-14,,2026-01-23,,,,,,,,,,,No Contract,True,False,False,69.84,,,5,0,0,4190.4,0.0,0.0,4190.4,0.9312,B,False,0.0,4,148
cus_000004158949,"Marks,ok and",billing@markscookandaguilar.com,2026-06-06,,2023-10-02,,,,,,,,,,,No Contract,True,True,True,57.34,76.45,10.7,1,1,38,688.08,917.4,4879.2,6484.68,0.764342,C,True,211.32,4,992
cus_000004161607,Rangel LLC,billing@rangelllc.com,2026-06-11,001000000000416AAA,2025-08-21,001000000000416AAA,Rangel LLC,NC,,Jamie Arnold,2025-08-17,800000000000416AAA,2025-12-07,2026-12-06,12.0,Locked,True,False,True,61.35,,11.45,3,0,42,2208.6,0.0,5770.8,7979.4,0.817897,C,False,0.0,3,303
cus_000004178140,"Hale, Myers and Larson",billing@halemyersandlarson.com,2026-06-10,001000000000417AAA,2023-10-26,001000000000417AAA,"Hale, Myers and Larson",PA,,Ryan Munoz,2023-10-06,,,,,No Contract,True,False,True,53.64,,10.01,6,0,174,3862.08,0.0,20900.88,24762.96,0.715031,D,True,2525.04,4,968
cus_000004185102,Collins Group,billing@collinsgroup.com,2026-06-11,001000000000418AAA,2025-02-04,001000000000418AAA,Collins Group,AZ,Abigail Shaffer,Michele Williams,2025-01-18,800000000000418AAA,2024-10-29,2025-10-28,12.0,Expired M2M,True,False,False,65.34,,,4,0,0,3136.32,0.0,0.0,3136.32,0.8712,C,False,0.0,3,501
cus_000004198483,"Conner, Li and Santiago",billing@connerliandsantiago.com,2026-06-12,001000000000419AAA,2023-11-11,001000000000419AAA,"Conner, Li and Santiago",TX,,Dylan Miller,2023-10-18,800000000000419AAA,2025-04-16,2026-04-15,12.0,Expired M2M,True,True,False,84.09,112.12,,12,12,0,12108.96,16145.28,0.0,28254.24,1.1212,A,False,0.0,2,952
cus_orphan0000872,"Osborn, Gaines and Davis",billing@osborngainesanddavis.com,2026-06-10,,2026-05-01,,,,,,,,,,,No Contract,True,False,False,75.0,,,2,0,0,1800.0,0.0,0.0,1800.0,1.0,A,False,0.0,3,50
cus_orphan0016369,"Henderson, Cox and Cox",billing@hendersoncoxandcox.com,2026-06-12,,2026-03-22,,,,,,,,,,,No Contract,True,False,False,75.0,,,2,0,0,1800.0,0.0,0.0,1800.0,1.0,A,False,0.0,3,90
cus_orphan0025248,Bean LLC,billing@beanllc.com,2026-06-05,,2026-05-11,,,,,,,,,,,No Contract,True,False,False,75.0,,,1,0,0,900.0,0.0,0.0,900.0,1.0,A,False,0.0,3,40
cus_orphan0037798,Lee-Cooke,billing@leecooke.com,2026-06-05,,2025-06-18,,,,,,,,,,,No Contract,True,False,False,75.0,,,3,0,0,2700.0,0.0,0.0,2700.0,1.0,A,False,0.0,3,367
cus_orphan0048387,"Wise, Conley and Stephenson",billing@wiseconleyandstephenson.com,2026-06-08,,2025-05-27,,,,,,,,,,,No Contract,True,False,False,75.0,,,2,0,0,1800.0,0.0,0.0,1800.0,1.0,A,False,0.0,3,389
cus_orphan0059030,Stanley PLC,billing@stanleyplc.com,2026-06-10,,2025-12-03,,,,,,,,,,,No Contract,True,False,False,75.0,,,3,0,0,2700.0,0.0,0.0,2700.0,1.0,A,False,0.0,3,199
cus_orphan0063983,Harper and Sons,billing@harperandsons.com,2026-06-13,,2025-06-19,,,,,,,,,,,No Contract,True,False,False,75.0,,,2,0,0,1800.0,0.0,0.0,1800.0,1.0,A,False,0.0,3,366
