subscription_item_id,stripe_customer_id,sub_price_nickname,sub_unit_amount,currency,sub_billing_interval,sub_quantity,name,email,last_billing_date,metadata_salesforce_id,created,Active?,account_id,account_name,billing_state,customer_arr__c,number_of_locations__c,csm_name__c,account_ae,created_date,contract_id,start_date,end_date,Contract_Ended?,contract_term_months,acv__c,number_of_licenses__c,Below Floor?,How much? $,% (actuals vs list price),Current_Monthly Revenue,Segment,Status,Current_Annual Revenue,Expected_Annual_Revenue (List Price),Difference,,,,,
si_00000000_0,cus_000000004778,Hiring,6698,usd,month,4,Perz,billing@perezinc.com,2026-06-14,,2022-06-29,Active,,,,,,,,,,,,,,,,,0,89.31%,$267.92,C,No Contract,"$3,215.04",3600,$384.96,,unique active customers,388,,
si_00000001_0,cus_000000010476,Hiring,6916,usd,month,2,Morales-Jones,billing@moralesjones.com,2026-06-01,001000000000001AAA,2022-03-25,Active,001000000000001AAA,Morales-Jones,NC,3873.12,2,,Michele Williams,2022-02-27,800000000000001AAA,2025-12-02,2026-12-01,FALSE,12,3873.12,2,,0,92.21%,$138.32,B,Locked,"$1,659.84",1800,$140.16,,unique active customers- NO SF ID,72,,
si_00000001_1,cus_000000010476,HR,9222,usd,month,2,Morales-Jones,billing@moralesjones.com,2026-06-01,001000000000001AAA,2022-03-25,Active,001000000000001AAA,Morales-Jones,NC,3873.12,2,,Michele Williams,2022-02-27,800000000000001AAA,2025-12-02,2026-12-01,FALSE,12,3873.12,2,,0,92.22%,$184.44,B,Locked,"$2,213.28",2400,$186.72,," Locked (active contract, end date future)",105,,
si_00000002_0,cus_000000024666,Hiring,7858,usd,month,1,"Walter, Edwards and Rios",billing@walteredwardsandrios.com,2026-06-15,001000000000002AAA,2025-08-01,Active,001000000000002AAA,"Walter, Edwards and Rios",PA,1885.92,2,Noah Rhodes,Lisa Jackson,2025-07-12,800000000000002AAA,2025-08-19,2027-08-18,FALSE,24,1885.92,2,,0,104.77%,$78.58,A,Locked,$942.96,900,$0.00,," Expired M2M (had contract, end date past)",83,,
si_00000003_0,cus_000000039108,Hiring,5956,usd,month,6,Wilkerson-Day,billing@wilkersonday.com,2026-06-10,001000000000003AAA,2022-11-02,Active,001000000000003AAA,Wilkerson-Day,PA,20414.88,6,,Lisa Hensley,2022-10-23,800000000000003AAA,2023-08-28,2025-08-27,TRUE,24,20414.88,6,Below Floor,31.68,79.41%,$357.36,C,Expired M2M,"$4,288.32",5400,"$1,111.68",, Has SF ID but no contract,128,,
si_00000003_1,cus_000000039108,HR,7942,usd,month,6,Wilkerson-Day,billing@wilkersonday.com,2026-06-10,001000000000003AAA,2022-11-02,Active,001000000000003AAA,Wilkerson-Day,PA,20414.88,6,,Lisa Hensley,2022-10-23,800000000000003AAA,2023-08-28,2025-08-27,TRUE,24,20414.88,6,Below Floor,41.76,79.42%,$476.52,C,Expired M2M,"$5,718.24",7200,"$1,481.76",,,,,
si_00000003_2,cus_000000039108,Payroll,1112,usd,month,78,Wilkerson-Day,billing@wilkersonday.com,2026-06-10,001000000000003AAA,2022-11-02,Active,001000000000003AAA,Wilkerson-Day,PA,20414.88,6,,Lisa Hensley,2022-10-23,800000000000003AAA,2023-08-28,2025-08-27,TRUE,24,20414.88,6,,0,79.43%,$867.36,C,Expired M2M,"$10,408.32",13104,"$2,695.68",,No Contract,281,"3 duplicates among 72, 83, 128",
si_00000004_0,cus_000000046219,Hiring,7317,usd,month,6,Baker and Sons,billing@bakerandsons.com,2026-06-15,001000000000004AAA,2024-12-03,Active,001000000000004AAA,Baker and Sons,FL,30979.44,6,,Michele Williams,2024-12-03,800000000000004AAA,2026-03-17,2028-03-16,FALSE,24,30979.44,6,,0,97.56%,$439.02,B,Locked,"$5,268.24",5400,$131.76,,,,,
si_00000004_1,cus_000000046219,HR,9756,usd,month,6,Baker and Sons,billing@bakerandsons.com,2026-06-15,001000000000004AAA,2024-12-03,Active,001000000000004AAA,Baker and Sons,FL,30979.44,6,,Michele Williams,2024-12-03,800000000000004AAA,2026-03-17,2028-03-16,FALSE,24,30979.44,6,,0,97.56%,$585.36,B,Locked,"$7,024.32",7200,$175.68,,Below Floor Price,89,,
si_00000004_2,cus_000000046219,Payroll,1366,usd,month,114,Baker and Sons,billing@bakerandsons.com,2026-06-15,001000000000004AAA,2024-12-03,Active,001000000000004AAA,Baker and Sons,FL,30979.44,6,,Michele Williams,2024-12-03,800000000000004AAA,2026-03-17,2028-03-16,FALSE,24,30979.44,6,,0,97.57%,"$1,557.24",B,Locked,"$18,686.88",19152,$465.12,,,,,
si_00000005_0,cus_000000058849,Hiring,6992,usd,month,1,"Hoffman, Baker and Richards",billing@hoffmanbakerandrichards.com,2026-06-09,001000000000005AAA,2025-08-30,Active,001000000000005AAA,"Hoffman, Baker and Richards",IL,839.04,1,,Carla Gray,2025-08-29,,,,,,,,,0,93.23%,$69.92,B,No Contract,$839.04,900,$60.96,,,,,
si_00000006_0,cus_000000065410,Hiring,6667,usd,month,9,"Ross, Robinson and Bright",billing@rossrobinsonandbright.com,2026-06-05,001000000000006AAA,2026-05-04,Active,001000000000006AAA,"Ross, Robinson and Bright",NC,34281.36,9,,Dylan Miller,2026-04-24,800000000000006AAA,2024-02-16,2026-02-15,TRUE,24,34281.36,9,,0,88.89%,$600.03,C,Expired M2M,"$7,200.36",8100,$899.64,,,,,
si_00000006_1,cus_000000065410,HR,8890,usd,month,9,"Ross, Robinson and Bright",billing@rossrobinsonandbright.com,2026-06-05,001000000000006AAA,2026-05-04,Active,001000000000006AAA,"Ross, Robinson and Bright",NC,34281.36,9,,Dylan Miller,2026-04-24,800000000000006AAA,2024-02-16,2026-02-15,TRUE,24,34281.36,9,,0,88.90%,$800.10,C,Expired M2M,"$9,601.20",10800,"$1,198.80",,,,,
si_00000006_2,cus_000000065410,Payroll,1245,usd,month,117,"Ross, Robinson and Bright",billing@rossrobinsonandbright.com,2026-06-05,001000000000006AAA,2026-05-04,Active,001000000000006AAA,"Ross, Robinson and Bright",NC,34281.36,9,,Dylan Miller,2026-04-24,800000000000006AAA,2024-02-16,2026-02-15,TRUE,24,34281.36,9,,0,88.93%,"$1,456.65",C,Expired M2M,"$17,479.80",19656,"$2,176.20",,,,,
si_00000007_0,cus_000000070357,Hiring,91284,usd,year,2,"Snyder, Campos & Callahan",billing@snydercamposandcallahan.com,2026-06-15,,2023-06-28,Active,,,,,,,,,,,,,,,,,0,101.43%,$152.14,A,No Contract,"$1,825.68",1800,$0.00,,Segment,Locked,Expired M2M,No Contract
si_00000007_1,cus_000000070357,HR,121704,usd,year,2,"Snyder, Campos & Callahan",billing@snydercamposandcallahan.com,2026-06-15,,2023-06-28,Active,,,,,,,,,,,,,,,,,0,101.42%,$202.84,A,No Contract,"$2,434.08",2400,$0.00,,A,43,27,70
si_00000007_2,cus_000000070357,Payroll,17040,usd,year,14,"Snyder, Campos & Callahan",billing@snydercamposandcallahan.com,2026-06-15,,2023-06-28,Active,,,,,,,,,,,,,,,,,0,101.43%,$198.80,A,No Contract,"$2,385.60",2352,$0.00,,B,33,23,41
si_00000008_0,cus_000000081668,Hiring,4500,usd,month,2,Burton Ltd,billing@burtonltd.com,2026-06-11,001000000000008AAA,2026-01-16,Active,001000000000008AAA,Burton Ltd,CA,1080,2,,Carla Gray,2026-01-08,,,,,,,,Below Floor,360,60.00%,$90.00,D,No Contract,"$1,080.00",1800,$720.00,,C,17,28,47
si_00000009_0,cus_000000091893,Hiring,101424,usd,year,1,Carlson-Cruz,billing@carlsoncruz.com,2026-06-11,001000000000009AAA,2024-04-17,Active,001000000000009AAA,Carlson-Cruz,PA,1014.24,1,,Margaret Hawkins DDS,2024-04-14,800000000000009AAA,2025-10-11,2027-10-10,FALSE,24,1014.24,1,,0,112.69%,$84.52,A,Locked,"$1,014.24",900,$0.00,,D,12,5,42
si_00000010_0,cus_000000102301,Hiring,5400,usd,month,5,"Ferrell, Rice and",billing@ferrellriceandmaddox.com,2026-06-06,,2025-04-14,Active,,,,,,,,,,,,,,,,Below Floor,360,72.00%,$270.00,D,No Contract,"$3,240.00",4500,"$1,260.00",,,,,
si_00000010_1,cus_000000102301,HR,7200,usd,month,5,"Ferrell, Rice and",billing@ferrellriceandmaddox.com,2026-06-06,,2025-04-14,Active,,,,,,,,,,,,,,,,Below Floor,480,72.00%,$360.00,D,No Contract,"$4,320.00",6000,"$1,680.00",,,,,
si_00000011_0,cus_000000116902,Hiring,6883,usd,month,5,Frazier Inc,billing@frazierinc.com,2026-06-09,001000000000011AAA,2025-04-04,Active,001000000000011AAA,Frazier Inc,UT,9636,5,,Margaret Hawkins DDS,2025-03-12,,,,,,,,,0,91.77%,$344.15,B,No Contract,"$4,129.80",4500,$370.20,,,,,
si_00000011_1,cus_000000116902,HR,9177,usd,month,5,Frazier Inc,billing@frazierinc.com,2026-06-09,001000000000011AAA,2025-04-04,Active,001000000000011AAA,Frazier Inc,UT,9636,5,,Margaret Hawkins DDS,2025-03-12,,,,,,,,,0,91.77%,$458.85,B,No Contract,"$5,506.20",6000,$493.80,,,,,
si_00000012_0,cus_000000127155,Hiring,5480,usd,month,3,"Dyer, Potter and Mack",billing@dyerpotterandmack.com,2026-06-14,001000000000012AAA,2023-10-27,Active,001000000000012AAA,"Dyer, Potter and Mack",CO,7671.6,5,Allison Hill,Michele Williams,2023-10-16,,,,,,,,Below Floor,187.2,73.07%,$164.40,D,No Contract,"$1,972.80",2700,$727.20,,,,,
si_00000012_1,cus_000000127155,HR,7306,usd,month,3,"Dyer, Potter and Mack",billing@dyerpotterandmack.com,2026-06-14,001000000000012AAA,2023-10-27,Active,001000000000012AAA,"Dyer, Potter and Mack",CO,7671.6,5,Allison Hill,Michele Williams,2023-10-16,,,,,,,,Below Floor,249.84,73.06%,$219.18,D,No Contract,"$2,630.16",3600,$969.84,,,,,
si_00000013_0,cus_000000139001,HR,9818,usd,month,5,rodriguez-graham,billing@rodriguezgraham.com,2026-06-08,,2023-01-22,Active,,,,,,,,,,,,,,,,,0,98.18%,$490.90,B,No Contract,"$5,890.80",6000,$109.20,,,,,
si_00000014_0,cus_000000141108,Hiring,6410,usd,month,4,Sith-Bowen,billing@smithbowen.com,2026-06-04,,2022-08-08,Active,,,,,,,,,,,,,,,,,0,85.47%,$256.40,C,No Contract,"$3,076.80",3600,$523.20,,,,,
si_00000014_1,cus_000000141108,HR,8547,usd,month,4,Sith-Bowen,billing@smithbowen.com,2026-06-04,,2022-08-08,Active,,,,,,,,,,,,,,,,,0,85.47%,$341.88,C,No Contract,"$4,102.56",4800,$697.44,,,,,
si_00000015_0,cus_000000153912,Hiring,92544,usd,year,15,"Baker, Mason and White",billing@bakermasonandwhite.com,2026-06-07,001000000000015AAA,2023-09-21,Active,001000000000015AAA,"Baker, Mason and White",PA,43188,20,Allison Hill,Dylan Miller,2023-09-01,,,,,,,,,0,102.83%,"$1,156.80",A,No Contract,"$13,881.60",13500,$0.00,,,,,
si_00000015_1,cus_000000153912,HR,123396,usd,year,15,"Baker, Mason and White",billing@bakermasonandwhite.com,2026-06-07,001000000000015AAA,2023-09-21,Active,001000000000015AAA,"Baker, Mason and White",PA,43188,20,Allison Hill,Dylan Miller,2023-09-01,,,,,,,,,0,102.83%,"$1,542.45",A,No Contract,"$18,509.40",18000,$0.00,,,,,
si_00000016_0,cus_000000160455,Hiring,9375,usd,month,4,Harrell LLC,billing@harrellllc.com,2026-06-14,001000000000016AAA,2024-02-06,Active,001000000000016AAA,Harrell LLC,CO,43260,4,,Monica Herrera,2024-01-30,,,,,,,,,0,125.00%,$375.00,A,No Contract,"$4,500.00",3600,$0.00,,,,,
si_00000016_1,cus_000000160455,HR,12500,usd,month,4,Harrell LLC,billing@harrellllc.com,2026-06-14,001000000000016AAA,2024-02-06,Active,001000000000016AAA,Harrell LLC,CO,43260,4,,Monica Herrera,2024-01-30,,,,,,,,,0,125.00%,$500.00,A,No Contract,"$6,000.00",4800,$0.00,,,,,
si_00000016_2,cus_000000160455,Payroll,1750,usd,month,156,Harrell LLC,billing@harrellllc.com,2026-06-14,001000000000016AAA,2024-02-06,Active,001000000000016AAA,Harrell LLC,CO,43260,4,,Monica Herrera,2024-01-30,,,,,,,,,0,125.00%,"$2,730.00",A,No Contract,"$32,760.00",26208,$0.00,,,,,
si_00000017_0,cus_000000173336,Hiring,89772,usd,year,5,"Romero, Gonzalez and Brooks",billing@romerogonzalezandbrooks.com,2026-06-10,001000000000017AAA,2022-08-16,Active,001000000000017AAA,"Romero, Gonzalez and Brooks",GA,4488.6,5,,Lisa Jackson,2022-07-26,800000000000017AAA,2024-04-13,2025-04-12,TRUE,12,4488.6,5,,0,99.75%,$374.05,B,Expired M2M,"$4,488.60",4500,$11.40,,,,,
si_00000018_0,cus_000000189614,Hiring,6681,usd,month,4,Ryan,billing@ryanplc.com,2026-06-01,,2024-03-30,Active,,,,,,,,,,,,,,,,,0,89.08%,$267.24,C,No Contract,"$3,206.88",3600,$393.12,,,,,
si_00000018_1,cus_000000189614,HR,8909,usd,month,4,Ryan,billing@ryanplc.com,2026-06-01,,2024-03-30,Active,,,,,,,,,,,,,,,,,0,89.09%,$356.36,C,No Contract,"$4,276.32",4800,$523.68,,,,,
si_00000019_0,cus_000000193362,Hiring,66408,usd,year,5,George Group,billing@georgegroup.com,2026-05-01,001000000000019AAA,2023-10-18,Active,001000000000019AAA,George Group,TX,7747.8,5,,Brian Ramirez,2023-09-24,800000000000019AAA,2026-04-28,2028-04-27,FALSE,24,7747.8,5,Below Floor,279.6,73.79%,$276.70,D,Locked,"$3,320.40",4500,"$1,179.60",,,,,
si_00000019_1,cus_000000193362,HR,88548,usd,year,5,George Group,billing@georgegroup.com,2026-05-01,001000000000019AAA,2023-10-18,Active,001000000000019AAA,George Group,TX,7747.8,5,,Brian Ramirez,2023-09-24,800000000000019AAA,2026-04-28,2028-04-27,FALSE,24,7747.8,5,Below Floor,372.6,73.79%,$368.95,D,Locked,"$4,427.40",6000,"$1,572.60",,,,,
si_00000020_0,cus_000000201072,Hiring,65796,usd,year,1,Rodriguez LLC,billing@rodriguezllc.com,2026-06-02,001000000000020AAA,2023-09-05,Active,001000000000020AAA,Rodriguez LLC,AZ,2867.64,1,,Brian Ramirez,2023-09-02,,,,,,,,Below Floor,62.04,73.11%,$54.83,D,No Contract,$657.96,900,$242.04,,,,,
si_00000020_1,cus_000000201072,Payroll,12276,usd,year,18,Rodriguez LLC,billing@rodriguezllc.com,2026-06-02,001000000000020AAA,2023-09-05,Active,001000000000020AAA,Rodriguez LLC,AZ,2867.64,1,,Brian Ramirez,2023-09-02,,,,,,,,Below Floor,166.32,73.07%,$184.14,D,No Contract,"$2,209.68",3024,$814.32,,,,,
si_00000021_0,cus_000000212011,Hiring,7622,usd,month,10,Allen-Allen,billing@allenallen.com,2026-06-10,001000000000021AAA,2023-07-04,Active,001000000000021AAA,Allen-Allen,NY,75985.2,10,,Lisa Jackson,2023-06-26,800000000000021AAA,2023-07-17,2024-07-16,TRUE,12,75985.2,10,,0,101.63%,$762.20,A,Expired M2M,"$9,146.40",9000,$0.00,,,,,
si_00000021_1,cus_000000212011,HR,10163,usd,month,10,Allen-Allen,billing@allenallen.com,2026-06-10,001000000000021AAA,2023-07-04,Active,001000000000021AAA,Allen-Allen,NY,75985.2,10,,Lisa Jackson,2023-06-26,800000000000021AAA,2023-07-17,2024-07-16,TRUE,12,75985.2,10,,0,101.63%,"$1,016.30",A,Expired M2M,"$12,195.60",12000,$0.00,,,,,
si_00000021_2,cus_000000212011,Payroll,1423,usd,month,320,Allen-Allen,billing@allenallen.com,2026-06-10,001000000000021AAA,2023-07-04,Active,001000000000021AAA,Allen-Allen,NY,75985.2,10,,Lisa Jackson,2023-06-26,800000000000021AAA,2023-07-17,2024-07-16,TRUE,12,75985.2,10,,0,101.64%,"$4,553.60",A,Expired M2M,"$54,643.20",53760,$0.00,,,,,
si_00000022_0,cus_000000224615,Hiring,6015,usd,month,3,"Arroyo, Miller nd Tucker",billing@arroyomillerandtucker.com,2026-06-02,,2022-02-15,Active,,,,,,,,,,,,,,,,,0,80.20%,$180.45,C,No Contract,"$2,165.40",2700,$534.60,,,,,
si_00000023_0,cus_000000232114,Hiring,5435,usd,month,1,Spence,billing@spenceplc.com,2026-06-04,,2024-08-15,Active,,,,,,,,,,,,,,,,Below Floor,67.8,72.47%,$54.35,D,No Contract,$652.20,900,$247.80,,,,,
si_00000023_1,cus_000000232114,HR,7247,usd,month,1,Spence,billing@spenceplc.com,2026-06-04,,2024-08-15,Active,,,,,,,,,,,,,,,,Below Floor,90.36,72.47%,$72.47,D,No Contract,$869.64,1200,$330.36,,,,,
si_00000024_0,cus_000000249760,Hiring,7391,usd,month,1,Anderson Group,billing@andersongroup.com,2026-05-11,001000000000024AAA,2022-09-01,Active,001000000000024AAA,Anderson Group,WA,15399.6,2,Gabrielle Davis,Lisa Jackson,2022-08-18,,,,,,,,,0,98.55%,$73.91,B,No Contract,$886.92,900,$13.08,,,,,
si_00000024_1,cus_000000249760,HR,9854,usd,month,1,Anderson Group,billing@andersongroup.com,2026-05-11,001000000000024AAA,2022-09-01,Active,001000000000024AAA,Anderson Group,WA,15399.6,2,Gabrielle Davis,Lisa Jackson,2022-08-18,,,,,,,,,0,98.54%,$98.54,B,No Contract,"$1,182.48",1200,$17.52,,,,,
si_00000024_2,cus_000000249760,Payroll,1380,usd,month,34,Anderson Group,billing@andersongroup.com,2026-05-11,001000000000024AAA,2022-09-01,Active,001000000000024AAA,Anderson Group,WA,15399.6,2,Gabrielle Davis,Lisa Jackson,2022-08-18,,,,,,,,,0,98.57%,$469.20,B,No Contract,"$5,630.40",5712,$81.60,,,,,
si_00000025_0,cus_000000255507,Hiring,7032,usd,month,2,"Martin, Rose and Obrien",billing@martinroseandobrien.com,2026-06-14,001000000000025AAA,2022-09-25,Active,001000000000025AAA,"Martin, Rose and Obrien",NC,1687.68,2,Allison Hill,Jamie Arnold,2022-08-29,,,,,,,,,0,93.76%,$140.64,B,No Contract,"$1,687.68",1800,$112.32,,,,,
si_00000026_0,cus_000000263053,Hiring,8378,usd,month,7,Hickman Ltd,billing@hickmanltd.com,2026-06-13,001000000000026AAA,2022-06-04,Active,001000000000026AAA,Hickman Ltd,WA,11058.96,11,,Dylan Miller,2022-05-21,,,,,,,,,0,111.71%,$586.46,A,No Contract,"$7,037.52",6300,$0.00,,,,,
si_00000027_0,cus_000000275318,HR,121536,usd,year,3,"Harris, Collins and Carney",billing@harriscollinsandcarney.com,2026-06-01,001000000000027AAA,2023-03-16,Active,001000000000027AAA,"Harris, Collins and Carney",NC,3646.08,3,,Holly Wood,2023-03-08,800000000000027AAA,2022-07-25,2025-07-24,TRUE,36,3646.08,3,,0,101.28%,$303.84,A,Expired M2M,"$3,646.08",3600,$0.00,,,,,
si_00000028_0,cus_000000280546,Hiring,9375,usd,month,2,"Brooks, Lam and Hayes",billing@brookslamandhayes.com,2026-06-04,001000000000028AAA,2023-08-03,Active,001000000000028AAA,"Brooks, Lam and Hayes",UT,5250,2,,Jamie Arnold,2023-07-26,,,,,,,,,0,125.00%,$187.50,A,No Contract,"$2,250.00",1800,$0.00,,,,,
si_00000028_1,cus_000000280546,HR,12500,usd,month,2,"Brooks, Lam and Hayes",billing@brookslamandhayes.com,2026-06-04,001000000000028AAA,2023-08-03,Active,001000000000028AAA,"Brooks, Lam and Hayes",UT,5250,2,,Jamie Arnold,2023-07-26,,,,,,,,,0,125.00%,$250.00,A,No Contract,"$3,000.00",2400,$0.00,,,,,
si_00000029_0,cus_000000291123,Hiring,7048,usd,month,1,Walker LLC,billing@walkerllc.com,2026-06-03,001000000000029AAA,2024-10-18,Active,001000000000029AAA,Walker LLC,CA,845.76,1,Allison Hill,Carla Gray,2024-09-28,800000000000029AAA,2025-01-15,2026-01-14,TRUE,12,845.76,1,,0,93.97%,$70.48,B,Expired M2M,$845.76,900,$54.24,,,,,
si_00000030_0,cus_000000300071,Hiring,5107,usd,month,3,Chapman and Sons,billing@chapmanandsons.com,2026-06-09,001000000000030AAA,2025-08-18,Active,001000000000030AAA,Chapman and Sons,TX,4289.76,3,,Margaret Hawkins DDS,2025-08-09,,,,,,,,Below Floor,321.48,68.09%,$153.21,D,No Contract,"$1,838.52",2700,$861.48,,,,,
si_00000030_1,cus_000000300071,HR,6809,usd,month,3,Chapman and Sons,billing@chapmanandsons.com,2026-06-09,001000000000030AAA,2025-08-18,Active,001000000000030AAA,Chapman and Sons,TX,4289.76,3,,Margaret Hawkins DDS,2025-08-09,,,,,,,,Below Floor,428.76,68.09%,$204.27,D,No Contract,"$2,451.24",3600,"$1,148.76",,,,,
si_00000031_0,cus_000000318841,Hiring,7590,usd,month,5,"Robinson, Jones and",billing@robinsonjonesandwelch.com,2026-06-13,,2022-10-08,Active,,,,,,,,,,,,,,,,,0,101.20%,$379.50,A,No Contract,"$4,554.00",4500,$0.00,,,,,
si_00000031_1,cus_000000318841,HR,10120,usd,month,5,"Robinson, Jones and",billing@robinsonjonesandwelch.com,2026-06-13,,2022-10-08,Active,,,,,,,,,,,,,,,,,0,101.20%,$506.00,A,No Contract,"$6,072.00",6000,$0.00,,,,,
si_00000031_2,cus_000000318841,Payroll,1417,usd,month,75,"Robinson, Jones and",billing@robinsonjonesandwelch.com,2026-06-13,,2022-10-08,Active,,,,,,,,,,,,,,,,,0,101.21%,"$1,062.75",A,No Contract,"$12,753.00",12600,$0.00,,,,,
si_00000032_0,cus_000000326684,Hiring,6519,usd,month,2,Jones Inc,billing@jonesinc.com,2026-06-03,001000000000032AAA,2022-12-13,Active,001000000000032AAA,Jones Inc,CA,13581.6,2,,Monica Herrera,2022-12-05,,,,,,,,,0,86.92%,$130.38,C,No Contract,"$1,564.56",1800,$235.44,,,,,
si_00000032_1,cus_000000326684,HR,8693,usd,month,2,Jones Inc,billing@jonesinc.com,2026-06-03,001000000000032AAA,2022-12-13,Active,001000000000032AAA,Jones Inc,CA,13581.6,2,,Monica Herrera,2022-12-05,,,,,,,,,0,86.93%,$173.86,C,No Contract,"$2,086.32",2400,$313.68,,,,,
si_00000032_2,cus_000000326684,Payroll,1217,usd,month,68,Jones Inc,billing@jonesinc.com,2026-06-03,001000000000032AAA,2022-12-13,Active,001000000000032AAA,Jones Inc,CA,13581.6,2,,Monica Herrera,2022-12-05,,,,,,,,,0,86.93%,$827.56,C,No Contract,"$9,930.72",11424,"$1,493.28",,,,,
si_00000033_0,cus_000000336322,Hiring,8079,usd,month,4,Jones-Young,billing@jonesyoung.com,2026-05-07,001000000000033AAA,2024-06-08,Active,001000000000033AAA,Jones-Young,CO,9048.48,4,,Lisa Hensley,2024-06-02,,,,,,,,,0,107.72%,$323.16,A,No Contract,"$3,877.92",3600,$0.00,,,,,
si_00000033_1,cus_000000336322,HR,10772,usd,month,4,Jones-Young,billing@jonesyoung.com,2026-05-07,001000000000033AAA,2024-06-08,Active,001000000000033AAA,Jones-Young,CO,9048.48,4,,Lisa Hensley,2024-06-02,,,,,,,,,0,107.72%,$430.88,A,No Contract,"$5,170.56",4800,$0.00,,,,,
si_00000034_0,cus_000000346354,Hiring,8340,usd,month,1,"Washington, Ryan and Cummings",billing@washingtonryanandcummings.com,2026-06-13,001000000000034AAA,2024-01-05,Active,001000000000034AAA,"Washington, Ryan and Cummings",OH,7353.36,1,,Ryan Munoz,2023-12-16,,,,,,,,,0,111.20%,$83.40,A,No Contract,"$1,000.80",900,$0.00,,,,,
si_00000034_1,cus_000000346354,Payroll,1557,usd,month,34,"Washington, Ryan and Cummings",billing@washingtonryanandcummings.com,2026-06-13,001000000000034AAA,2024-01-05,Active,001000000000034AAA,"Washington, Ryan and Cummings",OH,7353.36,1,,Ryan Munoz,2023-12-16,,,,,,,,,0,111.21%,$529.38,A,No Contract,"$6,352.56",5712,$0.00,,,,,
si_00000035_0,cus_000000358760,Hiring,4500,usd,month,4,"Johnston, Sanchez and Kennedy",billing@johnstonsanchezandkennedy.com,2026-06-06,001000000000035AAA,2023-06-27,Active,001000000000035AAA,"Johnston, Sanchez and Kennedy",OH,2160,4,,Margaret Hawkins DDS,2023-05-31,800000000000035AAA,2026-02-09,2027-02-08,FALSE,12,2160,4,Below Floor,720,60.00%,$180.00,D,Locked,"$2,160.00",3600,"$1,440.00",,,,,
si_00000036_0,cus_000000360239,Hiring,6553,usd,month,1,Lee-Davis,billing@leedavis.com,2026-01-19,,2023-01-26,Churned,,,,,,,,,,,,,,,,,0,87.37%,$65.53,C,No Contract,$786.36,900,$113.64,,,,,
si_00000036_1,cus_000000360239,HR,8738,usd,month,1,Lee-Davis,billing@leedavis.com,2026-01-19,,2023-01-26,Churned,,,,,,,,,,,,,,,,,0,87.38%,$87.38,C,No Contract,"$1,048.56",1200,$151.44,,,,,
si_00000036_2,cus_000000360239,Payroll,1223,usd,month,33,Lee-Davis,billing@leedavis.com,2026-01-19,,2023-01-26,Churned,,,,,,,,,,,,,,,,,0,87.36%,$403.59,C,No Contract,"$4,843.08",5544,$700.92,,,,,
si_00000037_0,cus_000000373215,Hiring,5203,usd,month,2,Gomez-Jenkins,billing@gomezjenkins.com,2026-05-01,001000000000037AAA,2025-12-24,Active,001000000000037AAA,Gomez-Jenkins,WA,7284,5,Angie Henderson,Carla Gray,2025-12-06,800000000000037AAA,2026-05-03,2028-05-02,FALSE,24,7284,5,Below Floor,191.28,69.37%,$104.06,D,Locked,"$1,248.72",1800,$551.28,,,,,
si_00000037_1,cus_000000373215,HR,6937,usd,month,2,Gomez-Jenkins,billing@gomezjenkins.com,2026-05-01,001000000000037AAA,2025-12-24,Active,001000000000037AAA,Gomez-Jenkins,WA,7284,5,Angie Henderson,Carla Gray,2025-12-06,800000000000037AAA,2026-05-03,2028-05-02,FALSE,24,7284,5,Below Floor,255.12,69.37%,$138.74,D,Locked,"$1,664.88",2400,$735.12,,,,,
si_00000038_0,cus_000000388541,Hiring,4500,usd,month,2,"Brown, Valdez and Lucas",billing@brownvaldezandlucas.com,2026-05-05,001000000000038AAA,2023-11-22,Active,001000000000038AAA,"Brown, Valdez and Lucas",CO,5515.2,2,Gina Moore,Jamie Arnold,2023-11-15,,,,,,,,Below Floor,360,60.00%,$90.00,D,No Contract,"$1,080.00",1800,$720.00,,,,,
si_00000038_1,cus_000000388541,Payroll,840,usd,month,44,"Brown, Valdez and Lucas",billing@brownvaldezandlucas.com,2026-05-05,001000000000038AAA,2023-11-22,Active,001000000000038AAA,"Brown, Valdez and Lucas",CO,5515.2,2,Gina Moore,Jamie Arnold,2023-11-15,,,,,,,,Below Floor,1372.8,60.00%,$369.60,D,No Contract,"$4,435.20",7392,"$2,956.80",,,,,
si_00000039_0,cus_000000398932,Hiring,7956,usd,month,1,Powell LLC,billing@powellllc.com,2026-06-10,001000000000039AAA,2024-11-20,Active,001000000000039AAA,Powell LLC,TX,5078.76,1,,Monica Herrera,2024-10-25,800000000000039AAA,2025-09-02,2026-09-01,FALSE,12,5078.76,1,,0,106.08%,$79.56,A,Locked,$954.72,900,$0.00,,,,,
si_00000039_1,cus_000000398932,HR,10607,usd,month,1,Powell LLC,billing@powellllc.com,2026-06-10,001000000000039AAA,2024-11-20,Active,001000000000039AAA,Powell LLC,TX,5078.76,1,,Monica Herrera,2024-10-25,800000000000039AAA,2025-09-02,2026-09-01,FALSE,12,5078.76,1,,0,106.07%,$106.07,A,Locked,"$1,272.84",1200,$0.00,,,,,
si_00000039_2,cus_000000398932,Payroll,1485,usd,month,16,Powell LLC,billing@powellllc.com,2026-06-10,001000000000039AAA,2024-11-20,Active,001000000000039AAA,Powell LLC,TX,5078.76,1,,Monica Herrera,2024-10-25,800000000000039AAA,2025-09-02,2026-09-01,FALSE,12,5078.76,1,,0,106.07%,$237.60,A,Locked,"$2,851.20",2688,$0.00,,,,,
si_00000040_0,cus_000000409139,Hiring,7101,usd,month,5,Wright and Sons,billing@wrightandsons.com,2026-06-12,001000000000040AAA,2024-04-27,Active,001000000000040AAA,Wright and Sons,UT,9941.4,5,,Brian Ramirez,2024-04-25,800000000000040AAA,2023-03-06,2025-03-05,TRUE,24,9941.4,5,,0,94.68%,$355.05,B,Expired M2M,"$4,260.60",4500,$239.40,,,,,
si_00000040_1,cus_000000409139,HR,9468,usd,month,5,Wright and Sons,billing@wrightandsons.com,2026-06-12,001000000000040AAA,2024-04-27,Active,001000000000040AAA,Wright and Sons,UT,9941.4,5,,Brian Ramirez,2024-04-25,800000000000040AAA,2023-03-06,2025-03-05,TRUE,24,9941.4,5,,0,94.68%,$473.40,B,Expired M2M,"$5,680.80",6000,$319.20,,,,,
si_00000042_0,cus_000000422931,HR,134568,usd,year,1,Baxter Inc,billing@baxterinc.com,2026-06-11,001000000000042AAA,2025-03-12,Active,001000000000042AAA,Baxter Inc,OH,2691.36,2,,Lisa Jackson,2025-03-09,800000000000042AAA,2026-03-29,2027-03-28,FALSE,12,2691.36,2,,0,112.14%,$112.14,A,Locked,"$1,345.68",1200,$0.00,,,,,
si_00000043_0,cus_000000431203,Hiring,7999,usd,month,2,Morton-Chase,billing@mortonchase.com,2026-06-07,001000000000043AAA,2026-02-15,Active,001000000000043AAA,Morton-Chase,CA,4479.36,2,,Lisa Hensley,2026-02-14,,,,,,,,,0,106.65%,$159.98,A,No Contract,"$1,919.76",1800,$0.00,,,,,
si_00000043_1,cus_000000431203,HR,10665,usd,month,2,Morton-Chase,billing@mortonchase.com,2026-06-07,001000000000043AAA,2026-02-15,Active,001000000000043AAA,Morton-Chase,CA,4479.36,2,,Lisa Hensley,2026-02-14,,,,,,,,,0,106.65%,$213.30,A,No Contract,"$2,559.60",2400,$0.00,,,,,
si_00000044_0,cus_000000444399,Hiring,109176,usd,year,2,Williams PLC,billing@williamsplc.com,2026-03-20,001000000000044AAA,2023-08-18,Active,001000000000044AAA,Williams PLC,CA,5094.72,2,Angie Henderson,Monica Herrera,2023-08-16,,,,,,,,,0,121.31%,$181.96,A,No Contract,"$2,183.52",1800,$0.00,,,,,
si_00000044_1,cus_000000444399,HR,145560,usd,year,2,Williams PLC,billing@williamsplc.com,2026-03-20,001000000000044AAA,2023-08-18,Active,001000000000044AAA,Williams PLC,CA,5094.72,2,Angie Henderson,Monica Herrera,2023-08-16,,,,,,,,,0,121.30%,$242.60,A,No Contract,"$2,911.20",2400,$0.00,,,,,
si_00000045_0,cus_000000452957,Hiring,4614,usd,month,4,Novak and Sons,billing@novakandsons.com,2026-05-02,001000000000045AAA,2025-02-20,Active,001000000000045AAA,Novak and Sons,NY,3322.08,6,,Jamie Arnold,2025-01-22,,,,,,,,Below Floor,665.28,61.52%,$184.56,D,No Contract,"$2,214.72",3600,"$1,385.28",,,,,
si_00000046_0,cus_000000468837,Hiring,8124,usd,month,8,Russell Group,billing@russellgroup.com,2026-06-03,001000000000046AAA,2025-01-05,Active,001000000000046AAA,Russell Group,PA,18197.76,8,,Derek Zuniga,2024-12-08,,,,,,,,,0,108.32%,$649.92,A,No Contract,"$7,799.04",7200,$0.00,,,,,
si_00000046_1,cus_000000468837,HR,10832,usd,month,8,Russell Group,billing@russellgroup.com,2026-06-03,001000000000046AAA,2025-01-05,Active,001000000000046AAA,Russell Group,PA,18197.76,8,,Derek Zuniga,2024-12-08,,,,,,,,,0,108.32%,$866.56,A,No Contract,"$10,398.72",9600,$0.00,,,,,
si_00000047_0,cus_000000470366,Hiring,5366,usd,month,1,Hancock Inc,billing@hancockinc.com,2026-06-07,001000000000047AAA,2026-01-12,Active,001000000000047AAA,Hancock Inc,CO,6010.08,4,,Michele Williams,2025-12-24,,,,,,,,Below Floor,76.08,71.55%,$53.66,D,No Contract,$643.92,900,$256.08,,,,,
si_00000047_1,cus_000000470366,HR,7155,usd,month,1,Hancock Inc,billing@hancockinc.com,2026-06-07,001000000000047AAA,2026-01-12,Active,001000000000047AAA,Hancock Inc,CO,6010.08,4,,Michele Williams,2025-12-24,,,,,,,,Below Floor,101.4,71.55%,$71.55,D,No Contract,$858.60,1200,$341.40,,,,,
si_00000048_0,cus_000000486338,Hiring,8469,usd,month,3,Gray Group,billing@graygroup.com,2026-05-05,001000000000048AAA,2023-09-04,Active,001000000000048AAA,Gray Group,NC,14432.04,3,Abigail Shaffer,Brian Ramirez,2023-09-01,,,,,,,,,0,112.92%,$254.07,A,No Contract,"$3,048.84",2700,$0.00,,,,,
si_00000048_1,cus_000000486338,Payroll,1581,usd,month,60,Gray Group,billing@graygroup.com,2026-05-05,001000000000048AAA,2023-09-04,Active,001000000000048AAA,Gray Group,NC,14432.04,3,Abigail Shaffer,Brian Ramirez,2023-09-01,,,,,,,,,0,112.93%,$948.60,A,No Contract,"$11,383.20",10080,$0.00,,,,,
si_00000049_0,cus_000000499060,Hiring,6445,usd,month,3,House-Glover,billing@houseglover.com,2026-05-02,001000000000049AAA,2024-07-03,Active,001000000000049AAA,House-Glover,NY,2320.2,3,,Jamie Arnold,2024-06-21,,,,,,,,,0,85.93%,$193.35,C,No Contract,"$2,320.20",2700,$379.80,,,,,
si_00000050_0,cus_000000509765,Hiring,6966,usd,month,4,Henderson-Bernard,billing@hendersonbernard.com,2026-06-04,001000000000050AAA,2023-03-11,Active,001000000000050AAA,Henderson-Bernard,CO,3343.68,4,,Carla Gray,2023-03-08,800000000000050AAA,2025-12-29,2026-12-28,FALSE,12,3343.68,4,,0,92.88%,$278.64,B,Locked,"$3,343.68",3600,$256.32,,,,,
si_00000051_0,cus_000000516500,Hiring,7302,usd,month,9,"Stanley, Tucker and Lee",billing@stanleytuckerandlee.com,2026-06-10,001000000000051AAA,2026-04-21,Active,001000000000051AAA,"Stanley, Tucker and Lee",OH,7886.16,9,,Dylan Miller,2026-04-18,,,,,,,,,0,97.36%,$657.18,B,No Contract,"$7,886.16",8100,$213.84,,,,,
si_00000052_0,cus_000000529498,Hiring,5178,usd,month,5,Novak PLC,billing@novakplc.com,2026-05-14,001000000000052AAA,2023-04-20,Active,001000000000052AAA,Novak PLC,CA,10376.16,4,,Dylan Miller,2023-04-02,800000000000052AAA,2026-01-16,2028-01-15,FALSE,24,10376.16,4,Below Floor,493.2,69.04%,$258.90,D,Locked,"$3,106.80",4500,"$1,393.20",,,,,
si_00000052_1,cus_000000529498,Payroll,967,usd,month,85,Novak PLC,billing@novakplc.com,2026-05-14,001000000000052AAA,2023-04-20,Active,001000000000052AAA,Novak PLC,CA,10376.16,4,,Dylan Miller,2023-04-02,800000000000052AAA,2026-01-16,2028-01-15,FALSE,24,10376.16,4,Below Floor,1356.6,69.07%,$821.95,D,Locked,"$9,863.40",14280,"$4,416.60",,,,,
si_00000054_0,cus_000000540756,Hiring,6704,usd,month,3,"Woods, Calhoun and Schmidt",billing@woodscalhounandschmidt.com,2026-06-04,001000000000054AAA,2022-07-12,Active,001000000000054AAA,"Woods, Calhoun and Schmidt",TX,20493.36,3,Abigail Shaffer,Ryan Munoz,2022-07-06,800000000000054AAA,2026-02-06,2027-02-05,FALSE,12,20493.36,3,,0,89.39%,$201.12,C,Locked,"$2,413.44",2700,$286.56,,,,,
si_00000054_1,cus_000000540756,HR,8939,usd,month,3,"Woods, Calhoun and Schmidt",billing@woodscalhounandschmidt.com,2026-06-04,001000000000054AAA,2022-07-12,Active,001000000000054AAA,"Woods, Calhoun and Schmidt",TX,20493.36,3,Abigail Shaffer,Ryan Munoz,2022-07-06,800000000000054AAA,2026-02-06,2027-02-05,FALSE,12,20493.36,3,,0,89.39%,$268.17,C,Locked,"$3,218.04",3600,$381.96,,,,,
si_00000054_2,cus_000000540756,Payroll,1251,usd,month,99,"Woods, Calhoun and Schmidt",billing@woodscalhounandschmidt.com,2026-06-04,001000000000054AAA,2022-07-12,Active,001000000000054AAA,"Woods, Calhoun and Schmidt",TX,20493.36,3,Abigail Shaffer,Ryan Munoz,2022-07-06,800000000000054AAA,2026-02-06,2027-02-05,FALSE,12,20493.36,3,,0,89.36%,"$1,238.49",C,Locked,"$14,861.88",16632,"$1,770.12",,,,,
si_00000055_0,cus_000000553592,Hiring,7875,usd,month,1,yu,billing@yuinc.com,2026-06-11,,2022-04-12,Active,,,,,,,,,,,,,,,,,0,105.00%,$78.75,A,No Contract,$945.00,900,$0.00,,,,,
si_00000055_1,cus_000000553592,HR,10500,usd,month,1,yu,billing@yuinc.com,2026-06-11,,2022-04-12,Active,,,,,,,,,,,,,,,,,0,105.00%,$105.00,A,No Contract,"$1,260.00",1200,$0.00,,,,,
si_00000056_0,cus_000000569253,Hiring,92208,usd,year,2,"Hensley, Powel and David",billing@hensleypowellanddavid.com,2026-06-07,,2025-10-19,Active,,,,,,,,,,,,,,,,,0,102.45%,$153.68,A,No Contract,"$1,844.16",1800,$0.00,,,,,
si_00000056_1,cus_000000569253,HR,122940,usd,year,2,"Hensley, Powel and David",billing@hensleypowellanddavid.com,2026-06-07,,2025-10-19,Active,,,,,,,,,,,,,,,,,0,102.45%,$204.90,A,No Contract,"$2,458.80",2400,$0.00,,,,,
si_00000057_0,cus_000000576551,Hiring,7516,usd,month,3,"Sanchez, Wheeler and Harvey",billing@sanchezwheelerandharvey.com,2026-06-05,001000000000057AAA,2025-11-08,Active,001000000000057AAA,"Sanchez, Wheeler and Harvey",PA,2705.76,3,,Monica Herrera,2025-11-08,800000000000057AAA,2022-04-24,2025-04-23,TRUE,36,2705.76,3,,0,100.21%,$225.48,A,Expired M2M,"$2,705.76",2700,$0.00,,,,,
si_00000059_0,cus_000000597144,Hiring,6568,usd,month,3,Donovan-Harris,billing@donovanharris.com,2026-06-15,001000000000059AAA,2021-11-12,Active,001000000000059AAA,Donovan-Harris,PA,2364.48,3,,Holly Wood,2021-11-12,800000000000059AAA,2024-09-07,2025-09-06,TRUE,12,2364.48,3,,0,87.57%,$197.04,C,Expired M2M,"$2,364.48",2700,$335.52,,,,,
si_00000060_0,cus_000000608164,Hiring,9375,usd,month,5,"Edwards, Baker and Anderson",billing@edwardsbakerandanderson.com,2026-06-09,001000000000060AAA,2021-11-13,Active,001000000000060AAA,"Edwards, Baker and Anderson",UT,13125,5,,Dylan Miller,2021-11-02,800000000000060AAA,2025-11-08,2026-11-07,FALSE,12,13125,5,,0,125.00%,$468.75,A,Locked,"$5,625.00",4500,$0.00,,,,,
si_00000060_1,cus_000000608164,HR,12500,usd,month,5,"Edwards, Baker and Anderson",billing@edwardsbakerandanderson.com,2026-06-09,001000000000060AAA,2021-11-13,Active,001000000000060AAA,"Edwards, Baker and Anderson",UT,13125,5,,Dylan Miller,2021-11-02,800000000000060AAA,2025-11-08,2026-11-07,FALSE,12,13125,5,,0,125.00%,$625.00,A,Locked,"$7,500.00",6000,$0.00,,,,,
si_00000061_0,cus_000000611412,Hiring,7636,usd,month,1,"Evans, Stewart & Walton",billing@evansstewartandwalton.com,2026-06-11,,2025-08-30,Active,,,,,,,,,,,,,,,,,0,101.81%,$76.36,A,No Contract,$916.32,900,$0.00,,,,,
si_00000062_0,cus_000000628468,Hiring,4500,usd,month,9,Smith,billing@smithplc.com,2026-06-09,,2023-11-28,Active,,,,,,,,,,,,,,,,Below Floor,1620,60.00%,$405.00,D,No Contract,"$4,860.00",8100,"$3,240.00",,,,,
si_00000063_0,cus_000000639000,Hiring,7263,usd,month,7,"Ferrell, Jnes and Lewis",billing@ferrelljonesandlewis.com,2026-06-12,,2022-02-20,Active,,,,,,,,,,,,,,,,,0,96.84%,$508.41,B,No Contract,"$6,100.92",6300,$199.08,,,,,
si_00000063_1,cus_000000639000,HR,9683,usd,month,7,"Ferrell, Jnes and Lewis",billing@ferrelljonesandlewis.com,2026-06-12,,2022-02-20,Active,,,,,,,,,,,,,,,,,0,96.83%,$677.81,B,No Contract,"$8,133.72",8400,$266.28,,,,,
si_00000064_0,cus_000000649638,Hiring,6918,usd,month,18,Anderson-Bailey,billing@andersonbailey.com,2026-06-03,001000000000064AAA,2023-06-19,Active,001000000000064AAA,Anderson-Bailey,GA,30990.72,16,Gina Moore,Monica Herrera,2023-06-08,,,,,,,,,0,92.24%,"$1,245.24",B,No Contract,"$14,942.88",16200,"$1,257.12",,,,,
si_00000064_1,cus_000000649638,HR,9223,usd,month,18,Anderson-Bailey,billing@andersonbailey.com,2026-06-03,001000000000064AAA,2023-06-19,Active,001000000000064AAA,Anderson-Bailey,GA,30990.72,16,Gina Moore,Monica Herrera,2023-06-08,,,,,,,,,0,92.23%,"$1,660.14",B,No Contract,"$19,921.68",21600,"$1,678.32",,,,,
si_00000065_0,cus_000000650257,Hiring,112500,usd,year,3,Suarez LLC,billing@suarezllc.com,2026-01-02,001000000000065AAA,2024-08-13,Active,001000000000065AAA,Suarez LLC,GA,7875,3,Gina Moore,Jamie Arnold,2024-08-09,800000000000065AAA,2026-05-06,2027-05-05,FALSE,12,7875,3,,0,125.00%,$281.25,A,Locked,"$3,375.00",2700,$0.00,,,,,
si_00000065_1,cus_000000650257,HR,150000,usd,year,3,Suarez LLC,billing@suarezllc.com,2026-01-02,001000000000065AAA,2024-08-13,Active,001000000000065AAA,Suarez LLC,GA,7875,3,Gina Moore,Jamie Arnold,2024-08-09,800000000000065AAA,2026-05-06,2027-05-05,FALSE,12,7875,3,,0,125.00%,$375.00,A,Locked,"$4,500.00",3600,$0.00,,,,,
si_00000067_0,cus_000000676002,Hiring,9133,usd,month,5,"Turner, Riggs and Roman",billing@turnerriggsandroman.com,2026-06-07,001000000000067AAA,2022-11-10,Active,001000000000067AAA,"Turner, Riggs and Roman",UT,28131,5,Noah Rhodes,Lisa Hensley,2022-10-12,800000000000067AAA,2026-02-22,2027-02-21,FALSE,12,28131,5,,0,121.77%,$456.65,A,Locked,"$5,479.80",4500,$0.00,,,,,
si_00000067_1,cus_000000676002,HR,12177,usd,month,5,"Turner, Riggs and Roman",billing@turnerriggsandroman.com,2026-06-07,001000000000067AAA,2022-11-10,Active,001000000000067AAA,"Turner, Riggs and Roman",UT,28131,5,Noah Rhodes,Lisa Hensley,2022-10-12,800000000000067AAA,2026-02-22,2027-02-21,FALSE,12,28131,5,,0,121.77%,$608.85,A,Locked,"$7,306.20",6000,$0.00,,,,,
si_00000067_2,cus_000000676002,Payroll,1705,usd,month,75,"Turner, Riggs and Roman",billing@turnerriggsandroman.com,2026-06-07,001000000000067AAA,2022-11-10,Active,001000000000067AAA,"Turner, Riggs and Roman",UT,28131,5,Noah Rhodes,Lisa Hensley,2022-10-12,800000000000067AAA,2026-02-22,2027-02-21,FALSE,12,28131,5,,0,121.79%,"$1,278.75",A,Locked,"$15,345.00",12600,$0.00,,,,,
si_00000068_0,cus_000000687398,Hiring,6992,usd,month,5,"Smith, Montoya and Evans",billing@smithmontoyaandevans.com,2026-05-04,001000000000068AAA,2024-06-10,Active,001000000000068AAA,"Smith, Montoya and Evans",IL,4195.2,5,Daniel Wagner,Brian Ramirez,2024-05-23,,,,,,,,,0,93.23%,$349.60,B,No Contract,"$4,195.20",4500,$304.80,,,,,
si_00000069_0,cus_000000693229,Hiring,85740,usd,year,4,"Garcia, Humphrey and Baker",billing@garciahumphreyandbaker.com,2026-06-13,001000000000069AAA,2022-12-26,Active,001000000000069AAA,"Garcia, Humphrey and Baker",AZ,22729.44,4,Gabrielle Davis,Carla Gray,2022-12-13,,,,,,,,,0,95.27%,$285.80,B,No Contract,"$3,429.60",3600,$170.40,,,,,
si_00000069_1,cus_000000693229,HR,114312,usd,year,4,"Garcia, Humphrey and Baker",billing@garciahumphreyandbaker.com,2026-06-13,001000000000069AAA,2022-12-26,Active,001000000000069AAA,"Garcia, Humphrey and Baker",AZ,22729.44,4,Gabrielle Davis,Carla Gray,2022-12-13,,,,,,,,,0,95.26%,$381.04,B,No Contract,"$4,572.48",4800,$227.52,,,,,
si_00000069_2,cus_000000693229,Payroll,16008,usd,year,92,"Garcia, Humphrey and Baker",billing@garciahumphreyandbaker.com,2026-06-13,001000000000069AAA,2022-12-26,Active,001000000000069AAA,"Garcia, Humphrey and Baker",AZ,22729.44,4,Gabrielle Davis,Carla Gray,2022-12-13,,,,,,,,,0,95.29%,"$1,227.28",B,No Contract,"$14,727.36",15456,$728.64,,,,,
si_00000070_0,cus_000000700383,Hiring,6635,usd,month,6,Newton and Sons,billing@newtonandsons.com,2026-06-02,001000000000070AAA,2022-05-28,Active,001000000000070AAA,Newton and Sons,GA,20059.92,6,,Ryan Munoz,2022-05-17,,,,,,,,,0,88.47%,$398.10,C,No Contract,"$4,777.20",5400,$622.80,,,,,
si_00000070_1,cus_000000700383,HR,8846,usd,month,6,Newton and Sons,billing@newtonandsons.com,2026-06-02,001000000000070AAA,2022-05-28,Active,001000000000070AAA,Newton and Sons,GA,20059.92,6,,Ryan Munoz,2022-05-17,,,,,,,,,0,88.46%,$530.76,C,No Contract,"$6,369.12",7200,$830.88,,,,,
si_00000070_2,cus_000000700383,Payroll,1238,usd,month,60,Newton and Sons,billing@newtonandsons.com,2026-06-02,001000000000070AAA,2022-05-28,Active,001000000000070AAA,Newton and Sons,GA,20059.92,6,,Ryan Munoz,2022-05-17,,,,,,,,,0,88.43%,$742.80,C,No Contract,"$8,913.60",10080,"$1,166.40",,,,,
si_00000071_0,cus_000000716234,Hiring,7326,usd,month,1,Campbell-Clark,billing@campbellclark.com,2026-06-04,001000000000071AAA,2024-10-22,Active,001000000000071AAA,Campbell-Clark,CA,879.12,1,Allison Hill,Jamie Arnold,2024-09-25,,,,,,,,,0,97.68%,$73.26,B,No Contract,$879.12,900,$20.88,,,,,
si_00000072_0,cus_000000729223,Hiring,9375,usd,month,6,Harris-Walters,billing@harriswalters.com,2026-06-06,001000000000072AAA,2025-12-26,Active,001000000000072AAA,Harris-Walters,IL,40770,6,Cristian Santos,Jamie Arnold,2025-12-02,800000000000072AAA,2025-02-05,2026-02-04,TRUE,12,40770,6,,0,125.00%,$562.50,A,Expired M2M,"$6,750.00",5400,$0.00,,,,,
si_00000072_1,cus_000000729223,Payroll,1750,usd,month,162,Harris-Walters,billing@harriswalters.com,2026-06-06,001000000000072AAA,2025-12-26,Active,001000000000072AAA,Harris-Walters,IL,40770,6,Cristian Santos,Jamie Arnold,2025-12-02,800000000000072AAA,2025-02-05,2026-02-04,TRUE,12,40770,6,,0,125.00%,"$2,835.00",A,Expired M2M,"$34,020.00",27216,$0.00,,,,,
si_00000073_0,cus_000000730214,Hiring,82488,usd,year,1,Wagner-King,billing@wagnerking.com,2026-06-05,001000000000073AAA,2025-07-20,Active,001000000000073AAA,Wagner-King,PA,12119.04,2,Gabrielle Davis,Lisa Jackson,2025-06-26,800000000000073AAA,2026-01-06,2027-01-05,FALSE,12,12119.04,2,,0,91.65%,$68.74,B,Locked,$824.88,900,$75.12,,,,,
si_00000073_1,cus_000000730214,Payroll,15396,usd,year,34,Wagner-King,billing@wagnerking.com,2026-06-05,001000000000073AAA,2025-07-20,Active,001000000000073AAA,Wagner-King,PA,12119.04,2,Gabrielle Davis,Lisa Jackson,2025-06-26,800000000000073AAA,2026-01-06,2027-01-05,FALSE,12,12119.04,2,,0,91.64%,$436.22,B,Locked,"$5,234.64",5712,$477.36,,,,,
si_00000075_0,cus_000000752185,Hiring,8536,usd,month,6,Williams-Cook,billing@williamscook.com,2026-01-29,001000000000075AAA,2021-12-28,Churned,001000000000075AAA,Williams-Cook,OH,14340.24,6,,Michele Williams,2021-12-10,800000000000075AAA,2024-11-23,2025-11-22,TRUE,12,14340.24,6,,0,113.81%,$512.16,A,Expired M2M,"$6,145.92",5400,$0.00,,,,,
si_00000075_1,cus_000000752185,HR,11381,usd,month,6,Williams-Cook,billing@williamscook.com,2026-01-29,001000000000075AAA,2021-12-28,Churned,001000000000075AAA,Williams-Cook,OH,14340.24,6,,Michele Williams,2021-12-10,800000000000075AAA,2024-11-23,2025-11-22,TRUE,12,14340.24,6,,0,113.81%,$682.86,A,Expired M2M,"$8,194.32",7200,$0.00,,,,,
si_00000076_0,cus_000000769462,Hiring,7257,usd,month,2,Walsh LLC,billing@walshllc.com,2026-06-01,001000000000076AAA,2024-11-18,Active,001000000000076AAA,Walsh LLC,FL,4063.68,2,,Holly Wood,2024-10-23,,,,,,,,,0,96.76%,$145.14,B,No Contract,"$1,741.68",1800,$58.32,,,,,
si_00000076_1,cus_000000769462,HR,9675,usd,month,2,Walsh LLC,billing@walshllc.com,2026-06-01,001000000000076AAA,2024-11-18,Active,001000000000076AAA,Walsh LLC,FL,4063.68,2,,Holly Wood,2024-10-23,,,,,,,,,0,96.75%,$193.50,B,No Contract,"$2,322.00",2400,$78.00,,,,,
si_00000077_0,cus_000000776643,Hiring,9312,usd,month,9,Figueroa PLC,billing@figueroaplc.com,2026-06-04,,2024-05-12,Active,,,,,,,,,,,,,,,,,0,124.16%,$838.08,A,No Contract,"$10,056.96",8100,$0.00,,,,,
si_00000077_1,cus_000000776643,HR,12416,usd,month,9,Figueroa PLC,billing@figueroaplc.com,2026-06-04,,2024-05-12,Active,,,,,,,,,,,,,,,,,0,124.16%,"$1,117.44",A,No Contract,"$13,409.28",10800,$0.00,,,,,
si_00000077_2,cus_000000776643,Payroll,1738,usd,month,45,Figueroa PLC,billing@figueroaplc.com,2026-06-04,,2024-05-12,Active,,,,,,,,,,,,,,,,,0,124.14%,$782.10,A,No Contract,"$9,385.20",7560,$0.00,,,,,
si_00000078_0,cus_000000787036,Hiring,7473,usd,month,3,"Patterson, Smith and Jones",billing@pattersonsmithandjones.com,2026-02-08,001000000000078AAA,2023-11-04,Churned,001000000000078AAA,"Patterson, Smith and Jones",WA,2690.28,3,,Michele Williams,2023-10-20,800000000000078AAA,2024-03-08,2027-03-07,FALSE,36,2690.28,3,,0,99.64%,$224.19,B,Locked,"$2,690.28",2700,$9.72,,,,,
si_00000079_0,cus_000000794044,Hiring,6656,usd,month,6,"Mckee, Gardner and Davenport",billing@mckeegardneranddavenport.com,2026-06-08,001000000000079AAA,2026-02-17,Active,001000000000079AAA,"Mckee, Gardner and Davenport",CA,11181.6,6,,Margaret Hawkins DDS,2026-02-05,,,,,,,,,0,88.75%,$399.36,C,No Contract,"$4,792.32",5400,$607.68,,,,,
si_00000079_1,cus_000000794044,HR,8874,usd,month,6,"Mckee, Gardner and Davenport",billing@mckeegardneranddavenport.com,2026-06-08,001000000000079AAA,2026-02-17,Active,001000000000079AAA,"Mckee, Gardner and Davenport",CA,11181.6,6,,Margaret Hawkins DDS,2026-02-05,,,,,,,,,0,88.74%,$532.44,C,No Contract,"$6,389.28",7200,$810.72,,,,,
si_00000080_0,cus_000000805999,Hiring,7520,usd,month,8,"Tran, Jordan and Williams",billing@tranjordanandwilliams.com,2026-06-09,001000000000080AAA,2023-05-01,Active,001000000000080AAA,"Tran, Jordan and Williams",FL,16845.12,8,,Michele Williams,2023-04-30,,,,,,,,,0,100.27%,$601.60,A,No Contract,"$7,219.20",7200,$0.00,,,,,
si_00000080_1,cus_000000805999,HR,10027,usd,month,8,"Tran, Jordan and Williams",billing@tranjordanandwilliams.com,2026-06-09,001000000000080AAA,2023-05-01,Active,001000000000080AAA,"Tran, Jordan and Williams",FL,16845.12,8,,Michele Williams,2023-04-30,,,,,,,,,0,100.27%,$802.16,A,No Contract,"$9,625.92",9600,$0.00,,,,,
si_00000081_0,cus_000000819980,Hiring,7718,usd,month,5,Nolan-Flynn,billing@nolanflynn.com,2025-12-20,001000000000081AAA,2024-01-03,Churned,001000000000081AAA,Nolan-Flynn,CO,10804.8,5,Daniel Wagner,Ryan Munoz,2023-12-31,800000000000081AAA,2024-08-25,2025-08-24,TRUE,12,10804.8,5,,0,102.91%,$385.90,A,Expired M2M,"$4,630.80",4500,$0.00,,,,,
si_00000081_1,cus_000000819980,HR,10290,usd,month,5,Nolan-Flynn,billing@nolanflynn.com,2025-12-20,001000000000081AAA,2024-01-03,Churned,001000000000081AAA,Nolan-Flynn,CO,10804.8,5,Daniel Wagner,Ryan Munoz,2023-12-31,800000000000081AAA,2024-08-25,2025-08-24,TRUE,12,10804.8,5,,0,102.90%,$514.50,A,Expired M2M,"$6,174.00",6000,$0.00,,,,,
si_00000082_0,cus_000000829844,Hiring,6615,usd,month,8,Nolan and Sons,billing@nolanandsons.com,2026-03-15,001000000000082AAA,2023-12-11,Churned,001000000000082AAA,Nolan and Sons,FL,3969,5,,Monica Herrera,2023-12-10,,,,,,,,,0,88.20%,$529.20,C,No Contract,"$6,350.40",7200,$849.60,,,,,
si_00000083_0,cus_000000835125,Hiring,9114,usd,month,3,"Wright, Garcia and Deleon",billing@wrightgarciaanddeleon.com,2026-06-05,001000000000083AAA,2025-11-28,Active,001000000000083AAA,"Wright, Garcia and Deleon",TX,12760.2,5,Abigail Shaffer,Ryan Munoz,2025-11-16,800000000000083AAA,2024-10-28,2026-10-27,FALSE,24,12760.2,5,,0,121.52%,$273.42,A,Locked,"$3,281.04",2700,$0.00,,,,,
si_00000083_1,cus_000000835125,HR,12153,usd,month,3,"Wright, Garcia and Deleon",billing@wrightgarciaanddeleon.com,2026-06-05,001000000000083AAA,2025-11-28,Active,001000000000083AAA,"Wright, Garcia and Deleon",TX,12760.2,5,Abigail Shaffer,Ryan Munoz,2025-11-16,800000000000083AAA,2024-10-28,2026-10-27,FALSE,24,12760.2,5,,0,121.53%,$364.59,A,Locked,"$4,375.08",3600,$0.00,,,,,
si_00000084_0,cus_000000845738,Hiring,6879,usd,month,1,Dickson-Brady,billing@dicksonbrady.com,2026-02-25,001000000000084AAA,2025-10-02,Churned,001000000000084AAA,Dickson-Brady,FL,7814.16,2,Noah Rhodes,Brian Ramirez,2025-09-19,800000000000084AAA,2026-04-22,2027-04-21,FALSE,12,7814.16,2,,0,91.72%,$68.79,B,Locked,$825.48,900,$74.52,,,,,
si_00000084_1,cus_000000845738,Payroll,1284,usd,month,20,Dickson-Brady,billing@dicksonbrady.com,2026-02-25,001000000000084AAA,2025-10-02,Churned,001000000000084AAA,Dickson-Brady,FL,7814.16,2,Noah Rhodes,Brian Ramirez,2025-09-19,800000000000084AAA,2026-04-22,2027-04-21,FALSE,12,7814.16,2,,0,91.71%,$256.80,B,Locked,"$3,081.60",3360,$278.40,,,,,
si_00000085_0,cus_000000858972,Hiring,8972,usd,month,4,hancock and sons,billing@hancockandsons.com,2026-06-13,,2025-11-29,Active,,,,,,,,,,,,,,,,,0,119.63%,$358.88,A,No Contract,"$4,306.56",3600,$0.00,,,,,
si_00000086_0,cus_000000866893,Hiring,5871,usd,month,6,Johnson-Doyle,billing@johnsondoyle.com,2026-06-08,001000000000086AAA,2026-01-03,Active,001000000000086AAA,Johnson-Doyle,GA,6575.52,4,,Brian Ramirez,2025-12-11,,,,,,,,Below Floor,92.88,78.28%,$352.26,C,No Contract,"$4,227.12",5400,"$1,172.88",,,,,
si_00000086_1,cus_000000866893,HR,7828,usd,month,6,Johnson-Doyle,billing@johnsondoyle.com,2026-06-08,001000000000086AAA,2026-01-03,Active,001000000000086AAA,Johnson-Doyle,GA,6575.52,4,,Brian Ramirez,2025-12-11,,,,,,,,Below Floor,123.84,78.28%,$469.68,C,No Contract,"$5,636.16",7200,"$1,563.84",,,,,
si_00000087_0,cus_000000871397,Hiring,6711,usd,month,5,Patton-Jenkins,billing@pattonjenkins.com,2026-06-04,001000000000087AAA,2025-05-10,Active,001000000000087AAA,Patton-Jenkins,GA,4026.6,5,,Holly Wood,2025-05-09,800000000000087AAA,2024-09-14,2025-09-13,TRUE,12,4026.6,5,,0,89.48%,$335.55,C,Expired M2M,"$4,026.60",4500,$473.40,,,,,
si_00000088_0,cus_000000883969,HR,11279,usd,month,11,"Shields, Cochran and Adams",billing@shieldscochranandadams.com,2026-06-12,001000000000088AAA,2024-08-24,Active,001000000000088AAA,"Shields, Cochran and Adams",FL,14888.28,11,Daniel Wagner,Holly Wood,2024-08-15,800000000000088AAA,2024-05-25,2025-05-24,TRUE,12,14888.28,11,,0,112.79%,"$1,240.69",A,Expired M2M,"$14,888.28",13200,$0.00,,,,,
si_00000089_0,cus_000000897828,Hiring,7885,usd,month,3,"Rodriguez, Brennan and Garrison",billing@rodriguezbrennanandgarrison.com,2026-06-11,001000000000089AAA,2022-10-13,Active,001000000000089AAA,"Rodriguez, Brennan and Garrison",FL,25700.76,3,,Michele Williams,2022-09-17,800000000000089AAA,2025-08-19,2026-08-18,FALSE,12,25700.76,3,,0,105.13%,$236.55,A,Locked,"$2,838.60",2700,$0.00,,,,,
si_00000089_1,cus_000000897828,HR,10514,usd,month,3,"Rodriguez, Brennan and Garrison",billing@rodriguezbrennanandgarrison.com,2026-06-11,001000000000089AAA,2022-10-13,Active,001000000000089AAA,"Rodriguez, Brennan and Garrison",FL,25700.76,3,,Michele Williams,2022-09-17,800000000000089AAA,2025-08-19,2026-08-18,FALSE,12,25700.76,3,,0,105.14%,$315.42,A,Locked,"$3,785.04",3600,$0.00,,,,,
si_00000089_2,cus_000000897828,Payroll,1472,usd,month,108,"Rodriguez, Brennan and Garrison",billing@rodriguezbrennanandgarrison.com,2026-06-11,001000000000089AAA,2022-10-13,Active,001000000000089AAA,"Rodriguez, Brennan and Garrison",FL,25700.76,3,,Michele Williams,2022-09-17,800000000000089AAA,2025-08-19,2026-08-18,FALSE,12,25700.76,3,,0,105.14%,"$1,589.76",A,Locked,"$19,077.12",18144,$0.00,,,,,
si_00000090_0,cus_000000904274,Hiring,5530,usd,month,1,Gonzalez Group,billing@gonzalezgroup.com,2026-06-04,001000000000090AAA,2023-03-22,Active,001000000000090AAA,Gonzalez Group,NC,1990.8,3,Angie Henderson,Carla Gray,2023-02-27,800000000000090AAA,2025-11-29,2026-11-28,FALSE,12,1990.8,3,Below Floor,56.4,73.73%,$55.30,D,Locked,$663.60,900,$236.40,,,,,
si_00000091_0,cus_000000910595,Hiring,6160,usd,month,4,Torres-Pope,billing@torrespope.com,2026-06-10,,2024-05-21,Active,,,,,,,,,,,,,,,,,0,82.13%,$246.40,C,No Contract,"$2,956.80",3600,$643.20,,,,,
si_00000091_1,cus_000000910595,HR,8213,usd,month,4,Torres-Pope,billing@torrespope.com,2026-06-10,,2024-05-21,Active,,,,,,,,,,,,,,,,,0,82.13%,$328.52,C,No Contract,"$3,942.24",4800,$857.76,,,,,
si_00000092_0,cus_000000926678,Hiring,8450,usd,month,8,Walker Ltd,billing@walkerltd.com,2026-06-02,001000000000092AAA,2023-05-11,Active,001000000000092AAA,Walker Ltd,CO,18928.32,8,,Monica Herrera,2023-04-30,800000000000092AAA,2026-02-08,2027-02-07,FALSE,12,18928.32,8,,0,112.67%,$676.00,A,Locked,"$8,112.00",7200,$0.00,,,,,
si_00000092_1,cus_000000926678,HR,11267,usd,month,8,Walker Ltd,billing@walkerltd.com,2026-06-02,001000000000092AAA,2023-05-11,Active,001000000000092AAA,Walker Ltd,CO,18928.32,8,,Monica Herrera,2023-04-30,800000000000092AAA,2026-02-08,2027-02-07,FALSE,12,18928.32,8,,0,112.67%,$901.36,A,Locked,"$10,816.32",9600,$0.00,,,,,
si_00000093_0,cus_000000934152,Hiring,7659,usd,month,4,Ross LLC,billing@rossllc.com,2026-06-12,001000000000093AAA,2023-08-20,Active,001000000000093AAA,Ross LLC,AZ,26327.52,4,,Jamie Arnold,2023-08-12,,,,,,,,,0,102.12%,$306.36,A,No Contract,"$3,676.32",3600,$0.00,,,,,
si_00000093_1,cus_000000934152,Payroll,1430,usd,month,132,Ross LLC,billing@rossllc.com,2026-06-12,001000000000093AAA,2023-08-20,Active,001000000000093AAA,Ross LLC,AZ,26327.52,4,,Jamie Arnold,2023-08-12,,,,,,,,,0,102.14%,"$1,887.60",A,No Contract,"$22,651.20",22176,$0.00,,,,,
si_00000094_0,cus_000000944032,Hiring,5554,usd,month,2,Rasmussen LLC,billing@rasmussenllc.com,2026-06-03,001000000000094AAA,2023-10-23,Active,001000000000094AAA,Rasmussen LLC,IL,16985.16,3,,Derek Zuniga,2023-09-27,,,,,,,,Below Floor,107.04,74.05%,$111.08,D,No Contract,"$1,332.96",1800,$467.04,,,,,
si_00000094_1,cus_000000944032,HR,7406,usd,month,2,Rasmussen LLC,billing@rasmussenllc.com,2026-06-03,001000000000094AAA,2023-10-23,Active,001000000000094AAA,Rasmussen LLC,IL,16985.16,3,,Derek Zuniga,2023-09-27,,,,,,,,Below Floor,142.56,74.06%,$148.12,D,No Contract,"$1,777.44",2400,$622.56,,,,,
si_00000094_2,cus_000000944032,Payroll,1037,usd,month,66,Rasmussen LLC,billing@rasmussenllc.com,2026-06-03,001000000000094AAA,2023-10-23,Active,001000000000094AAA,Rasmussen LLC,IL,16985.16,3,,Derek Zuniga,2023-09-27,,,,,,,,Below Floor,498.96,74.07%,$684.42,D,No Contract,"$8,213.04",11088,"$2,874.96",,,,,
si_00000095_0,cus_000000958088,Hiring,6964,usd,month,1,May-Ross,billing@mayross.com,2026-06-04,001000000000095AAA,2021-11-08,Active,001000000000095AAA,May-Ross,NC,13950.72,4,,Carla Gray,2021-10-29,800000000000095AAA,2025-11-26,2026-11-25,FALSE,12,13950.72,4,,0,92.85%,$69.64,B,Locked,$835.68,900,$64.32,,,,,
si_00000095_1,cus_000000958088,Payroll,1300,usd,month,17,May-Ross,billing@mayross.com,2026-06-04,001000000000095AAA,2021-11-08,Active,001000000000095AAA,May-Ross,NC,13950.72,4,,Carla Gray,2021-10-29,800000000000095AAA,2025-11-26,2026-11-25,FALSE,12,13950.72,4,,0,92.86%,$221.00,B,Locked,"$2,652.00",2856,$204.00,,,,,
si_00000096_0,cus_000000962937,HR,9401,usd,month,5,"Rivera, Johnson and Wiley",billing@riverajohnsonandwiley.com,2026-06-06,001000000000096AAA,2025-07-23,Active,001000000000096AAA,"Rivera, Johnson and Wiley",PA,5640.6,5,Noah Rhodes,Carla Gray,2025-07-08,,,,,,,,,0,94.01%,$470.05,B,No Contract,"$5,640.60",6000,$359.40,,,,,
si_00000097_0,cus_000000976847,Hiring,7562,usd,month,2,White-Estes,billing@whiteestes.com,2026-06-03,001000000000097AAA,2023-08-04,Active,001000000000097AAA,White-Estes,PA,6352.2,3,,Jamie Arnold,2023-07-30,,,,,,,,,0,100.83%,$151.24,A,No Contract,"$1,814.88",1800,$0.00,,,,,
si_00000097_1,cus_000000976847,HR,10083,usd,month,2,White-Estes,billing@whiteestes.com,2026-06-03,001000000000097AAA,2023-08-04,Active,001000000000097AAA,White-Estes,PA,6352.2,3,,Jamie Arnold,2023-07-30,,,,,,,,,0,100.83%,$201.66,A,No Contract,"$2,419.92",2400,$0.00,,,,,
si_00000098_0,cus_000000987261,Hiring,8589,usd,month,5,Johnson-Carlson,billing@johnsoncarlson.com,2026-06-09,001000000000098AAA,2025-01-26,Active,001000000000098AAA,Johnson-Carlson,FL,12024.6,5,,Derek Zuniga,2024-12-29,800000000000098AAA,2024-09-21,2026-09-20,FALSE,24,12024.6,5,,0,114.52%,$429.45,A,Locked,"$5,153.40",4500,$0.00,,,,,
si_00000098_1,cus_000000987261,HR,11452,usd,month,5,Johnson-Carlson,billing@johnsoncarlson.com,2026-06-09,001000000000098AAA,2025-01-26,Active,001000000000098AAA,Johnson-Carlson,FL,12024.6,5,,Derek Zuniga,2024-12-29,800000000000098AAA,2024-09-21,2026-09-20,FALSE,24,12024.6,5,,0,114.52%,$572.60,A,Locked,"$6,871.20",6000,$0.00,,,,,
si_00000099_0,cus_000000998444,Hiring,6441,usd,month,1,Chandler-Edwards,billing@chandleredwards.com,2026-06-05,001000000000099AAA,2024-05-10,Active,001000000000099AAA,Chandler-Edwards,TN,1803.48,1,,Ryan Munoz,2024-04-24,,,,,,,,,0,85.88%,$64.41,C,No Contract,$772.92,900,$127.08,,,,,
si_00000099_1,cus_000000998444,HR,8588,usd,month,1,Chandler-Edwards,billing@chandleredwards.com,2026-06-05,001000000000099AAA,2024-05-10,Active,001000000000099AAA,Chandler-Edwards,TN,1803.48,1,,Ryan Munoz,2024-04-24,,,,,,,,,0,85.88%,$85.88,C,No Contract,"$1,030.56",1200,$169.44,,,,,
si_00000100_0,cus_000001003198,HR,9504,usd,month,16,"Joyce, Wilson & Lam",billing@joycewilsonandlam.com,2026-06-10,,2023-07-11,Active,,,,,,,,,,,,,,,,,0,95.04%,"$1,520.64",B,No Contract,"$18,247.68",19200,$952.32,,,,,
si_00000101_0,cus_000001014548,Hiring,75144,usd,year,6,Scott Ltd,billing@scottltd.com,2026-05-12,001000000000101AAA,2024-10-02,Active,001000000000101AAA,Scott Ltd,NC,3757.2,5,Cristian Santos,Lisa Hensley,2024-09-29,,,,,,,,,0,83.49%,$375.72,C,No Contract,"$4,508.64",5400,$891.36,,,,,
si_00000102_0,cus_000001026775,Hiring,7400,usd,month,4,Smith-Frost,billing@smithfrost.com,2026-06-06,001000000000102AAA,2025-11-05,Active,001000000000102AAA,Smith-Frost,GA,28174.56,4,,Ryan Munoz,2025-11-01,800000000000102AAA,2025-11-16,2026-11-15,FALSE,12,28174.56,4,,0,98.67%,$296.00,B,Locked,"$3,552.00",3600,$48.00,,,,,
si_00000102_1,cus_000001026775,HR,9867,usd,month,4,Smith-Frost,billing@smithfrost.com,2026-06-06,001000000000102AAA,2025-11-05,Active,001000000000102AAA,Smith-Frost,GA,28174.56,4,,Ryan Munoz,2025-11-01,800000000000102AAA,2025-11-16,2026-11-15,FALSE,12,28174.56,4,,0,98.67%,$394.68,B,Locked,"$4,736.16",4800,$63.84,,,,,
si_00000102_2,cus_000001026775,Payroll,1381,usd,month,120,Smith-Frost,billing@smithfrost.com,2026-06-06,001000000000102AAA,2025-11-05,Active,001000000000102AAA,Smith-Frost,GA,28174.56,4,,Ryan Munoz,2025-11-01,800000000000102AAA,2025-11-16,2026-11-15,FALSE,12,28174.56,4,,0,98.64%,"$1,657.20",B,Locked,"$19,886.40",20160,$273.60,,,,,
si_00000103_0,cus_000001039868,Hiring,6337,usd,month,3,"Mcdaniel, Bentley and Mclaughlin",billing@mcdanielbentleyandmclaughlin.com,2026-06-14,001000000000103AAA,2024-10-28,Active,001000000000103AAA,"Mcdaniel, Bentley and Mclaughlin",CA,2281.32,3,Gabrielle Davis,Monica Herrera,2024-10-16,,,,,,,,,0,84.49%,$190.11,C,No Contract,"$2,281.32",2700,$418.68,,,,,
si_00000104_0,cus_000001043419,Hiring,5178,usd,month,2,Diaz Inc,billing@diazinc.com,2026-06-12,001000000000104AAA,2022-11-03,Active,001000000000104AAA,Diaz Inc,IL,1242.72,2,Noah Rhodes,Lisa Jackson,2022-11-02,800000000000104AAA,2022-10-14,2024-10-13,TRUE,24,1242.72,2,Below Floor,197.28,69.04%,$103.56,D,Expired M2M,"$1,242.72",1800,$557.28,,,,,
si_00000105_0,cus_000001051677,Hiring,6289,usd,month,1,"Mccall, Hanson and Alvarado",billing@mccallhansonandalvarado.com,2026-06-11,001000000000105AAA,2022-07-16,Active,001000000000105AAA,"Mccall, Hanson and Alvarado",FL,1761,1,,Holly Wood,2022-06-18,,,,,,,,,0,83.85%,$62.89,C,No Contract,$754.68,900,$145.32,,,,,
si_00000105_1,cus_000001051677,HR,8386,usd,month,1,"Mccall, Hanson and Alvarado",billing@mccallhansonandalvarado.com,2026-06-11,001000000000105AAA,2022-07-16,Active,001000000000105AAA,"Mccall, Hanson and Alvarado",FL,1761,1,,Holly Wood,2022-06-18,,,,,,,,,0,83.86%,$83.86,C,No Contract,"$1,006.32",1200,$193.68,,,,,
si_00000106_0,cus_000001065370,Hiring,5886,usd,month,1,Cortez LLC,billing@cortezllc.com,2026-06-06,001000000000106AAA,2023-12-27,Active,001000000000106AAA,Cortez LLC,GA,10681.44,2,,Ryan Munoz,2023-11-30,800000000000106AAA,2026-04-28,2027-04-27,FALSE,12,10681.44,2,Below Floor,13.68,78.48%,$58.86,C,Locked,$706.32,900,$193.68,,,,,
si_00000106_1,cus_000001065370,HR,7848,usd,month,1,Cortez LLC,billing@cortezllc.com,2026-06-06,001000000000106AAA,2023-12-27,Active,001000000000106AAA,Cortez LLC,GA,10681.44,2,,Ryan Munoz,2023-11-30,800000000000106AAA,2026-04-28,2027-04-27,FALSE,12,10681.44,2,Below Floor,18.24,78.48%,$78.48,C,Locked,$941.76,1200,$258.24,,,,,
si_00000106_2,cus_000001065370,Payroll,1099,usd,month,28,Cortez LLC,billing@cortezllc.com,2026-06-06,001000000000106AAA,2023-12-27,Active,001000000000106AAA,Cortez LLC,GA,10681.44,2,,Ryan Munoz,2023-11-30,800000000000106AAA,2026-04-28,2027-04-27,FALSE,12,10681.44,2,Below Floor,3.36,78.50%,$307.72,C,Locked,"$3,692.64",4704,"$1,011.36",,,,,
si_00000107_0,cus_000001079558,Hiring,5797,usd,month,1,"Parker, Ortiz and Powell",billing@parkerortizandpowell.com,2026-06-15,001000000000107AAA,2023-08-20,Active,001000000000107AAA,"Parker, Ortiz and Powell",FL,1623.24,1,Allison Hill,Holly Wood,2023-08-19,800000000000107AAA,2022-09-04,2024-09-03,TRUE,24,1623.24,1,Below Floor,24.36,77.29%,$57.97,C,Expired M2M,$695.64,900,$204.36,,,,,
si_00000107_1,cus_000001079558,HR,7730,usd,month,1,"Parker, Ortiz and Powell",billing@parkerortizandpowell.com,2026-06-15,001000000000107AAA,2023-08-20,Active,001000000000107AAA,"Parker, Ortiz and Powell",FL,1623.24,1,Allison Hill,Holly Wood,2023-08-19,800000000000107AAA,2022-09-04,2024-09-03,TRUE,24,1623.24,1,Below Floor,32.4,77.30%,$77.30,C,Expired M2M,$927.60,1200,$272.40,,,,,
si_00000108_0,cus_000001083807,Hiring,7071,usd,month,3,Spencer-Lee,billing@spencerlee.com,2026-06-08,001000000000108AAA,2026-04-27,Active,001000000000108AAA,Spencer-Lee,TN,16326.36,3,,Brian Ramirez,2026-04-02,,,,,,,,,0,94.28%,$212.13,B,No Contract,"$2,545.56",2700,$154.44,,,,,
si_00000108_1,cus_000001083807,Payroll,1320,usd,month,87,Spencer-Lee,billing@spencerlee.com,2026-06-08,001000000000108AAA,2026-04-27,Active,001000000000108AAA,Spencer-Lee,TN,16326.36,3,,Brian Ramirez,2026-04-02,,,,,,,,,0,94.29%,"$1,148.40",B,No Contract,"$13,780.80",14616,$835.20,,,,,
si_00000109_0,cus_000001094956,Hiring,8022,usd,month,1,"Bentley, Byrd and",billing@bentleybyrdandorr.com,2026-06-01,,2024-09-14,Active,,,,,,,,,,,,,,,,,0,106.96%,$80.22,A,No Contract,$962.64,900,$0.00,,,,,
si_00000109_1,cus_000001094956,HR,10696,usd,month,1,"Bentley, Byrd and",billing@bentleybyrdandorr.com,2026-06-01,,2024-09-14,Active,,,,,,,,,,,,,,,,,0,106.96%,$106.96,A,No Contract,"$1,283.52",1200,$0.00,,,,,
si_00000110_0,cus_000001107018,Hiring,7244,usd,month,3,"Carroll, Sullivan and Bass",billing@carrollsullivanandbass.com,2026-06-15,001000000000110AAA,2024-07-01,Active,001000000000110AAA,"Carroll, Sullivan and Bass",FL,6084.72,3,Cristian Santos,Carla Gray,2024-06-03,800000000000110AAA,2024-07-30,2025-07-29,TRUE,12,6084.72,3,,0,96.59%,$217.32,B,Expired M2M,"$2,607.84",2700,$92.16,,,,,
si_00000110_1,cus_000001107018,HR,9658,usd,month,3,"Carroll, Sullivan and Bass",billing@carrollsullivanandbass.com,2026-06-15,001000000000110AAA,2024-07-01,Active,001000000000110AAA,"Carroll, Sullivan and Bass",FL,6084.72,3,Cristian Santos,Carla Gray,2024-06-03,800000000000110AAA,2024-07-30,2025-07-29,TRUE,12,6084.72,3,,0,96.58%,$289.74,B,Expired M2M,"$3,476.88",3600,$123.12,,,,,
si_00000111_0,cus_000001118868,Hiring,96384,usd,year,2,Mitchell-Jordan,billing@mitchelljordan.com,2026-06-09,001000000000111AAA,2025-05-25,Active,001000000000111AAA,Mitchell-Jordan,GA,12489.6,4,,Derek Zuniga,2025-05-07,,,,,,,,,0,107.09%,$160.64,A,No Contract,"$1,927.68",1800,$0.00,,,,,
si_00000111_1,cus_000001118868,Payroll,17988,usd,year,24,Mitchell-Jordan,billing@mitchelljordan.com,2026-06-09,001000000000111AAA,2025-05-25,Active,001000000000111AAA,Mitchell-Jordan,GA,12489.6,4,,Derek Zuniga,2025-05-07,,,,,,,,,0,107.07%,$359.76,A,No Contract,"$4,317.12",4032,$0.00,,,,,
si_00000112_0,cus_000001125769,Hiring,8302,usd,month,8,"Lawson, Morris & Ramos",billing@lawsonmorrisandramos.com,2026-06-04,,2022-03-04,Active,,,,,,,,,,,,,,,,,0,110.69%,$664.16,A,No Contract,"$7,969.92",7200,$0.00,,,,,
si_00000112_1,cus_000001125769,HR,11069,usd,month,8,"Lawson, Morris & Ramos",billing@lawsonmorrisandramos.com,2026-06-04,,2022-03-04,Active,,,,,,,,,,,,,,,,,0,110.69%,$885.52,A,No Contract,"$10,626.24",9600,$0.00,,,,,
si_00000112_2,cus_000001125769,Payroll,1550,usd,month,64,"Lawson, Morris & Ramos",billing@lawsonmorrisandramos.com,2026-06-04,,2022-03-04,Active,,,,,,,,,,,,,,,,,0,110.71%,$992.00,A,No Contract,"$11,904.00",10752,$0.00,,,,,
si_00000113_0,cus_000001137089,Hiring,5017,usd,month,5,"Lewis, Kennedy and Santana",billing@lewiskennedyandsantana.com,2026-06-14,001000000000113AAA,2022-06-04,Active,001000000000113AAA,"Lewis, Kennedy and Santana",NY,5418.36,9,Connie Lawrence,Dylan Miller,2022-06-04,800000000000113AAA,2025-12-27,2026-12-26,FALSE,12,5418.36,9,Below Floor,589.8,66.89%,$250.85,D,Locked,"$3,010.20",4500,"$1,489.80",,,,,
si_00000114_0,cus_000001146981,Hiring,7169,usd,month,3,"Jackson, Miller & Robertson",billing@jacksonmillerandrobertson.com,2026-01-09,,2022-03-10,Churned,,,,,,,,,,,,,,,,,0,95.59%,$215.07,B,No Contract,"$2,580.84",2700,$119.16,,,,,
si_00000115_0,cus_000001159491,Hiring,8649,usd,month,2,"Harvey, Davis and Crane",billing@harveydavisandcrane.com,2026-06-09,001000000000115AAA,2025-09-26,Active,001000000000115AAA,"Harvey, Davis and Crane",IL,2075.76,2,Noah Rhodes,Derek Zuniga,2025-09-10,800000000000115AAA,2024-12-16,2025-12-15,TRUE,12,2075.76,2,,0,115.32%,$172.98,A,Expired M2M,"$2,075.76",1800,$0.00,,,,,
si_00000116_0,cus_000001165725,Hiring,5404,usd,month,9,Chambers and Sons,billing@chambersandsons.com,2026-06-09,001000000000116AAA,2022-06-26,Active,001000000000116AAA,Chambers and Sons,CO,13618.8,9,,Michele Williams,2022-06-12,,,,,,,,Below Floor,643.68,72.05%,$486.36,D,No Contract,"$5,836.32",8100,"$2,263.68",,,,,
si_00000116_1,cus_000001165725,HR,7206,usd,month,9,Chambers and Sons,billing@chambersandsons.com,2026-06-09,001000000000116AAA,2022-06-26,Active,001000000000116AAA,Chambers and Sons,CO,13618.8,9,,Michele Williams,2022-06-12,,,,,,,,Below Floor,857.52,72.06%,$648.54,D,No Contract,"$7,782.48",10800,"$3,017.52",,,,,
si_00000117_0,cus_000001173729,Hiring,100212,usd,year,4,hernandez,billing@hernandezinc.com,2026-06-07,,2025-02-26,Active,,,,,,,,,,,,,,,,,0,111.35%,$334.04,A,No Contract,"$4,008.48",3600,$0.00,,,,,
si_00000117_1,cus_000001173729,HR,133620,usd,year,4,hernandez,billing@hernandezinc.com,2026-06-07,,2025-02-26,Active,,,,,,,,,,,,,,,,,0,111.35%,$445.40,A,No Contract,"$5,344.80",4800,$0.00,,,,,
si_00000118_0,cus_000001187229,Hiring,112500,usd,year,3,Riggs PLC,billing@riggsplc.com,2026-06-03,001000000000118AAA,2024-12-26,Active,001000000000118AAA,Riggs PLC,IL,16695,3,,Lisa Jackson,2024-11-29,,,,,,,,,0,125.00%,$281.25,A,No Contract,"$3,375.00",2700,$0.00,,,,,
si_00000118_1,cus_000001187229,HR,150000,usd,year,3,Riggs PLC,billing@riggsplc.com,2026-06-03,001000000000118AAA,2024-12-26,Active,001000000000118AAA,Riggs PLC,IL,16695,3,,Lisa Jackson,2024-11-29,,,,,,,,,0,125.00%,$375.00,A,No Contract,"$4,500.00",3600,$0.00,,,,,
si_00000118_2,cus_000001187229,Payroll,21000,usd,year,42,Riggs PLC,billing@riggsplc.com,2026-06-03,001000000000118AAA,2024-12-26,Active,001000000000118AAA,Riggs PLC,IL,16695,3,,Lisa Jackson,2024-11-29,,,,,,,,,0,125.00%,$735.00,A,No Contract,"$8,820.00",7056,$0.00,,,,,
si_00000119_0,cus_000001190538,Hiring,7652,usd,month,3,Gibson Ltd,billing@gibsonltd.com,2026-06-01,001000000000119AAA,2026-04-29,Active,001000000000119AAA,Gibson Ltd,OH,11054.52,3,,Holly Wood,2026-04-20,800000000000119AAA,2023-09-25,2026-09-24,FALSE,36,11054.52,3,,0,102.03%,$229.56,A,Locked,"$2,754.72",2700,$0.00,,,,,
si_00000119_1,cus_000001190538,HR,10203,usd,month,3,Gibson Ltd,billing@gibsonltd.com,2026-06-01,001000000000119AAA,2026-04-29,Active,001000000000119AAA,Gibson Ltd,OH,11054.52,3,,Holly Wood,2026-04-20,800000000000119AAA,2023-09-25,2026-09-24,FALSE,36,11054.52,3,,0,102.03%,$306.09,A,Locked,"$3,673.08",3600,$0.00,,,,,
si_00000119_2,cus_000001190538,Payroll,1428,usd,month,27,Gibson Ltd,billing@gibsonltd.com,2026-06-01,001000000000119AAA,2026-04-29,Active,001000000000119AAA,Gibson Ltd,OH,11054.52,3,,Holly Wood,2026-04-20,800000000000119AAA,2023-09-25,2026-09-24,FALSE,36,11054.52,3,,0,102.00%,$385.56,A,Locked,"$4,626.72",4536,$0.00,,,,,
si_00000121_0,cus_000001216081,HR,9734,usd,month,4,Hernandez Ltd,billing@hernandezltd.com,2026-05-01,001000000000121AAA,2026-01-15,Active,001000000000121AAA,Hernandez Ltd,UT,4672.32,4,Cristian Santos,Carla Gray,2025-12-25,800000000000121AAA,2024-03-13,2025-03-12,TRUE,12,4672.32,4,,0,97.34%,$389.36,B,Expired M2M,"$4,672.32",4800,$127.68,,,,,
si_00000122_0,cus_000001227352,Hiring,7523,usd,month,8,Stafford Inc,billing@staffordinc.com,2026-06-12,001000000000122AAA,2026-03-14,Active,001000000000122AAA,Stafford Inc,WA,12638.16,6,,Lisa Hensley,2026-02-22,,,,,,,,,0,100.31%,$601.84,A,No Contract,"$7,222.08",7200,$0.00,,,,,
si_00000122_1,cus_000001227352,HR,10030,usd,month,8,Stafford Inc,billing@staffordinc.com,2026-06-12,001000000000122AAA,2026-03-14,Active,001000000000122AAA,Stafford Inc,WA,12638.16,6,,Lisa Hensley,2026-02-22,,,,,,,,,0,100.30%,$802.40,A,No Contract,"$9,628.80",9600,$0.00,,,,,
si_00000123_0,cus_000001230838,Hiring,6460,usd,month,1,Robinson-Brock,billing@robinsonbrock.com,2026-06-08,,2024-03-01,Active,,,,,,,,,,,,,,,,,0,86.13%,$64.60,C,No Contract,$775.20,900,$124.80,,,,,
si_00000123_1,cus_000001230838,HR,8613,usd,month,1,Robinson-Brock,billing@robinsonbrock.com,2026-06-08,,2024-03-01,Active,,,,,,,,,,,,,,,,,0,86.13%,$86.13,C,No Contract,"$1,033.56",1200,$166.44,,,,,
si_00000124_0,cus_000001240637,Hiring,6772,usd,month,7,"Holmes, Williams and Wright",billing@holmeswilliamsandwright.com,2026-06-14,001000000000124AAA,2022-02-28,Active,001000000000124AAA,"Holmes, Williams and Wright",UT,19643.4,7,Angie Henderson,Lisa Hensley,2022-02-18,,,,,,,,,0,90.29%,$474.04,B,No Contract,"$5,688.48",6300,$611.52,,,,,
si_00000124_1,cus_000001240637,HR,9029,usd,month,7,"Holmes, Williams and Wright",billing@holmeswilliamsandwright.com,2026-06-14,001000000000124AAA,2022-02-28,Active,001000000000124AAA,"Holmes, Williams and Wright",UT,19643.4,7,Angie Henderson,Lisa Hensley,2022-02-18,,,,,,,,,0,90.29%,$632.03,B,No Contract,"$7,584.36",8400,$815.64,,,,,
si_00000124_2,cus_000001240637,Payroll,1264,usd,month,42,"Holmes, Williams and Wright",billing@holmeswilliamsandwright.com,2026-06-14,001000000000124AAA,2022-02-28,Active,001000000000124AAA,"Holmes, Williams and Wright",UT,19643.4,7,Angie Henderson,Lisa Hensley,2022-02-18,,,,,,,,,0,90.29%,$530.88,B,No Contract,"$6,370.56",7056,$685.44,,,,,
si_00000125_0,cus_000001253849,Hiring,7757,usd,month,1,Bryant Group,billing@bryantgroup.com,2026-05-08,001000000000125AAA,2021-12-03,Active,001000000000125AAA,Bryant Group,NC,6515.88,1,,Lisa Hensley,2021-11-04,800000000000125AAA,2024-09-12,2026-09-11,FALSE,24,6515.88,1,,0,103.43%,$77.57,A,Locked,$930.84,900,$0.00,,,,,
si_00000125_1,cus_000001253849,HR,10342,usd,month,1,Bryant Group,billing@bryantgroup.com,2026-05-08,001000000000125AAA,2021-12-03,Active,001000000000125AAA,Bryant Group,NC,6515.88,1,,Lisa Hensley,2021-11-04,800000000000125AAA,2024-09-12,2026-09-11,FALSE,24,6515.88,1,,0,103.42%,$103.42,A,Locked,"$1,241.04",1200,$0.00,,,,,
si_00000125_2,cus_000001253849,Payroll,1448,usd,month,25,Bryant Group,billing@bryantgroup.com,2026-05-08,001000000000125AAA,2021-12-03,Active,001000000000125AAA,Bryant Group,NC,6515.88,1,,Lisa Hensley,2021-11-04,800000000000125AAA,2024-09-12,2026-09-11,FALSE,24,6515.88,1,,0,103.43%,$362.00,A,Locked,"$4,344.00",4200,$0.00,,,,,
si_00000126_0,cus_000001263170,Hiring,9016,usd,month,6,"Schmidt, Hansen and Stewart",billing@schmidthansenandstewart.com,2026-06-10,001000000000126AAA,2024-05-08,Active,001000000000126AAA,"Schmidt, Hansen and Stewart",NY,10819.2,10,,Margaret Hawkins DDS,2024-04-09,800000000000126AAA,2026-02-05,2027-02-04,FALSE,12,10819.2,10,,0,120.21%,$540.96,A,Locked,"$6,491.52",5400,$0.00,,,,,
si_00000127_0,cus_000001277001,Hiring,7216,usd,month,4,Salazar-Ball,billing@salazarball.com,2026-06-15,001000000000127AAA,2022-05-06,Active,001000000000127AAA,Salazar-Ball,TN,8082.24,4,,Lisa Hensley,2022-04-16,800000000000127AAA,2024-09-14,2025-09-13,TRUE,12,8082.24,4,,0,96.21%,$288.64,B,Expired M2M,"$3,463.68",3600,$136.32,,,,,
si_00000127_1,cus_000001277001,HR,9622,usd,month,4,Salazar-Ball,billing@salazarball.com,2026-06-15,001000000000127AAA,2022-05-06,Active,001000000000127AAA,Salazar-Ball,TN,8082.24,4,,Lisa Hensley,2022-04-16,800000000000127AAA,2024-09-14,2025-09-13,TRUE,12,8082.24,4,,0,96.22%,$384.88,B,Expired M2M,"$4,618.56",4800,$181.44,,,,,
si_00000128_0,cus_000001288197,Hiring,6997,usd,month,3,"Simmons, Meadows and Griffin",billing@simmonsmeadowsandgriffin.com,2026-06-14,001000000000128AAA,2025-08-21,Active,001000000000128AAA,"Simmons, Meadows and Griffin",PA,4198.2,5,,Ryan Munoz,2025-07-27,800000000000128AAA,2025-09-26,2026-09-25,FALSE,12,4198.2,5,,0,93.29%,$209.91,B,Locked,"$2,518.92",2700,$181.08,,,,,
si_00000130_0,cus_000001302224,HR,7560,usd,month,8,Green-Wright,billing@greenwright.com,2026-06-07,001000000000130AAA,2023-09-19,Active,001000000000130AAA,Green-Wright,CA,7257.6,8,Noah Rhodes,Holly Wood,2023-09-07,800000000000130AAA,2023-02-03,2025-02-02,TRUE,24,7257.6,8,Below Floor,422.4,75.60%,$604.80,C,Expired M2M,"$7,257.60",9600,"$2,342.40",,,,,
si_00000131_0,cus_000001315281,Hiring,5868,usd,month,1,"Ramirez, Strickland and Washington",billing@ramirezstricklandandwashington.com,2026-06-10,001000000000131AAA,2024-12-17,Active,001000000000131AAA,"Ramirez, Strickland and Washington",IL,5190.84,1,,Jamie Arnold,2024-11-18,,,,,,,,Below Floor,15.84,78.24%,$58.68,C,No Contract,$704.16,900,$195.84,,,,,
si_00000131_1,cus_000001315281,HR,7824,usd,month,1,"Ramirez, Strickland and Washington",billing@ramirezstricklandandwashington.com,2026-06-10,001000000000131AAA,2024-12-17,Active,001000000000131AAA,"Ramirez, Strickland and Washington",IL,5190.84,1,,Jamie Arnold,2024-11-18,,,,,,,,Below Floor,21.12,78.24%,$78.24,C,No Contract,$938.88,1200,$261.12,,,,,
si_00000131_2,cus_000001315281,Payroll,1095,usd,month,27,"Ramirez, Strickland and Washington",billing@ramirezstricklandandwashington.com,2026-06-10,001000000000131AAA,2024-12-17,Active,001000000000131AAA,"Ramirez, Strickland and Washington",IL,5190.84,1,,Jamie Arnold,2024-11-18,,,,,,,,Below Floor,16.2,78.21%,$295.65,C,No Contract,"$3,547.80",4536,$988.20,,,,,
si_00000132_0,cus_000001320406,Hiring,7950,usd,month,3,Hill Inc,billing@hillinc.com,2026-06-15,001000000000132AAA,2023-09-26,Active,001000000000132AAA,Hill Inc,CA,2862,3,,Monica Herrera,2023-09-12,800000000000132AAA,2024-02-05,2025-02-04,TRUE,12,2862,3,,0,106.00%,$238.50,A,Expired M2M,"$2,862.00",2700,$0.00,,,,,
si_00000133_0,cus_000001332142,Hiring,5640,usd,month,2,"mitchell, nelson and flores",billing@mitchellnelsonandflores.com,2026-06-10,,2026-05-14,Active,,,,,,,,,,,,,,,,Below Floor,86.4,75.20%,$112.80,C,No Contract,"$1,353.60",1800,$446.40,,,,,
si_00000134_0,cus_000001342018,Hiring,6037,usd,month,2,"Miller, Hernandez and Reyes",billing@millerhernandezandreyes.com,2026-06-05,001000000000134AAA,2022-05-19,Active,001000000000134AAA,"Miller, Hernandez and Reyes",CO,3380.64,2,Allison Hill,Margaret Hawkins DDS,2022-04-26,800000000000134AAA,2022-07-25,2024-07-24,TRUE,24,3380.64,2,,0,80.49%,$120.74,C,Expired M2M,"$1,448.88",1800,$351.12,,,,,
si_00000134_1,cus_000001342018,HR,8049,usd,month,2,"Miller, Hernandez and Reyes",billing@millerhernandezandreyes.com,2026-06-05,001000000000134AAA,2022-05-19,Active,001000000000134AAA,"Miller, Hernandez and Reyes",CO,3380.64,2,Allison Hill,Margaret Hawkins DDS,2022-04-26,800000000000134AAA,2022-07-25,2024-07-24,TRUE,24,3380.64,2,,0,80.49%,$160.98,C,Expired M2M,"$1,931.76",2400,$468.24,,,,,
si_00000135_0,cus_000001359938,Hiring,103068,usd,year,3,Mccarthy Inc,billing@mccarthyinc.com,2026-03-09,001000000000135AAA,2024-03-24,Active,001000000000135AAA,Mccarthy Inc,FL,7214.76,3,Angie Henderson,Lisa Hensley,2024-03-01,800000000000135AAA,2025-09-26,2026-09-25,FALSE,12,7214.76,3,,0,114.52%,$257.67,A,Locked,"$3,092.04",2700,$0.00,,,,,
si_00000135_1,cus_000001359938,HR,137424,usd,year,3,Mccarthy Inc,billing@mccarthyinc.com,2026-03-09,001000000000135AAA,2024-03-24,Active,001000000000135AAA,Mccarthy Inc,FL,7214.76,3,Angie Henderson,Lisa Hensley,2024-03-01,800000000000135AAA,2025-09-26,2026-09-25,FALSE,12,7214.76,3,,0,114.52%,$343.56,A,Locked,"$4,122.72",3600,$0.00,,,,,
si_00000136_0,cus_000001361699,HR,8516,usd,month,2,Russell-Daniels,billing@russelldaniels.com,2026-06-03,001000000000136AAA,2024-07-22,Active,001000000000136AAA,Russell-Daniels,TX,7970.4,5,,Derek Zuniga,2024-07-18,800000000000136AAA,2023-12-09,2024-12-08,TRUE,12,7970.4,5,,0,85.16%,$170.32,C,Expired M2M,"$2,043.84",2400,$356.16,,,,,
si_00000136_1,cus_000001361699,Payroll,1192,usd,month,8,Russell-Daniels,billing@russelldaniels.com,2026-06-03,001000000000136AAA,2024-07-22,Active,001000000000136AAA,Russell-Daniels,TX,7970.4,5,,Derek Zuniga,2024-07-18,800000000000136AAA,2023-12-09,2024-12-08,TRUE,12,7970.4,5,,0,85.14%,$95.36,C,Expired M2M,"$1,144.32",1344,$199.68,,,,,
si_00000137_0,cus_000001374370,Hiring,100524,usd,year,10,Brown-Wall,billing@brownwall.com,2026-06-04,001000000000137AAA,2026-02-15,Active,001000000000137AAA,Brown-Wall,NC,16419.48,7,,Jamie Arnold,2026-01-30,800000000000137AAA,2025-12-27,2026-12-26,FALSE,12,16419.48,7,,0,111.69%,$837.70,A,Locked,"$10,052.40",9000,$0.00,,,,,
si_00000137_1,cus_000001374370,HR,134040,usd,year,10,Brown-Wall,billing@brownwall.com,2026-06-04,001000000000137AAA,2026-02-15,Active,001000000000137AAA,Brown-Wall,NC,16419.48,7,,Jamie Arnold,2026-01-30,800000000000137AAA,2025-12-27,2026-12-26,FALSE,12,16419.48,7,,0,111.70%,"$1,117.00",A,Locked,"$13,404.00",12000,$0.00,,,,,
si_00000138_0,cus_000001387782,HR,10003,usd,month,2,Stein-Silva,billing@steinsilva.com,2026-05-09,001000000000138AAA,2026-02-24,Active,001000000000138AAA,Stein-Silva,IL,2400.72,2,Daniel Wagner,Brian Ramirez,2026-02-12,800000000000138AAA,2023-06-12,2025-06-11,TRUE,24,2400.72,2,,0,100.03%,$200.06,A,Expired M2M,"$2,400.72",2400,$0.00,,,,,
si_00000139_0,cus_000001391670,Hiring,7354,usd,month,8,"Smith, Gilmore and Johnston",billing@smithgilmoreandjohnston.com,2026-05-10,001000000000139AAA,2025-02-13,Active,001000000000139AAA,"Smith, Gilmore and Johnston",NC,7059.84,8,Noah Rhodes,Margaret Hawkins DDS,2025-01-15,800000000000139AAA,2025-11-13,2026-11-12,FALSE,12,7059.84,8,,0,98.05%,$588.32,B,Locked,"$7,059.84",7200,$140.16,,,,,
si_00000140_0,cus_000001409044,Hiring,69792,usd,year,6,Smith-Bell,billing@smithbell.com,2026-06-02,001000000000140AAA,2023-04-09,Active,001000000000140AAA,Smith-Bell,NC,9770.4,6,,Dylan Miller,2023-03-21,,,,,,,,Below Floor,132.48,77.55%,$348.96,C,No Contract,"$4,187.52",5400,"$1,212.48",,,,,
si_00000140_1,cus_000001409044,HR,93048,usd,year,6,Smith-Bell,billing@smithbell.com,2026-06-02,001000000000140AAA,2023-04-09,Active,001000000000140AAA,Smith-Bell,NC,9770.4,6,,Dylan Miller,2023-03-21,,,,,,,,Below Floor,177.12,77.54%,$465.24,C,No Contract,"$5,582.88",7200,"$1,617.12",,,,,
si_00000141_0,cus_000001416953,Hiring,79788,usd,year,1,Castaneda-Ashley,billing@castanedaashley.com,2026-06-14,001000000000141AAA,2025-02-09,Active,001000000000141AAA,Castaneda-Ashley,PA,797.88,1,Gabrielle Davis,Lisa Jackson,2025-01-12,800000000000141AAA,2024-05-26,2025-05-25,TRUE,12,797.88,1,,0,88.65%,$66.49,C,Expired M2M,$797.88,900,$102.12,,,,,
si_00000142_0,cus_000001424748,Hiring,7008,usd,month,3,Medina-Navarro,billing@medinanavarro.com,2026-06-09,001000000000142AAA,2022-04-09,Active,001000000000142AAA,Medina-Navarro,CA,2522.88,3,,Holly Wood,2022-04-05,800000000000142AAA,2026-01-28,2027-01-27,FALSE,12,2522.88,3,,0,93.44%,$210.24,B,Locked,"$2,522.88",2700,$177.12,,,,,
si_00000143_0,cus_000001436058,Hiring,6528,usd,month,4,"Hurst, Freeman and Nelson",billing@hurstfreemanandnelson.com,2026-06-01,001000000000143AAA,2025-07-03,Active,001000000000143AAA,"Hurst, Freeman and Nelson",NY,5483.88,3,,Lisa Jackson,2025-06-20,800000000000143AAA,2022-09-17,2024-09-16,TRUE,24,5483.88,3,,0,87.04%,$261.12,C,Expired M2M,"$3,133.44",3600,$466.56,,,,,
si_00000143_1,cus_000001436058,HR,8705,usd,month,4,"Hurst, Freeman and Nelson",billing@hurstfreemanandnelson.com,2026-06-01,001000000000143AAA,2025-07-03,Active,001000000000143AAA,"Hurst, Freeman and Nelson",NY,5483.88,3,,Lisa Jackson,2025-06-20,800000000000143AAA,2022-09-17,2024-09-16,TRUE,24,5483.88,3,,0,87.05%,$348.20,C,Expired M2M,"$4,178.40",4800,$621.60,,,,,
si_00000144_0,cus_000001447996,Hiring,5909,usd,month,2,Johnson-Rogers,billing@johnsonrogers.com,2026-06-09,001000000000144AAA,2025-02-06,Active,001000000000144AAA,Johnson-Rogers,UT,1418.16,2,,Derek Zuniga,2025-01-14,800000000000144AAA,2023-12-30,2024-12-29,TRUE,12,1418.16,2,Below Floor,21.84,78.79%,$118.18,C,Expired M2M,"$1,418.16",1800,$381.84,,,,,
si_00000145_0,cus_000001454713,Hiring,7102,usd,month,1,"Yates, Ramsey and Pittman",billing@yatesramseyandpittman.com,2026-06-02,001000000000145AAA,2024-09-26,Active,001000000000145AAA,"Yates, Ramsey and Pittman",PA,1988.64,1,,Lisa Jackson,2024-09-15,,,,,,,,,0,94.69%,$71.02,B,No Contract,$852.24,900,$47.76,,,,,
si_00000145_1,cus_000001454713,HR,9470,usd,month,1,"Yates, Ramsey and Pittman",billing@yatesramseyandpittman.com,2026-06-02,001000000000145AAA,2024-09-26,Active,001000000000145AAA,"Yates, Ramsey and Pittman",PA,1988.64,1,,Lisa Jackson,2024-09-15,,,,,,,,,0,94.70%,$94.70,B,No Contract,"$1,136.40",1200,$63.60,,,,,
si_00000146_0,cus_000001464220,Hiring,97488,usd,year,1,Hooper PLC,billing@hooperplc.com,2026-06-15,001000000000146AAA,2023-02-26,Active,001000000000146AAA,Hooper PLC,NY,4549.2,2,,Carla Gray,2023-02-08,800000000000146AAA,2024-10-28,2026-10-27,FALSE,24,4549.2,2,,0,108.32%,$81.24,A,Locked,$974.88,900,$0.00,,,,,
si_00000146_1,cus_000001464220,HR,129972,usd,year,1,Hooper PLC,billing@hooperplc.com,2026-06-15,001000000000146AAA,2023-02-26,Active,001000000000146AAA,Hooper PLC,NY,4549.2,2,,Carla Gray,2023-02-08,800000000000146AAA,2024-10-28,2026-10-27,FALSE,24,4549.2,2,,0,108.31%,$108.31,A,Locked,"$1,299.72",1200,$0.00,,,,,
si_00000147_0,cus_000001476369,Hiring,5425,usd,month,2,Meadows PLC,billing@meadowsplc.com,2026-06-10,001000000000147AAA,2023-06-27,Active,001000000000147AAA,Meadows PLC,IL,10817.76,2,Connie Lawrence,Lisa Jackson,2023-06-12,800000000000147AAA,2026-03-20,2027-03-19,FALSE,12,10817.76,2,Below Floor,138,72.33%,$108.50,D,Locked,"$1,302.00",1800,$498.00,,,,,
si_00000147_1,cus_000001476369,HR,7233,usd,month,2,Meadows PLC,billing@meadowsplc.com,2026-06-10,001000000000147AAA,2023-06-27,Active,001000000000147AAA,Meadows PLC,IL,10817.76,2,Connie Lawrence,Lisa Jackson,2023-06-12,800000000000147AAA,2026-03-20,2027-03-19,FALSE,12,10817.76,2,Below Floor,184.08,72.33%,$144.66,D,Locked,"$1,735.92",2400,$664.08,,,,,
si_00000147_2,cus_000001476369,Payroll,1013,usd,month,64,Meadows PLC,billing@meadowsplc.com,2026-06-10,001000000000147AAA,2023-06-27,Active,001000000000147AAA,Meadows PLC,IL,10817.76,2,Connie Lawrence,Lisa Jackson,2023-06-12,800000000000147AAA,2026-03-20,2027-03-19,FALSE,12,10817.76,2,Below Floor,668.16,72.36%,$648.32,D,Locked,"$7,779.84",10752,"$2,972.16",,,,,
si_00000148_0,cus_000001485318,Hiring,7411,usd,month,2,"Alvarado, Miller and Patterson",billing@alvaradomillerandpatterson.com,2026-06-08,001000000000148AAA,2022-04-12,Active,001000000000148AAA,"Alvarado, Miller and Patterson",UT,1778.64,2,Allison Hill,Lisa Jackson,2022-03-14,800000000000148AAA,2026-05-10,2027-05-09,FALSE,12,1778.64,2,,0,98.81%,$148.22,B,Locked,"$1,778.64",1800,$21.36,,,,,
si_00000149_0,cus_000001492537,Hiring,8159,usd,month,6,White-Green,billing@whitegreen.com,2026-06-15,001000000000149AAA,2025-04-07,Active,001000000000149AAA,White-Green,OH,42060.96,6,Abigail Shaffer,Margaret Hawkins DDS,2025-04-02,,,,,,,,,0,108.79%,$489.54,A,No Contract,"$5,874.48",5400,$0.00,,,,,
si_00000149_1,cus_000001492537,Payroll,1523,usd,month,198,White-Green,billing@whitegreen.com,2026-06-15,001000000000149AAA,2025-04-07,Active,001000000000149AAA,White-Green,OH,42060.96,6,Abigail Shaffer,Margaret Hawkins DDS,2025-04-02,,,,,,,,,0,108.79%,"$3,015.54",A,No Contract,"$36,186.48",33264,$0.00,,,,,
si_00000150_0,cus_000001507990,Hiring,6710,usd,month,7,Lewis-Mrphy,billing@lewismurphy.com,2026-06-10,,2023-08-05,Active,,,,,,,,,,,,,,,,,0,89.47%,$469.70,C,No Contract,"$5,636.40",6300,$663.60,,,,,
si_00000150_1,cus_000001507990,HR,8947,usd,month,7,Lewis-Mrphy,billing@lewismurphy.com,2026-06-10,,2023-08-05,Active,,,,,,,,,,,,,,,,,0,89.47%,$626.29,C,No Contract,"$7,515.48",8400,$884.52,,,,,
si_00000151_0,cus_000001513484,Hiring,56328,usd,year,1,Ramirez-Bean,billing@ramirezbean.com,2026-06-06,001000000000151AAA,2025-07-08,Active,001000000000151AAA,Ramirez-Bean,GA,2981.04,1,Allison Hill,Michele Williams,2025-06-24,,,,,,,,Below Floor,156.72,62.59%,$46.94,D,No Contract,$563.28,900,$336.72,,,,,
si_00000151_1,cus_000001513484,Payroll,10512,usd,year,23,Ramirez-Bean,billing@ramirezbean.com,2026-06-06,001000000000151AAA,2025-07-08,Active,001000000000151AAA,Ramirez-Bean,GA,2981.04,1,Allison Hill,Michele Williams,2025-06-24,,,,,,,,Below Floor,618.24,62.57%,$201.48,D,No Contract,"$2,417.76",3864,"$1,446.24",,,,,
si_00000152_0,cus_000001520524,Hiring,7977,usd,month,3,King-Miller,billing@kingmiller.com,2026-06-04,001000000000152AAA,2025-12-21,Active,001000000000152AAA,King-Miller,FL,6700.68,3,Cristian Santos,Holly Wood,2025-12-06,800000000000152AAA,2025-08-23,2026-08-22,FALSE,12,6700.68,3,,0,106.36%,$239.31,A,Locked,"$2,871.72",2700,$0.00,,,,,
si_00000152_1,cus_000001520524,HR,10636,usd,month,3,King-Miller,billing@kingmiller.com,2026-06-04,001000000000152AAA,2025-12-21,Active,001000000000152AAA,King-Miller,FL,6700.68,3,Cristian Santos,Holly Wood,2025-12-06,800000000000152AAA,2025-08-23,2026-08-22,FALSE,12,6700.68,3,,0,106.36%,$319.08,A,Locked,"$3,828.96",3600,$0.00,,,,,
si_00000153_0,cus_000001532695,Hiring,4500,usd,month,1,Curry,billing@curryinc.com,2026-05-02,,2024-10-30,Active,,,,,,,,,,,,,,,,Below Floor,180,60.00%,$45.00,D,No Contract,$540.00,900,$360.00,,,,,
si_00000153_1,cus_000001532695,Payroll,840,usd,month,27,Curry,billing@curryinc.com,2026-05-02,,2024-10-30,Active,,,,,,,,,,,,,,,,Below Floor,842.4,60.00%,$226.80,D,No Contract,"$2,721.60",4536,"$1,814.40",,,,,
si_00000154_0,cus_000001549635,Hiring,7372,usd,month,4,Walker-Jones,billing@walkerjones.com,2026-06-03,001000000000154AAA,2024-11-03,Active,001000000000154AAA,Walker-Jones,IL,8256.48,4,,Jamie Arnold,2024-10-28,800000000000154AAA,2024-10-21,2025-10-20,TRUE,12,8256.48,4,,0,98.29%,$294.88,B,Expired M2M,"$3,538.56",3600,$61.44,,,,,
si_00000154_1,cus_000001549635,HR,9829,usd,month,4,Walker-Jones,billing@walkerjones.com,2026-06-03,001000000000154AAA,2024-11-03,Active,001000000000154AAA,Walker-Jones,IL,8256.48,4,,Jamie Arnold,2024-10-28,800000000000154AAA,2024-10-21,2025-10-20,TRUE,12,8256.48,4,,0,98.29%,$393.16,B,Expired M2M,"$4,717.92",4800,$82.08,,,,,
si_00000155_0,cus_000001559113,Hiring,7968,usd,month,5,"Williams, Johnson and Wright",billing@williamsjohnsonandwright.com,2026-02-07,001000000000155AAA,2022-04-02,Churned,001000000000155AAA,"Williams, Johnson and Wright",CO,4780.8,5,,Jamie Arnold,2022-03-18,800000000000155AAA,2024-07-01,2027-06-30,FALSE,36,4780.8,5,,0,106.24%,$398.40,A,Locked,"$4,780.80",4500,$0.00,,,,,
si_00000156_0,cus_000001569728,Hiring,5785,usd,month,7,Howell and Sons,billing@howellandsons.com,2026-06-11,001000000000156AAA,2022-07-25,Active,001000000000156AAA,Howell and Sons,NY,11338.32,7,,Michele Williams,2022-07-14,800000000000156AAA,2025-09-30,2027-09-29,FALSE,24,11338.32,7,Below Floor,180.6,77.13%,$404.95,C,Locked,"$4,859.40",6300,"$1,440.60",,,,,
si_00000156_1,cus_000001569728,HR,7713,usd,month,7,Howell and Sons,billing@howellandsons.com,2026-06-11,001000000000156AAA,2022-07-25,Active,001000000000156AAA,Howell and Sons,NY,11338.32,7,,Michele Williams,2022-07-14,800000000000156AAA,2025-09-30,2027-09-29,FALSE,24,11338.32,7,Below Floor,241.08,77.13%,$539.91,C,Locked,"$6,478.92",8400,"$1,921.08",,,,,
si_00000157_0,cus_000001579968,Hiring,9200,usd,month,4,Wells Inc,billing@wellsinc.com,2026-06-08,001000000000157AAA,2025-09-01,Active,001000000000157AAA,Wells Inc,NY,10304.16,4,,Dylan Miller,2025-08-13,,,,,,,,,0,122.67%,$368.00,A,No Contract,"$4,416.00",3600,$0.00,,,,,
si_00000157_1,cus_000001579968,HR,12267,usd,month,4,Wells Inc,billing@wellsinc.com,2026-06-08,001000000000157AAA,2025-09-01,Active,001000000000157AAA,Wells Inc,NY,10304.16,4,,Dylan Miller,2025-08-13,,,,,,,,,0,122.67%,$490.68,A,No Contract,"$5,888.16",4800,$0.00,,,,,
si_00000158_0,cus_000001586697,Hiring,6836,usd,month,3,"Gould, Marshall and Scott",billing@gouldmarshallandscott.com,2026-06-11,001000000000158AAA,2021-11-26,Active,001000000000158AAA,"Gould, Marshall and Scott",CA,7973.28,3,,Dylan Miller,2021-11-10,800000000000158AAA,2025-06-04,2028-06-03,FALSE,36,7973.28,3,,0,91.15%,$205.08,B,Locked,"$2,460.96",2700,$239.04,,,,,
si_00000158_1,cus_000001586697,Payroll,1276,usd,month,36,"Gould, Marshall and Scott",billing@gouldmarshallandscott.com,2026-06-11,001000000000158AAA,2021-11-26,Active,001000000000158AAA,"Gould, Marshall and Scott",CA,7973.28,3,,Dylan Miller,2021-11-10,800000000000158AAA,2025-06-04,2028-06-03,FALSE,36,7973.28,3,,0,91.14%,$459.36,B,Locked,"$5,512.32",6048,$535.68,,,,,
si_00000159_0,cus_000001594516,Hiring,8862,usd,month,2,Jackson-Lawson,billing@jacksonlawson.com,2026-06-10,001000000000159AAA,2022-03-14,Active,001000000000159AAA,Jackson-Lawson,PA,9726.24,2,,Lisa Hensley,2022-02-27,,,,,,,,,0,118.16%,$177.24,A,No Contract,"$2,126.88",1800,$0.00,,,,,
si_00000159_1,cus_000001594516,HR,11816,usd,month,2,Jackson-Lawson,billing@jacksonlawson.com,2026-06-10,001000000000159AAA,2022-03-14,Active,001000000000159AAA,Jackson-Lawson,PA,9726.24,2,,Lisa Hensley,2022-02-27,,,,,,,,,0,118.16%,$236.32,A,No Contract,"$2,835.84",2400,$0.00,,,,,
si_00000159_2,cus_000001594516,Payroll,1654,usd,month,24,Jackson-Lawson,billing@jacksonlawson.com,2026-06-10,001000000000159AAA,2022-03-14,Active,001000000000159AAA,Jackson-Lawson,PA,9726.24,2,,Lisa Hensley,2022-02-27,,,,,,,,,0,118.14%,$396.96,A,No Contract,"$4,763.52",4032,$0.00,,,,,
si_00000160_0,cus_000001608506,Hiring,8058,usd,month,1,"Higgins, Strickland and Martin",billing@higginsstricklandandmartin.com,2026-06-11,001000000000160AAA,2022-11-08,Active,001000000000160AAA,"Higgins, Strickland and Martin",TX,25177.68,3,,Brian Ramirez,2022-10-16,,,,,,,,,0,107.44%,$80.58,A,No Contract,$966.96,900,$0.00,,,,,
si_00000160_1,cus_000001608506,HR,10744,usd,month,1,"Higgins, Strickland and Martin",billing@higginsstricklandandmartin.com,2026-06-11,001000000000160AAA,2022-11-08,Active,001000000000160AAA,"Higgins, Strickland and Martin",TX,25177.68,3,,Brian Ramirez,2022-10-16,,,,,,,,,0,107.44%,$107.44,A,No Contract,"$1,289.28",1200,$0.00,,,,,
si_00000160_2,cus_000001608506,Payroll,1504,usd,month,34,"Higgins, Strickland and Martin",billing@higginsstricklandandmartin.com,2026-06-11,001000000000160AAA,2022-11-08,Active,001000000000160AAA,"Higgins, Strickland and Martin",TX,25177.68,3,,Brian Ramirez,2022-10-16,,,,,,,,,0,107.43%,$511.36,A,No Contract,"$6,136.32",5712,$0.00,,,,,
si_00000161_0,cus_000001610238,Hiring,4754,usd,month,8,Rodriguez-Johnson,billing@rodriguezjohnson.com,2026-06-02,001000000000161AAA,2024-08-03,Active,001000000000161AAA,Rodriguez-Johnson,PA,39600,8,,Carla Gray,2024-07-14,,,,,,,,Below Floor,1196.16,63.39%,$380.32,D,No Contract,"$4,563.84",7200,"$2,636.16",,,,,
si_00000161_1,cus_000001610238,HR,6338,usd,month,8,Rodriguez-Johnson,billing@rodriguezjohnson.com,2026-06-02,001000000000161AAA,2024-08-03,Active,001000000000161AAA,Rodriguez-Johnson,PA,39600,8,,Carla Gray,2024-07-14,,,,,,,,Below Floor,1595.52,63.38%,$507.04,D,No Contract,"$6,084.48",9600,"$3,515.52",,,,,
si_00000161_2,cus_000001610238,Payroll,887,usd,month,272,Rodriguez-Johnson,billing@rodriguezjohnson.com,2026-06-02,001000000000161AAA,2024-08-03,Active,001000000000161AAA,Rodriguez-Johnson,PA,39600,8,,Carla Gray,2024-07-14,,,,,,,,Below Floor,6952.32,63.36%,"$2,412.64",D,No Contract,"$28,951.68",45696,"$16,744.32",,,,,
si_00000162_0,cus_000001628343,Hiring,8726,usd,month,5,Johnston-Odonnell,billing@johnstonodonnell.com,2026-06-12,,2023-06-09,Active,,,,,,,,,,,,,,,,,0,116.35%,$436.30,A,No Contract,"$5,235.60",4500,$0.00,,,,,
si_00000162_1,cus_000001628343,HR,11635,usd,month,5,Johnston-Odonnell,billing@johnstonodonnell.com,2026-06-12,,2023-06-09,Active,,,,,,,,,,,,,,,,,0,116.35%,$581.75,A,No Contract,"$6,981.00",6000,$0.00,,,,,
si_00000162_2,cus_000001628343,Payroll,1629,usd,month,95,Johnston-Odonnell,billing@johnstonodonnell.com,2026-06-12,,2023-06-09,Active,,,,,,,,,,,,,,,,,0,116.36%,"$1,547.55",A,No Contract,"$18,570.60",15960,$0.00,,,,,
si_00000163_0,cus_000001633354,Hiring,5659,usd,month,1,Sanders-Espinoza,billing@sandersespinoza.com,2026-06-10,001000000000163AAA,2023-10-18,Active,001000000000163AAA,Sanders-Espinoza,TN,5512.8,1,,Dylan Miller,2023-09-28,800000000000163AAA,2023-12-21,2025-12-20,TRUE,24,5512.8,1,Below Floor,40.92,75.45%,$56.59,C,Expired M2M,$679.08,900,$220.92,,,,,
si_00000163_1,cus_000001633354,HR,7545,usd,month,1,Sanders-Espinoza,billing@sandersespinoza.com,2026-06-10,001000000000163AAA,2023-10-18,Active,001000000000163AAA,Sanders-Espinoza,TN,5512.8,1,,Dylan Miller,2023-09-28,800000000000163AAA,2023-12-21,2025-12-20,TRUE,24,5512.8,1,Below Floor,54.6,75.45%,$75.45,C,Expired M2M,$905.40,1200,$294.60,,,,,
si_00000163_2,cus_000001633354,Payroll,1056,usd,month,31,Sanders-Espinoza,billing@sandersespinoza.com,2026-06-10,001000000000163AAA,2023-10-18,Active,001000000000163AAA,Sanders-Espinoza,TN,5512.8,1,,Dylan Miller,2023-09-28,800000000000163AAA,2023-12-21,2025-12-20,TRUE,24,5512.8,1,Below Floor,163.68,75.43%,$327.36,C,Expired M2M,"$3,928.32",5208,"$1,279.68",,,,,
si_00000164_0,cus_000001646636,Hiring,5850,usd,month,1,Vargas Ltd,billing@vargasltd.com,2026-02-16,001000000000164AAA,2021-11-19,Churned,001000000000164AAA,Vargas Ltd,NY,702,1,Angie Henderson,Holly Wood,2021-11-08,800000000000164AAA,2025-10-20,2026-10-19,FALSE,12,702,1,,0,78.00%,$58.50,C,Locked,$702.00,900,$198.00,,,,,
si_00000165_0,cus_000001654063,Hiring,4939,usd,month,7,Garcia,billing@garciallc.com,2026-06-01,,2026-03-13,Active,,,,,,,,,,,,,,,,Below Floor,891.24,65.85%,$345.73,D,No Contract,"$4,148.76",6300,"$2,151.24",,,,,
si_00000165_1,cus_000001654063,HR,6586,usd,month,7,Garcia,billing@garciallc.com,2026-06-01,,2026-03-13,Active,,,,,,,,,,,,,,,,Below Floor,1187.76,65.86%,$461.02,D,No Contract,"$5,532.24",8400,"$2,867.76",,,,,
si_00000165_2,cus_000001654063,Payroll,922,usd,month,28,Garcia,billing@garciallc.com,2026-06-01,,2026-03-13,Active,,,,,,,,,,,,,,,,Below Floor,598.08,65.86%,$258.16,D,No Contract,"$3,097.92",4704,"$1,606.08",,,,,
si_00000166_0,cus_000001660317,Hiring,8164,usd,month,5,"Burke, Martinez and Riggs",billing@burkemartinezandriggs.com,2026-06-04,001000000000166AAA,2022-09-01,Active,001000000000166AAA,"Burke, Martinez and Riggs",WA,4572,2,Allison Hill,Jamie Arnold,2022-08-30,800000000000166AAA,2025-12-21,2026-12-20,FALSE,12,4572,2,,0,108.85%,$408.20,A,Locked,"$4,898.40",4500,$0.00,,,,,
si_00000166_1,cus_000001660317,HR,10886,usd,month,5,"Burke, Martinez and Riggs",billing@burkemartinezandriggs.com,2026-06-04,001000000000166AAA,2022-09-01,Active,001000000000166AAA,"Burke, Martinez and Riggs",WA,4572,2,Allison Hill,Jamie Arnold,2022-08-30,800000000000166AAA,2025-12-21,2026-12-20,FALSE,12,4572,2,,0,108.86%,$544.30,A,Locked,"$6,531.60",6000,$0.00,,,,,
si_00000167_0,cus_000001674237,Hiring,7140,usd,month,2,Reed Group,billing@reedgroup.com,2026-06-13,001000000000167AAA,2025-06-24,Active,001000000000167AAA,Reed Group,GA,3998.16,2,,Holly Wood,2025-06-09,800000000000167AAA,2023-04-06,2025-04-05,TRUE,24,3998.16,2,,0,95.20%,$142.80,B,Expired M2M,"$1,713.60",1800,$86.40,,,,,
si_00000167_1,cus_000001674237,HR,9519,usd,month,2,Reed Group,billing@reedgroup.com,2026-06-13,001000000000167AAA,2025-06-24,Active,001000000000167AAA,Reed Group,GA,3998.16,2,,Holly Wood,2025-06-09,800000000000167AAA,2023-04-06,2025-04-05,TRUE,24,3998.16,2,,0,95.19%,$190.38,B,Expired M2M,"$2,284.56",2400,$115.44,,,,,
si_00000168_0,cus_000001684083,Hiring,8434,usd,month,2,"Wood, Hunter and Peterson",billing@woodhunterandpeterson.com,2026-06-12,001000000000168AAA,2026-05-26,Active,001000000000168AAA,"Wood, Hunter and Peterson",CA,4723.2,2,,Dylan Miller,2026-04-28,800000000000168AAA,2024-04-22,2026-04-21,TRUE,24,4723.2,2,,0,112.45%,$168.68,A,Expired M2M,"$2,024.16",1800,$0.00,,,,,
si_00000168_1,cus_000001684083,HR,11246,usd,month,2,"Wood, Hunter and Peterson",billing@woodhunterandpeterson.com,2026-06-12,001000000000168AAA,2026-05-26,Active,001000000000168AAA,"Wood, Hunter and Peterson",CA,4723.2,2,,Dylan Miller,2026-04-28,800000000000168AAA,2024-04-22,2026-04-21,TRUE,24,4723.2,2,,0,112.46%,$224.92,A,Expired M2M,"$2,699.04",2400,$0.00,,,,,
si_00000169_0,cus_000001692247,Hiring,8178,usd,month,2,Short-Garcia,billing@shortgarcia.com,2026-06-13,001000000000169AAA,2024-08-01,Active,001000000000169AAA,Short-Garcia,AZ,7878,2,Noah Rhodes,Jamie Arnold,2024-07-21,,,,,,,,,0,109.04%,$163.56,A,No Contract,"$1,962.72",1800,$0.00,,,,,
si_00000169_1,cus_000001692247,HR,10904,usd,month,2,Short-Garcia,billing@shortgarcia.com,2026-06-13,001000000000169AAA,2024-08-01,Active,001000000000169AAA,Short-Garcia,AZ,7878,2,Noah Rhodes,Jamie Arnold,2024-07-21,,,,,,,,,0,109.04%,$218.08,A,No Contract,"$2,616.96",2400,$0.00,,,,,
si_00000169_2,cus_000001692247,Payroll,1527,usd,month,18,Short-Garcia,billing@shortgarcia.com,2026-06-13,001000000000169AAA,2024-08-01,Active,001000000000169AAA,Short-Garcia,AZ,7878,2,Noah Rhodes,Jamie Arnold,2024-07-21,,,,,,,,,0,109.07%,$274.86,A,No Contract,"$3,298.32",3024,$0.00,,,,,
si_00000170_0,cus_000001702472,Hiring,6980,usd,month,10,Reid-Poole,billing@reidpoole.com,2026-06-10,001000000000170AAA,2021-11-19,Active,001000000000170AAA,Reid-Poole,WA,10051.2,12,,Ryan Munoz,2021-11-11,800000000000170AAA,2026-04-23,2027-04-22,FALSE,12,10051.2,12,,0,93.07%,$698.00,B,Locked,"$8,376.00",9000,$624.00,,,,,
si_00000171_0,cus_000001715840,Hiring,9057,usd,month,2,"Hernandez, Thompson & Boyd",billing@hernandezthompsonandboyd.com,2026-06-12,,2025-11-14,Active,,,,,,,,,,,,,,,,,0,120.76%,$181.14,A,No Contract,"$2,173.68",1800,$0.00,,,,,
si_00000171_1,cus_000001715840,HR,12076,usd,month,2,"Hernandez, Thompson & Boyd",billing@hernandezthompsonandboyd.com,2026-06-12,,2025-11-14,Active,,,,,,,,,,,,,,,,,0,120.76%,$241.52,A,No Contract,"$2,898.24",2400,$0.00,,,,,
si_00000171_2,cus_000001715840,Payroll,1691,usd,month,48,"Hernandez, Thompson & Boyd",billing@hernandezthompsonandboyd.com,2026-06-12,,2025-11-14,Active,,,,,,,,,,,,,,,,,0,120.79%,$811.68,A,No Contract,"$9,740.16",8064,$0.00,,,,,
si_00000172_0,cus_000001726707,Hiring,7212,usd,month,2,"Nelson, Morton and Medina",billing@nelsonmortonandmedina.com,2026-06-01,001000000000172AAA,2025-10-01,Active,001000000000172AAA,"Nelson, Morton and Medina",TN,4038.72,2,Gina Moore,Jamie Arnold,2025-09-07,800000000000172AAA,2023-10-22,2026-10-21,FALSE,36,4038.72,2,,0,96.16%,$144.24,B,Locked,"$1,730.88",1800,$69.12,,,,,
si_00000172_1,cus_000001726707,HR,9616,usd,month,2,"Nelson, Morton and Medina",billing@nelsonmortonandmedina.com,2026-06-01,001000000000172AAA,2025-10-01,Active,001000000000172AAA,"Nelson, Morton and Medina",TN,4038.72,2,Gina Moore,Jamie Arnold,2025-09-07,800000000000172AAA,2023-10-22,2026-10-21,FALSE,36,4038.72,2,,0,96.16%,$192.32,B,Locked,"$2,307.84",2400,$92.16,,,,,
si_00000173_0,cus_000001732125,Hiring,7535,usd,month,5,Marshall-Petersen,billing@marshallpetersen.com,2026-06-13,001000000000173AAA,2023-12-30,Active,001000000000173AAA,Marshall-Petersen,CA,4521,5,Angie Henderson,Jamie Arnold,2023-12-27,800000000000173AAA,2024-09-22,2026-09-21,FALSE,24,4521,5,,0,100.47%,$376.75,A,Locked,"$4,521.00",4500,$0.00,,,,,
si_00000174_0,cus_000001742394,Hiring,6368,usd,month,2,"Adams, Christian and Rivas",billing@adamschristianandrivas.com,2026-06-03,001000000000174AAA,2022-02-23,Active,001000000000174AAA,"Adams, Christian and Rivas",OH,12697.68,2,,Michele Williams,2022-02-06,800000000000174AAA,2025-03-08,2026-03-07,TRUE,12,12697.68,2,,0,84.91%,$127.36,C,Expired M2M,"$1,528.32",1800,$271.68,,,,,
si_00000174_1,cus_000001742394,HR,8491,usd,month,2,"Adams, Christian and Rivas",billing@adamschristianandrivas.com,2026-06-03,001000000000174AAA,2022-02-23,Active,001000000000174AAA,"Adams, Christian and Rivas",OH,12697.68,2,,Michele Williams,2022-02-06,800000000000174AAA,2025-03-08,2026-03-07,TRUE,12,12697.68,2,,0,84.91%,$169.82,C,Expired M2M,"$2,037.84",2400,$362.16,,,,,
si_00000174_2,cus_000001742394,Payroll,1189,usd,month,64,"Adams, Christian and Rivas",billing@adamschristianandrivas.com,2026-06-03,001000000000174AAA,2022-02-23,Active,001000000000174AAA,"Adams, Christian and Rivas",OH,12697.68,2,,Michele Williams,2022-02-06,800000000000174AAA,2025-03-08,2026-03-07,TRUE,12,12697.68,2,,0,84.93%,$760.96,C,Expired M2M,"$9,131.52",10752,"$1,620.48",,,,,
si_00000175_0,cus_000001759595,Hiring,9375,usd,month,2,Ramirez Group,billing@ramirezgroup.com,2026-06-02,001000000000175AAA,2022-05-21,Active,001000000000175AAA,Ramirez Group,CO,5250,2,,Lisa Jackson,2022-05-17,,,,,,,,,0,125.00%,$187.50,A,No Contract,"$2,250.00",1800,$0.00,,,,,
si_00000175_1,cus_000001759595,HR,12500,usd,month,2,Ramirez Group,billing@ramirezgroup.com,2026-06-02,001000000000175AAA,2022-05-21,Active,001000000000175AAA,Ramirez Group,CO,5250,2,,Lisa Jackson,2022-05-17,,,,,,,,,0,125.00%,$250.00,A,No Contract,"$3,000.00",2400,$0.00,,,,,
si_00000176_0,cus_000001760427,Hiring,8551,usd,month,4,Christensen PLC,billing@christensenplc.com,2026-06-14,001000000000176AAA,2023-12-26,Active,001000000000176AAA,Christensen PLC,TX,21724.32,4,,Lisa Hensley,2023-12-11,800000000000176AAA,2025-01-20,2026-01-19,TRUE,12,21724.32,4,,0,114.01%,$342.04,A,Expired M2M,"$4,104.48",3600,$0.00,,,,,
si_00000176_1,cus_000001760427,Payroll,1596,usd,month,92,Christensen PLC,billing@christensenplc.com,2026-06-14,001000000000176AAA,2023-12-26,Active,001000000000176AAA,Christensen PLC,TX,21724.32,4,,Lisa Hensley,2023-12-11,800000000000176AAA,2025-01-20,2026-01-19,TRUE,12,21724.32,4,,0,114.00%,"$1,468.32",A,Expired M2M,"$17,619.84",15456,$0.00,,,,,
si_00000177_0,cus_000001779908,Hiring,5546,usd,month,3,"Barnett, Rogers and Snyder",billing@barnettrogersandsnyder.com,2026-06-10,001000000000177AAA,2022-12-09,Active,001000000000177AAA,"Barnett, Rogers and Snyder",FL,1996.56,3,,Lisa Hensley,2022-11-23,,,,,,,,Below Floor,163.44,73.95%,$166.38,D,No Contract,"$1,996.56",2700,$703.44,,,,,
si_00000178_0,cus_000001789243,Hiring,4965,usd,month,12,White-Lewis,billing@whitelewis.com,2026-06-02,001000000000178AAA,2022-04-28,Active,001000000000178AAA,White-Lewis,IL,34035.84,12,,Jamie Arnold,2022-04-09,800000000000178AAA,2026-02-04,2027-02-03,FALSE,12,34035.84,12,Below Floor,1490.4,66.20%,$595.80,D,Locked,"$7,149.60",10800,"$3,650.40",,,,,
si_00000178_1,cus_000001789243,HR,6620,usd,month,12,White-Lewis,billing@whitelewis.com,2026-06-02,001000000000178AAA,2022-04-28,Active,001000000000178AAA,White-Lewis,IL,34035.84,12,,Jamie Arnold,2022-04-09,800000000000178AAA,2026-02-04,2027-02-03,FALSE,12,34035.84,12,Below Floor,1987.2,66.20%,$794.40,D,Locked,"$9,532.80",14400,"$4,867.20",,,,,
si_00000178_2,cus_000001789243,Payroll,927,usd,month,156,White-Lewis,billing@whitelewis.com,2026-06-02,001000000000178AAA,2022-04-28,Active,001000000000178AAA,White-Lewis,IL,34035.84,12,,Jamie Arnold,2022-04-09,800000000000178AAA,2026-02-04,2027-02-03,FALSE,12,34035.84,12,Below Floor,3238.56,66.21%,"$1,446.12",D,Locked,"$17,353.44",26208,"$8,854.56",,,,,
si_00000179_0,cus_000001790315,Hiring,7004,usd,month,4,Peterson-Beard,billing@petersonbeard.com,2026-06-08,001000000000179AAA,2021-12-12,Active,001000000000179AAA,Peterson-Beard,FL,10262.88,4,,Monica Herrera,2021-11-30,,,,,,,,,0,93.39%,$280.16,B,No Contract,"$3,361.92",3600,$238.08,,,,,
si_00000179_1,cus_000001790315,Payroll,1307,usd,month,44,Peterson-Beard,billing@petersonbeard.com,2026-06-08,001000000000179AAA,2021-12-12,Active,001000000000179AAA,Peterson-Beard,FL,10262.88,4,,Monica Herrera,2021-11-30,,,,,,,,,0,93.36%,$575.08,B,No Contract,"$6,900.96",7392,$491.04,,,,,
si_00000180_0,cus_000001807699,Hiring,65892,usd,year,10,"Beard, Peters and",billing@beardpetersandblack.com,2026-06-06,,2022-05-09,Active,,,,,,,,,,,,,,,,Below Floor,610.8,73.21%,$549.10,D,No Contract,"$6,589.20",9000,"$2,410.80",,,,,
si_00000180_1,cus_000001807699,HR,87864,usd,year,10,"Beard, Peters and",billing@beardpetersandblack.com,2026-06-06,,2022-05-09,Active,,,,,,,,,,,,,,,,Below Floor,813.6,73.22%,$732.20,D,No Contract,"$8,786.40",12000,"$3,213.60",,,,,
si_00000181_0,cus_000001811809,Hiring,6556,usd,month,1,Miller Ltd,billing@millerltd.com,2026-06-02,001000000000181AAA,2024-08-27,Active,001000000000181AAA,Miller Ltd,CO,1835.76,1,,Jamie Arnold,2024-08-08,800000000000181AAA,2026-04-07,2027-04-06,FALSE,12,1835.76,1,,0,87.41%,$65.56,C,Locked,$786.72,900,$113.28,,,,,
si_00000181_1,cus_000001811809,HR,8742,usd,month,1,Miller Ltd,billing@millerltd.com,2026-06-02,001000000000181AAA,2024-08-27,Active,001000000000181AAA,Miller Ltd,CO,1835.76,1,,Jamie Arnold,2024-08-08,800000000000181AAA,2026-04-07,2027-04-06,FALSE,12,1835.76,1,,0,87.42%,$87.42,C,Locked,"$1,049.04",1200,$150.96,,,,,
si_00000182_0,cus_000001824629,Hiring,5291,usd,month,1,Freeman-Chang,billing@freemanchang.com,2026-06-11,001000000000182AAA,2026-03-25,Active,001000000000182AAA,Freeman-Chang,GA,1481.52,1,,Jamie Arnold,2026-03-08,800000000000182AAA,2024-08-10,2027-08-09,FALSE,36,1481.52,1,Below Floor,85.08,70.55%,$52.91,D,Locked,$634.92,900,$265.08,,,,,
si_00000182_1,cus_000001824629,HR,7055,usd,month,1,Freeman-Chang,billing@freemanchang.com,2026-06-11,001000000000182AAA,2026-03-25,Active,001000000000182AAA,Freeman-Chang,GA,1481.52,1,,Jamie Arnold,2026-03-08,800000000000182AAA,2024-08-10,2027-08-09,FALSE,36,1481.52,1,Below Floor,113.4,70.55%,$70.55,D,Locked,$846.60,1200,$353.40,,,,,
si_00000183_0,cus_000001833729,Hiring,77520,usd,year,3,"Alvarez, Joseph and West",billing@alvarezjosephandwest.com,2026-06-13,001000000000183AAA,2026-02-21,Active,001000000000183AAA,"Alvarez, Joseph and West",FL,8403.84,3,,Derek Zuniga,2026-02-11,,,,,,,,,0,86.13%,$193.80,C,No Contract,"$2,325.60",2700,$374.40,,,,,
si_00000183_1,cus_000001833729,Payroll,14472,usd,year,42,"Alvarez, Joseph and West",billing@alvarezjosephandwest.com,2026-06-13,001000000000183AAA,2026-02-21,Active,001000000000183AAA,"Alvarez, Joseph and West",FL,8403.84,3,,Derek Zuniga,2026-02-11,,,,,,,,,0,86.14%,$506.52,C,No Contract,"$6,078.24",7056,$977.76,,,,,
si_00000184_0,cus_000001846660,Hiring,104592,usd,year,3,Davis and Sons,billing@davisandsons.com,2026-05-01,001000000000184AAA,2022-01-22,Active,001000000000184AAA,Davis and Sons,WA,24892.92,3,Noah Rhodes,Dylan Miller,2022-01-22,800000000000184AAA,2025-11-09,2026-11-08,FALSE,12,24892.92,3,,0,116.21%,$261.48,A,Locked,"$3,137.76",2700,$0.00,,,,,
si_00000184_1,cus_000001846660,HR,139452,usd,year,3,Davis and Sons,billing@davisandsons.com,2026-05-01,001000000000184AAA,2022-01-22,Active,001000000000184AAA,Davis and Sons,WA,24892.92,3,Noah Rhodes,Dylan Miller,2022-01-22,800000000000184AAA,2025-11-09,2026-11-08,FALSE,12,24892.92,3,,0,116.21%,$348.63,A,Locked,"$4,183.56",3600,$0.00,,,,,
si_00000184_2,cus_000001846660,Payroll,19524,usd,year,90,Davis and Sons,billing@davisandsons.com,2026-05-01,001000000000184AAA,2022-01-22,Active,001000000000184AAA,Davis and Sons,WA,24892.92,3,Noah Rhodes,Dylan Miller,2022-01-22,800000000000184AAA,2025-11-09,2026-11-08,FALSE,12,24892.92,3,,0,116.21%,"$1,464.30",A,Locked,"$17,571.60",15120,$0.00,,,,,
si_00000185_0,cus_000001854347,Hiring,4796,usd,month,7,Holt-Torres,billing@holttorres.com,2026-06-11,001000000000185AAA,2023-01-19,Active,001000000000185AAA,Holt-Torres,NC,13158.6,7,Gabrielle Davis,Dylan Miller,2023-01-08,,,,,,,,Below Floor,1011.36,63.95%,$335.72,D,No Contract,"$4,028.64",6300,"$2,271.36",,,,,
si_00000185_1,cus_000001854347,HR,6394,usd,month,7,Holt-Torres,billing@holttorres.com,2026-06-11,001000000000185AAA,2023-01-19,Active,001000000000185AAA,Holt-Torres,NC,13158.6,7,Gabrielle Davis,Dylan Miller,2023-01-08,,,,,,,,Below Floor,1349.04,63.94%,$447.58,D,No Contract,"$5,370.96",8400,"$3,029.04",,,,,
si_00000185_2,cus_000001854347,Payroll,895,usd,month,35,Holt-Torres,billing@holttorres.com,2026-06-11,001000000000185AAA,2023-01-19,Active,001000000000185AAA,Holt-Torres,NC,13158.6,7,Gabrielle Davis,Dylan Miller,2023-01-08,,,,,,,,Below Floor,861,63.93%,$313.25,D,No Contract,"$3,759.00",5880,"$2,121.00",,,,,
si_00000187_0,cus_000001877792,Hiring,7442,usd,month,3,"Pierce, Bell and Chavez",billing@piercebellandchavez.com,2026-06-12,001000000000187AAA,2023-08-31,Active,001000000000187AAA,"Pierce, Bell and Chavez",CA,14752.08,3,Angie Henderson,Brian Ramirez,2023-08-10,,,,,,,,,0,99.23%,$223.26,B,No Contract,"$2,679.12",2700,$20.88,,,,,
si_00000187_1,cus_000001877792,HR,9923,usd,month,3,"Pierce, Bell and Chavez",billing@piercebellandchavez.com,2026-06-12,001000000000187AAA,2023-08-31,Active,001000000000187AAA,"Pierce, Bell and Chavez",CA,14752.08,3,Angie Henderson,Brian Ramirez,2023-08-10,,,,,,,,,0,99.23%,$297.69,B,No Contract,"$3,572.28",3600,$27.72,,,,,
si_00000187_2,cus_000001877792,Payroll,1389,usd,month,51,"Pierce, Bell and Chavez",billing@piercebellandchavez.com,2026-06-12,001000000000187AAA,2023-08-31,Active,001000000000187AAA,"Pierce, Bell and Chavez",CA,14752.08,3,Angie Henderson,Brian Ramirez,2023-08-10,,,,,,,,,0,99.21%,$708.39,B,No Contract,"$8,500.68",8568,$67.32,,,,,
si_00000188_0,cus_000001884259,Hiring,6145,usd,month,1,King-Martinez,billing@kingmartinez.com,2025-11-21,001000000000188AAA,2021-11-27,Churned,001000000000188AAA,King-Martinez,TX,2949.6,4,Connie Lawrence,Michele Williams,2021-11-20,800000000000188AAA,2024-03-15,2025-03-14,TRUE,12,2949.6,4,,0,81.93%,$61.45,C,Expired M2M,$737.40,900,$162.60,,,,,
si_00000189_0,cus_000001892357,Hiring,6588,usd,month,13,Stewart Ltd,billing@stewartltd.com,2026-06-13,001000000000189AAA,2021-11-26,Active,001000000000189AAA,Stewart Ltd,AZ,85381.92,13,,Dylan Miller,2021-11-20,,,,,,,,,0,87.84%,$856.44,C,No Contract,"$10,277.28",11700,"$1,422.72",,,,,
si_00000189_1,cus_000001892357,HR,8784,usd,month,13,Stewart Ltd,billing@stewartltd.com,2026-06-13,001000000000189AAA,2021-11-26,Active,001000000000189AAA,Stewart Ltd,AZ,85381.92,13,,Dylan Miller,2021-11-20,,,,,,,,,0,87.84%,"$1,141.92",C,No Contract,"$13,703.04",15600,"$1,896.96",,,,,
si_00000189_2,cus_000001892357,Payroll,1230,usd,month,416,Stewart Ltd,billing@stewartltd.com,2026-06-13,001000000000189AAA,2021-11-26,Active,001000000000189AAA,Stewart Ltd,AZ,85381.92,13,,Dylan Miller,2021-11-20,,,,,,,,,0,87.86%,"$5,116.80",C,No Contract,"$61,401.60",69888,"$8,486.40",,,,,
si_00000190_0,cus_000001902736,Hiring,7863,usd,month,2,"Tpia, Vaughn and Lee",billing@tapiavaughnandlee.com,2026-06-02,,2025-11-19,Active,,,,,,,,,,,,,,,,,0,104.84%,$157.26,A,No Contract,"$1,887.12",1800,$0.00,,,,,
si_00000190_1,cus_000001902736,HR,10484,usd,month,2,"Tpia, Vaughn and Lee",billing@tapiavaughnandlee.com,2026-06-02,,2025-11-19,Active,,,,,,,,,,,,,,,,,0,104.84%,$209.68,A,No Contract,"$2,516.16",2400,$0.00,,,,,
si_00000190_2,cus_000001902736,Payroll,1468,usd,month,24,"Tpia, Vaughn and Lee",billing@tapiavaughnandlee.com,2026-06-02,,2025-11-19,Active,,,,,,,,,,,,,,,,,0,104.86%,$352.32,A,No Contract,"$4,227.84",4032,$0.00,,,,,
si_00000191_0,cus_000001915398,Hiring,7364,usd,month,6,"Washington, Hardy and Bray",billing@washingtonhardyandbray.com,2026-06-14,001000000000191AAA,2025-07-09,Active,001000000000191AAA,"Washington, Hardy and Bray",CA,5302.08,6,,Ryan Munoz,2025-07-03,800000000000191AAA,2025-03-10,2026-03-09,TRUE,12,5302.08,6,,0,98.19%,$441.84,B,Expired M2M,"$5,302.08",5400,$97.92,,,,,
si_00000192_0,cus_000001928307,Hiring,6969,usd,month,4,"Carlson, Hooper and Wall",billing@carlsonhooperandwall.com,2026-06-07,001000000000192AAA,2025-08-20,Active,001000000000192AAA,"Carlson, Hooper and Wall",GA,1672.56,2,,Michele Williams,2025-07-29,800000000000192AAA,2025-09-17,2026-09-16,FALSE,12,1672.56,2,,0,92.92%,$278.76,B,Locked,"$3,345.12",3600,$254.88,,,,,
si_00000193_0,cus_000001937690,Hiring,7042,usd,month,5,Perez-White,billing@perezwhite.com,2026-06-15,001000000000193AAA,2026-04-13,Active,001000000000193AAA,Perez-White,OH,9858.6,5,,Dylan Miller,2026-03-31,800000000000193AAA,2023-11-29,2024-11-28,TRUE,12,9858.6,5,,0,93.89%,$352.10,B,Expired M2M,"$4,225.20",4500,$274.80,,,,,
si_00000193_1,cus_000001937690,HR,9389,usd,month,5,Perez-White,billing@perezwhite.com,2026-06-15,001000000000193AAA,2026-04-13,Active,001000000000193AAA,Perez-White,OH,9858.6,5,,Dylan Miller,2026-03-31,800000000000193AAA,2023-11-29,2024-11-28,TRUE,12,9858.6,5,,0,93.89%,$469.45,B,Expired M2M,"$5,633.40",6000,$366.60,,,,,
si_00000194_0,cus_000001944377,Hiring,84480,usd,year,4,Erickson and Sons,billing@ericksonandsons.com,2026-06-01,001000000000194AAA,2024-12-16,Active,001000000000194AAA,Erickson and Sons,TX,27346.56,4,,Monica Herrera,2024-12-04,800000000000194AAA,2026-01-12,2027-01-11,FALSE,12,27346.56,4,,0,93.87%,$281.60,B,Locked,"$3,379.20",3600,$220.80,,,,,
si_00000194_1,cus_000001944377,Payroll,15768,usd,year,152,Erickson and Sons,billing@ericksonandsons.com,2026-06-01,001000000000194AAA,2024-12-16,Active,001000000000194AAA,Erickson and Sons,TX,27346.56,4,,Monica Herrera,2024-12-04,800000000000194AAA,2026-01-12,2027-01-11,FALSE,12,27346.56,4,,0,93.86%,"$1,997.28",B,Locked,"$23,967.36",25536,"$1,568.64",,,,,
si_00000195_0,cus_000001951961,Hiring,7474,usd,month,3,Williams-Brown,billing@williamsbrown.com,2026-06-08,001000000000195AAA,2025-02-07,Active,001000000000195AAA,Williams-Brown,TX,26366.4,5,Gina Moore,Carla Gray,2025-01-21,800000000000195AAA,2022-12-19,2024-12-18,TRUE,24,26366.4,5,,0,99.65%,$224.22,B,Expired M2M,"$2,690.64",2700,$9.36,,,,,
si_00000195_1,cus_000001951961,HR,9965,usd,month,3,Williams-Brown,billing@williamsbrown.com,2026-06-08,001000000000195AAA,2025-02-07,Active,001000000000195AAA,Williams-Brown,TX,26366.4,5,Gina Moore,Carla Gray,2025-01-21,800000000000195AAA,2022-12-19,2024-12-18,TRUE,24,26366.4,5,,0,99.65%,$298.95,B,Expired M2M,"$3,587.40",3600,$12.60,,,,,
si_00000195_2,cus_000001951961,Payroll,1395,usd,month,57,Williams-Brown,billing@williamsbrown.com,2026-06-08,001000000000195AAA,2025-02-07,Active,001000000000195AAA,Williams-Brown,TX,26366.4,5,Gina Moore,Carla Gray,2025-01-21,800000000000195AAA,2022-12-19,2024-12-18,TRUE,24,26366.4,5,,0,99.64%,$795.15,B,Expired M2M,"$9,541.80",9576,$34.20,,,,,
si_00000196_0,cus_000001968633,Hiring,7270,usd,month,8,Terry-Martinez,billing@terrymartinez.com,2026-06-13,001000000000196AAA,2023-03-17,Active,001000000000196AAA,Terry-Martinez,OH,14248.92,7,Cristian Santos,Derek Zuniga,2023-03-10,,,,,,,,,0,96.93%,$581.60,B,No Contract,"$6,979.20",7200,$220.80,,,,,
si_00000196_1,cus_000001968633,HR,9693,usd,month,8,Terry-Martinez,billing@terrymartinez.com,2026-06-13,001000000000196AAA,2023-03-17,Active,001000000000196AAA,Terry-Martinez,OH,14248.92,7,Cristian Santos,Derek Zuniga,2023-03-10,,,,,,,,,0,96.93%,$775.44,B,No Contract,"$9,305.28",9600,$294.72,,,,,
si_00000197_0,cus_000001970567,Hiring,6090,usd,month,1,Garcia-Smith,billing@garciasmith.com,2026-06-05,001000000000197AAA,2025-03-06,Active,001000000000197AAA,Garcia-Smith,WA,5115.96,3,Gina Moore,Holly Wood,2025-02-18,800000000000197AAA,2025-03-02,2026-03-01,TRUE,12,5115.96,3,,0,81.20%,$60.90,C,Expired M2M,$730.80,900,$169.20,,,,,
si_00000197_1,cus_000001970567,HR,8121,usd,month,1,Garcia-Smith,billing@garciasmith.com,2026-06-05,001000000000197AAA,2025-03-06,Active,001000000000197AAA,Garcia-Smith,WA,5115.96,3,Gina Moore,Holly Wood,2025-02-18,800000000000197AAA,2025-03-02,2026-03-01,TRUE,12,5115.96,3,,0,81.21%,$81.21,C,Expired M2M,$974.52,1200,$225.48,,,,,
si_00000198_0,cus_000001983991,Hiring,92664,usd,year,1,Harrison-Alexader,billing@harrisonalexander.com,2026-06-03,,2026-04-29,Active,,,,,,,,,,,,,,,,,0,102.96%,$77.22,A,No Contract,$926.64,900,$0.00,,,,,
si_00000198_1,cus_000001983991,HR,123552,usd,year,1,Harrison-Alexader,billing@harrisonalexander.com,2026-06-03,,2026-04-29,Active,,,,,,,,,,,,,,,,,0,102.96%,$102.96,A,No Contract,"$1,235.52",1200,$0.00,,,,,
si_00000199_0,cus_000001993931,HR,116988,usd,year,5,Sheppard LLC,billing@sheppardllc.com,2025-12-29,001000000000199AAA,2023-04-28,Active,001000000000199AAA,Sheppard LLC,NC,25505.4,5,Allison Hill,Ryan Munoz,2023-04-01,800000000000199AAA,2026-02-28,2027-02-27,FALSE,12,25505.4,5,,0,97.49%,$487.45,B,Locked,"$5,849.40",6000,$150.60,,,,,
si_00000199_1,cus_000001993931,Payroll,16380,usd,year,120,Sheppard LLC,billing@sheppardllc.com,2025-12-29,001000000000199AAA,2023-04-28,Active,001000000000199AAA,Sheppard LLC,NC,25505.4,5,Allison Hill,Ryan Munoz,2023-04-01,800000000000199AAA,2026-02-28,2027-02-27,FALSE,12,25505.4,5,,0,97.50%,"$1,638.00",B,Locked,"$19,656.00",20160,$504.00,,,,,
si_00000200_0,cus_000002001178,Hiring,7151,usd,month,6,Wilson-Jones,billing@wilsonjones.com,2026-06-12,001000000000200AAA,2024-01-09,Active,001000000000200AAA,Wilson-Jones,GA,5148.72,6,Angie Henderson,Holly Wood,2023-12-29,800000000000200AAA,2024-10-20,2025-10-19,TRUE,12,5148.72,6,,0,95.35%,$429.06,B,Expired M2M,"$5,148.72",5400,$251.28,,,,,
si_00000201_0,cus_000002012659,Hiring,7365,usd,month,3,JonesSoto,billing@jonessoto.com,2026-06-09,,2022-07-08,Active,,,,,,,,,,,,,,,,,0,98.20%,$220.95,B,No Contract,"$2,651.40",2700,$48.60,,,,,
si_00000202_0,cus_000002021520,Hiring,7416,usd,month,8,Hernande PLC,billing@hernandezplc.com,2026-06-11,,2023-04-03,Active,,,,,,,,,,,,,,,,,0,98.88%,$593.28,B,No Contract,"$7,119.36",7200,$80.64,,,,,
si_00000202_1,cus_000002021520,HR,9888,usd,month,8,Hernande PLC,billing@hernandezplc.com,2026-06-11,,2023-04-03,Active,,,,,,,,,,,,,,,,,0,98.88%,$791.04,B,No Contract,"$9,492.48",9600,$107.52,,,,,
si_00000203_0,cus_000002034381,Hiring,7430,usd,month,1,Miller-Wright,billing@millerwright.com,2026-06-10,001000000000203AAA,2026-05-29,Active,001000000000203AAA,Miller-Wright,TX,891.6,1,,Lisa Jackson,2026-05-25,800000000000203AAA,2026-04-30,2028-04-29,FALSE,24,891.6,1,,0,99.07%,$74.30,B,Locked,$891.60,900,$8.40,,,,,
si_00000204_0,cus_000002043343,Hiring,5905,usd,month,1,"Duran, Obrien and",billing@duranobrienandgibbs.com,2026-06-03,,2024-11-08,Active,,,,,,,,,,,,,,,,Below Floor,11.4,78.73%,$59.05,C,No Contract,$708.60,900,$191.40,,,,,
si_00000205_0,cus_000002050707,Hiring,84852,usd,year,6,Rowe Group,billing@rowegroup.com,2026-06-02,001000000000205AAA,2023-05-10,Active,001000000000205AAA,Rowe Group,UT,11878.56,6,,Michele Williams,2023-04-16,800000000000205AAA,2026-03-22,2027-03-21,FALSE,12,11878.56,6,,0,94.28%,$424.26,B,Locked,"$5,091.12",5400,$308.88,,,,,
si_00000205_1,cus_000002050707,HR,113124,usd,year,6,Rowe Group,billing@rowegroup.com,2026-06-02,001000000000205AAA,2023-05-10,Active,001000000000205AAA,Rowe Group,UT,11878.56,6,,Michele Williams,2023-04-16,800000000000205AAA,2026-03-22,2027-03-21,FALSE,12,11878.56,6,,0,94.27%,$565.62,B,Locked,"$6,787.44",7200,$412.56,,,,,
si_00000207_0,cus_000002075304,Hiring,86532,usd,year,5,"Branch, Torres and Oliver",billing@branchtorresandoliver.com,2026-06-08,001000000000207AAA,2022-11-29,Active,001000000000207AAA,"Branch, Torres and Oliver",TN,10095.6,5,Allison Hill,Ryan Munoz,2022-11-18,800000000000207AAA,2023-08-07,2024-08-06,TRUE,12,10095.6,5,,0,96.15%,$360.55,B,Expired M2M,"$4,326.60",4500,$173.40,,,,,
si_00000207_1,cus_000002075304,HR,115380,usd,year,5,"Branch, Torres and Oliver",billing@branchtorresandoliver.com,2026-06-08,001000000000207AAA,2022-11-29,Active,001000000000207AAA,"Branch, Torres and Oliver",TN,10095.6,5,Allison Hill,Ryan Munoz,2022-11-18,800000000000207AAA,2023-08-07,2024-08-06,TRUE,12,10095.6,5,,0,96.15%,$480.75,B,Expired M2M,"$5,769.00",6000,$231.00,,,,,
si_00000208_0,cus_000002085527,Hiring,8167,usd,month,12,"Choi, Garcia and Farmer",billing@choigarciaandfarmer.com,2026-06-09,001000000000208AAA,2025-05-30,Active,001000000000208AAA,"Choi, Garcia and Farmer",FL,27442.08,12,,Monica Herrera,2025-05-08,800000000000208AAA,2024-09-28,2026-09-27,FALSE,24,27442.08,12,,0,108.89%,$980.04,A,Locked,"$11,760.48",10800,$0.00,,,,,
si_00000208_1,cus_000002085527,HR,10890,usd,month,12,"Choi, Garcia and Farmer",billing@choigarciaandfarmer.com,2026-06-09,001000000000208AAA,2025-05-30,Active,001000000000208AAA,"Choi, Garcia and Farmer",FL,27442.08,12,,Monica Herrera,2025-05-08,800000000000208AAA,2024-09-28,2026-09-27,FALSE,24,27442.08,12,,0,108.90%,"$1,306.80",A,Locked,"$15,681.60",14400,$0.00,,,,,
si_00000209_0,cus_000002090013,Hiring,7950,usd,month,7,"Clark, Guerrero and Moore",billing@clarkguerreroandmoore.com,2026-06-15,001000000000209AAA,2025-02-01,Active,001000000000209AAA,"Clark, Guerrero and Moore",TN,6678,7,Angie Henderson,Lisa Jackson,2025-01-19,800000000000209AAA,2025-02-02,2026-02-01,TRUE,12,6678,7,,0,106.00%,$556.50,A,Expired M2M,"$6,678.00",6300,$0.00,,,,,
si_00000210_0,cus_000002102542,Hiring,6744,usd,month,6,Arnold and Sons,billing@arnoldandsons.com,2026-06-09,001000000000210AAA,2023-07-12,Active,001000000000210AAA,Arnold and Sons,PA,11329.92,6,,Holly Wood,2023-07-10,800000000000210AAA,2023-08-07,2024-08-06,TRUE,12,11329.92,6,,0,89.92%,$404.64,C,Expired M2M,"$4,855.68",5400,$544.32,,,,,
si_00000210_1,cus_000002102542,HR,8992,usd,month,6,Arnold and Sons,billing@arnoldandsons.com,2026-06-09,001000000000210AAA,2023-07-12,Active,001000000000210AAA,Arnold and Sons,PA,11329.92,6,,Holly Wood,2023-07-10,800000000000210AAA,2023-08-07,2024-08-06,TRUE,12,11329.92,6,,0,89.92%,$539.52,C,Expired M2M,"$6,474.24",7200,$725.76,,,,,
si_00000211_0,cus_000002110359,Hiring,68712,usd,year,6,Ortiz Ltd,billing@ortizltd.com,2026-06-05,,2024-08-25,Active,,,,,,,,,,,,,,,,Below Floor,197.28,76.35%,$343.56,C,No Contract,"$4,122.72",5400,"$1,277.28",,,,,
si_00000211_1,cus_000002110359,HR,91608,usd,year,6,Ortiz Ltd,billing@ortizltd.com,2026-06-05,,2024-08-25,Active,,,,,,,,,,,,,,,,Below Floor,263.52,76.34%,$458.04,C,No Contract,"$5,496.48",7200,"$1,703.52",,,,,
si_00000212_0,cus_000002125076,Hiring,5882,usd,month,5,"Harrison, Johnson and Roberts",billing@harrisonjohnsonandroberts.com,2026-06-10,001000000000212AAA,2022-02-28,Active,001000000000212AAA,"Harrison, Johnson and Roberts",WA,10474.92,3,,Derek Zuniga,2022-02-05,,,,,,,,Below Floor,70.8,78.43%,$294.10,C,No Contract,"$3,529.20",4500,$970.80,,,,,
si_00000212_1,cus_000002125076,HR,7843,usd,month,5,"Harrison, Johnson and Roberts",billing@harrisonjohnsonandroberts.com,2026-06-10,001000000000212AAA,2022-02-28,Active,001000000000212AAA,"Harrison, Johnson and Roberts",WA,10474.92,3,,Derek Zuniga,2022-02-05,,,,,,,,Below Floor,94.2,78.43%,$392.15,C,No Contract,"$4,705.80",6000,"$1,294.20",,,,,
si_00000212_2,cus_000002125076,Payroll,1098,usd,month,70,"Harrison, Johnson and Roberts",billing@harrisonjohnsonandroberts.com,2026-06-10,001000000000212AAA,2022-02-28,Active,001000000000212AAA,"Harrison, Johnson and Roberts",WA,10474.92,3,,Derek Zuniga,2022-02-05,,,,,,,,Below Floor,16.8,78.43%,$768.60,C,No Contract,"$9,223.20",11760,"$2,536.80",,,,,
si_00000213_0,cus_000002134577,Hiring,7364,usd,month,5,Warner-Gibson,billing@warnergibson.com,2026-05-08,001000000000213AAA,2022-12-24,Active,001000000000213AAA,Warner-Gibson,TN,10309.8,5,Cristian Santos,Holly Wood,2022-12-07,800000000000213AAA,2024-08-10,2025-08-09,TRUE,12,10309.8,5,,0,98.19%,$368.20,B,Expired M2M,"$4,418.40",4500,$81.60,,,,,
si_00000213_1,cus_000002134577,HR,9819,usd,month,5,Warner-Gibson,billing@warnergibson.com,2026-05-08,001000000000213AAA,2022-12-24,Active,001000000000213AAA,Warner-Gibson,TN,10309.8,5,Cristian Santos,Holly Wood,2022-12-07,800000000000213AAA,2024-08-10,2025-08-09,TRUE,12,10309.8,5,,0,98.19%,$490.95,B,Expired M2M,"$5,891.40",6000,$108.60,,,,,
si_00000214_0,cus_000002148161,Hiring,7910,usd,month,2,"Hall, Baker and Moody",billing@hallbakerandmoody.com,2026-06-11,001000000000214AAA,2022-10-02,Active,001000000000214AAA,"Hall, Baker and Moody",GA,6642.72,1,Gina Moore,Lisa Jackson,2022-09-13,,,,,,,,,0,105.47%,$158.20,A,No Contract,"$1,898.40",1800,$0.00,,,,,
si_00000214_1,cus_000002148161,HR,10546,usd,month,2,"Hall, Baker and Moody",billing@hallbakerandmoody.com,2026-06-11,001000000000214AAA,2022-10-02,Active,001000000000214AAA,"Hall, Baker and Moody",GA,6642.72,1,Gina Moore,Lisa Jackson,2022-09-13,,,,,,,,,0,105.46%,$210.92,A,No Contract,"$2,531.04",2400,$0.00,,,,,
si_00000214_2,cus_000002148161,Payroll,1476,usd,month,50,"Hall, Baker and Moody",billing@hallbakerandmoody.com,2026-06-11,001000000000214AAA,2022-10-02,Active,001000000000214AAA,"Hall, Baker and Moody",GA,6642.72,1,Gina Moore,Lisa Jackson,2022-09-13,,,,,,,,,0,105.43%,$738.00,A,No Contract,"$8,856.00",8400,$0.00,,,,,
si_00000215_0,cus_000002159107,Hiring,4563,usd,month,2,"Guerrero, Peck and Coleman",billing@guerreropeckandcoleman.com,2026-05-10,001000000000215AAA,2024-12-15,Active,001000000000215AAA,"Guerrero, Peck and Coleman",UT,18585,5,Noah Rhodes,Margaret Hawkins DDS,2024-12-09,800000000000215AAA,2025-08-13,2027-08-12,FALSE,24,18585,5,Below Floor,344.88,60.84%,$91.26,D,Locked,"$1,095.12",1800,$704.88,,,,,
si_00000215_1,cus_000002159107,Payroll,852,usd,month,62,"Guerrero, Peck and Coleman",billing@guerreropeckandcoleman.com,2026-05-10,001000000000215AAA,2024-12-15,Active,001000000000215AAA,"Guerrero, Peck and Coleman",UT,18585,5,Noah Rhodes,Margaret Hawkins DDS,2024-12-09,800000000000215AAA,2025-08-13,2027-08-12,FALSE,24,18585,5,Below Floor,1845.12,60.86%,$528.24,D,Locked,"$6,338.88",10416,"$4,077.12",,,,,
si_00000216_0,cus_000002167866,Hiring,9375,usd,month,13,"Walker, Hernandez and Baker",billing@walkerhernandezandbaker.com,2026-06-07,001000000000216AAA,2025-02-03,Active,001000000000216AAA,"Walker, Hernandez and Baker",TX,96525,13,,Jamie Arnold,2025-01-14,,,,,,,,,0,125.00%,"$1,218.75",A,No Contract,"$14,625.00",11700,$0.00,,,,,
si_00000216_1,cus_000002167866,Payroll,1750,usd,month,390,"Walker, Hernandez and Baker",billing@walkerhernandezandbaker.com,2026-06-07,001000000000216AAA,2025-02-03,Active,001000000000216AAA,"Walker, Hernandez and Baker",TX,96525,13,,Jamie Arnold,2025-01-14,,,,,,,,,0,125.00%,"$6,825.00",A,No Contract,"$81,900.00",65520,$0.00,,,,,
si_00000217_0,cus_000002175827,Hiring,8187,usd,month,1,Jones and Sons,billing@jonesandsons.com,2026-06-12,001000000000217AAA,2022-12-21,Active,001000000000217AAA,Jones and Sons,CO,3916.2,1,,Monica Herrera,2022-12-21,800000000000217AAA,2026-02-06,2027-02-05,FALSE,12,3916.2,1,,0,109.16%,$81.87,A,Locked,$982.44,900,$0.00,,,,,
si_00000217_1,cus_000002175827,Payroll,1528,usd,month,16,Jones and Sons,billing@jonesandsons.com,2026-06-12,001000000000217AAA,2022-12-21,Active,001000000000217AAA,Jones and Sons,CO,3916.2,1,,Monica Herrera,2022-12-21,800000000000217AAA,2026-02-06,2027-02-05,FALSE,12,3916.2,1,,0,109.14%,$244.48,A,Locked,"$2,933.76",2688,$0.00,,,,,
si_00000218_0,cus_000002185413,Hiring,8545,usd,month,8,Larson-Holoway,billing@larsonholloway.com,2026-01-12,,2025-09-11,Churned,,,,,,,,,,,,,,,,,0,113.93%,$683.60,A,No Contract,"$8,203.20",7200,$0.00,,,,,
si_00000218_1,cus_000002185413,HR,11394,usd,month,8,Larson-Holoway,billing@larsonholloway.com,2026-01-12,,2025-09-11,Churned,,,,,,,,,,,,,,,,,0,113.94%,$911.52,A,No Contract,"$10,938.24",9600,$0.00,,,,,
si_00000219_0,cus_000002192878,Hiring,5308,usd,month,3,Gonzales-Harrison,billing@gonzalesharrison.com,2026-06-13,,2023-06-07,Active,,,,,,,,,,,,,,,,Below Floor,249.12,70.77%,$159.24,D,No Contract,"$1,910.88",2700,$789.12,,,,,
si_00000220_0,cus_000002204448,Hiring,6811,usd,month,4,Lyons-Beder,billing@lyonsbender.com,2026-06-08,,2022-10-06,Active,,,,,,,,,,,,,,,,,0,90.81%,$272.44,B,No Contract,"$3,269.28",3600,$330.72,,,,,
si_00000220_1,cus_000002204448,HR,9081,usd,month,4,Lyons-Beder,billing@lyonsbender.com,2026-06-08,,2022-10-06,Active,,,,,,,,,,,,,,,,,0,90.81%,$363.24,B,No Contract,"$4,358.88",4800,$441.12,,,,,
si_00000221_0,cus_000002211949,Hiring,4516,usd,month,4,"Fernandez, Kim and George",billing@fernandezkimandgeorge.com,2026-06-11,001000000000221AAA,2024-11-22,Active,001000000000221AAA,"Fernandez, Kim and George",NY,9046.56,4,,Michele Williams,2024-10-26,,,,,,,,Below Floor,712.32,60.21%,$180.64,D,No Contract,"$2,167.68",3600,"$1,432.32",,,,,
si_00000221_1,cus_000002211949,Payroll,843,usd,month,68,"Fernandez, Kim and George",billing@fernandezkimandgeorge.com,2026-06-11,001000000000221AAA,2024-11-22,Active,001000000000221AAA,"Fernandez, Kim and George",NY,9046.56,4,,Michele Williams,2024-10-26,,,,,,,,Below Floor,2097.12,60.21%,$573.24,D,No Contract,"$6,878.88",11424,"$4,545.12",,,,,
si_00000222_0,cus_000002225891,Hiring,8948,usd,month,2,Navarro-Munoz,billing@navarromunoz.com,2026-06-08,001000000000222AAA,2024-07-18,Active,001000000000222AAA,Navarro-Munoz,NY,2147.52,2,,Michele Williams,2024-06-23,,,,,,,,,0,119.31%,$178.96,A,No Contract,"$2,147.52",1800,$0.00,,,,,
si_00000223_0,cus_000002239220,Hiring,6884,usd,month,1,Davis Ltd,billing@davisltd.com,2026-06-12,001000000000223AAA,2024-10-29,Active,001000000000223AAA,Davis Ltd,TX,7632.96,1,Allison Hill,Lisa Hensley,2024-10-17,800000000000223AAA,2023-09-21,2024-09-20,TRUE,12,7632.96,1,,0,91.79%,$68.84,B,Expired M2M,$826.08,900,$73.92,,,,,
si_00000223_1,cus_000002239220,HR,9179,usd,month,1,Davis Ltd,billing@davisltd.com,2026-06-12,001000000000223AAA,2024-10-29,Active,001000000000223AAA,Davis Ltd,TX,7632.96,1,Allison Hill,Lisa Hensley,2024-10-17,800000000000223AAA,2023-09-21,2024-09-20,TRUE,12,7632.96,1,,0,91.79%,$91.79,B,Expired M2M,"$1,101.48",1200,$98.52,,,,,
si_00000223_2,cus_000002239220,Payroll,1285,usd,month,37,Davis Ltd,billing@davisltd.com,2026-06-12,001000000000223AAA,2024-10-29,Active,001000000000223AAA,Davis Ltd,TX,7632.96,1,Allison Hill,Lisa Hensley,2024-10-17,800000000000223AAA,2023-09-21,2024-09-20,TRUE,12,7632.96,1,,0,91.79%,$475.45,B,Expired M2M,"$5,705.40",6216,$510.60,,,,,
si_00000224_0,cus_000002240457,Hiring,100260,usd,year,6,"Matthews, Smith and Hubbard",billing@matthewssmithandhubbard.com,2026-06-03,001000000000224AAA,2025-10-01,Active,001000000000224AAA,"Matthews, Smith and Hubbard",TX,6015.6,6,,Lisa Hensley,2025-09-04,,,,,,,,,0,111.40%,$501.30,A,No Contract,"$6,015.60",5400,$0.00,,,,,
si_00000225_0,cus_000002255835,Hiring,6485,usd,month,3,Johnston-Hines,billing@johnstonhines.com,2025-12-26,001000000000225AAA,2023-10-22,Churned,001000000000225AAA,Johnston-Hines,GA,2334.6,3,Angie Henderson,Lisa Hensley,2023-10-19,,,,,,,,,0,86.47%,$194.55,C,No Contract,"$2,334.60",2700,$365.40,,,,,
si_00000226_0,cus_000002265297,Hiring,6857,usd,month,3,Ruiz Ltd,billing@ruizltd.com,2026-06-12,001000000000226AAA,2022-02-01,Active,001000000000226AAA,Ruiz Ltd,IL,2468.52,3,Gina Moore,Michele Williams,2022-02-01,800000000000226AAA,2026-05-08,2027-05-07,FALSE,12,2468.52,3,,0,91.43%,$205.71,B,Locked,"$2,468.52",2700,$231.48,,,,,
si_00000227_0,cus_000002272897,Hiring,7862,usd,month,5,Moon-White,billing@moonwhite.com,2026-02-10,001000000000227AAA,2023-05-08,Churned,001000000000227AAA,Moon-White,GA,20695.8,5,,Monica Herrera,2023-04-28,,,,,,,,,0,104.83%,$393.10,A,No Contract,"$4,717.20",4500,$0.00,,,,,
si_00000227_1,cus_000002272897,HR,10483,usd,month,5,Moon-White,billing@moonwhite.com,2026-02-10,001000000000227AAA,2023-05-08,Churned,001000000000227AAA,Moon-White,GA,20695.8,5,,Monica Herrera,2023-04-28,,,,,,,,,0,104.83%,$524.15,A,No Contract,"$6,289.80",6000,$0.00,,,,,
si_00000227_2,cus_000002272897,Payroll,1468,usd,month,55,Moon-White,billing@moonwhite.com,2026-02-10,001000000000227AAA,2023-05-08,Churned,001000000000227AAA,Moon-White,GA,20695.8,5,,Monica Herrera,2023-04-28,,,,,,,,,0,104.86%,$807.40,A,No Contract,"$9,688.80",9240,$0.00,,,,,
si_00000229_0,cus_000002294543,Hiring,6002,usd,month,3,Bailey-Cook,billing@baileycook.com,2026-06-08,001000000000229AAA,2023-05-24,Active,001000000000229AAA,Bailey-Cook,NY,2160.72,3,,Brian Ramirez,2023-05-08,800000000000229AAA,2024-06-23,2025-06-22,TRUE,12,2160.72,3,,0,80.03%,$180.06,C,Expired M2M,"$2,160.72",2700,$539.28,,,,,
si_00000230_0,cus_000002308393,Hiring,8788,usd,month,2,"Garcia, Martin and Jenkins",billing@garciamartinandjenkins.com,2026-06-12,001000000000230AAA,2022-11-15,Active,001000000000230AAA,"Garcia, Martin and Jenkins",GA,4921.44,2,,Dylan Miller,2022-11-05,800000000000230AAA,2023-11-15,2025-11-14,TRUE,24,4921.44,2,,0,117.17%,$175.76,A,Expired M2M,"$2,109.12",1800,$0.00,,,,,
si_00000230_1,cus_000002308393,HR,11718,usd,month,2,"Garcia, Martin and Jenkins",billing@garciamartinandjenkins.com,2026-06-12,001000000000230AAA,2022-11-15,Active,001000000000230AAA,"Garcia, Martin and Jenkins",GA,4921.44,2,,Dylan Miller,2022-11-05,800000000000230AAA,2023-11-15,2025-11-14,TRUE,24,4921.44,2,,0,117.18%,$234.36,A,Expired M2M,"$2,812.32",2400,$0.00,,,,,
si_00000231_0,cus_000002317352,Hiring,5258,usd,month,2,Roberts-Landry,billing@robertslandry.com,2026-06-10,001000000000231AAA,2024-01-04,Active,001000000000231AAA,Roberts-Landry,IL,1261.92,2,,Dylan Miller,2023-12-07,800000000000231AAA,2024-09-24,2025-09-23,TRUE,12,1261.92,2,Below Floor,178.08,70.11%,$105.16,D,Expired M2M,"$1,261.92",1800,$538.08,,,,,
si_00000232_0,cus_000002327484,Hiring,5574,usd,month,5,"Johnson, Miller & King",billing@johnsonmillerandking.com,2026-06-07,,2025-12-10,Active,,,,,,,,,,,,,,,,Below Floor,255.6,74.32%,$278.70,D,No Contract,"$3,344.40",4500,"$1,155.60",,,,,
si_00000232_1,cus_000002327484,Payroll,1040,usd,month,30,"Johnson, Miller & King",billing@johnsonmillerandking.com,2026-06-07,,2025-12-10,Active,,,,,,,,,,,,,,,,Below Floor,216,74.29%,$312.00,D,No Contract,"$3,744.00",5040,"$1,296.00",,,,,
si_00000233_0,cus_000002332811,Hiring,65868,usd,year,5,Cordova Group,billing@cordovagroup.com,2026-06-05,001000000000233AAA,2024-08-13,Active,001000000000233AAA,Cordova Group,WA,6983.4,5,,Monica Herrera,2024-07-30,,,,,,,,Below Floor,306.6,73.19%,$274.45,D,No Contract,"$3,293.40",4500,"$1,206.60",,,,,
si_00000233_1,cus_000002332811,Payroll,12300,usd,year,30,Cordova Group,billing@cordovagroup.com,2026-06-05,001000000000233AAA,2024-08-13,Active,001000000000233AAA,Cordova Group,WA,6983.4,5,,Monica Herrera,2024-07-30,,,,,,,,Below Floor,270,73.21%,$307.50,D,No Contract,"$3,690.00",5040,"$1,350.00",,,,,
si_00000234_0,cus_000002346347,Hiring,6145,usd,month,2,"Bryan, Smith and Booth",billing@bryansmithandbooth.com,2026-06-01,001000000000234AAA,2026-02-17,Active,001000000000234AAA,"Bryan, Smith and Booth",TN,11257.2,5,,Dylan Miller,2026-02-09,800000000000234AAA,2024-01-13,2025-01-12,TRUE,12,11257.2,5,,0,81.93%,$122.90,C,Expired M2M,"$1,474.80",1800,$325.20,,,,,
si_00000234_1,cus_000002346347,Payroll,1147,usd,month,22,"Bryan, Smith and Booth",billing@bryansmithandbooth.com,2026-06-01,001000000000234AAA,2026-02-17,Active,001000000000234AAA,"Bryan, Smith and Booth",TN,11257.2,5,,Dylan Miller,2026-02-09,800000000000234AAA,2024-01-13,2025-01-12,TRUE,12,11257.2,5,,0,81.93%,$252.34,C,Expired M2M,"$3,028.08",3696,$667.92,,,,,
si_00000235_0,cus_000002350038,Hiring,4972,usd,month,5,Gutierrez-opez,billing@gutierrezlopez.com,2026-06-08,,2023-10-20,Active,,,,,,,,,,,,,,,,Below Floor,616.8,66.29%,$248.60,D,No Contract,"$2,983.20",4500,"$1,516.80",,,,,
si_00000235_1,cus_000002350038,HR,6629,usd,month,5,Gutierrez-opez,billing@gutierrezlopez.com,2026-06-08,,2023-10-20,Active,,,,,,,,,,,,,,,,Below Floor,822.6,66.29%,$331.45,D,No Contract,"$3,977.40",6000,"$2,022.60",,,,,
si_00000236_0,cus_000002363774,HR,128376,usd,year,4,Dean-Jimenez,billing@deanjimenez.com,2026-06-12,001000000000236AAA,2024-07-03,Active,001000000000236AAA,Dean-Jimenez,UT,3851.28,3,Daniel Wagner,Carla Gray,2024-06-26,,,,,,,,,0,106.98%,$427.92,A,No Contract,"$5,135.04",4800,$0.00,,,,,
si_00000237_0,cus_000002379776,Hiring,7280,usd,month,5,Wolf-Harris,billing@wolfharris.com,2026-06-05,001000000000237AAA,2026-04-14,Active,001000000000237AAA,Wolf-Harris,PA,10192.2,5,Gabrielle Davis,Dylan Miller,2026-03-17,800000000000237AAA,2024-07-06,2025-07-05,TRUE,12,10192.2,5,,0,97.07%,$364.00,B,Expired M2M,"$4,368.00",4500,$132.00,,,,,
si_00000237_1,cus_000002379776,HR,9707,usd,month,5,Wolf-Harris,billing@wolfharris.com,2026-06-05,001000000000237AAA,2026-04-14,Active,001000000000237AAA,Wolf-Harris,PA,10192.2,5,Gabrielle Davis,Dylan Miller,2026-03-17,800000000000237AAA,2024-07-06,2025-07-05,TRUE,12,10192.2,5,,0,97.07%,$485.35,B,Expired M2M,"$5,824.20",6000,$175.80,,,,,
si_00000238_0,cus_000002386913,Hiring,4500,usd,month,2,"Anderson, Roberts and Gilmore",billing@andersonrobertsandgilmore.com,2026-06-01,001000000000238AAA,2025-08-02,Active,001000000000238AAA,"Anderson, Roberts and Gilmore",UT,2520,2,,Lisa Hensley,2025-07-20,800000000000238AAA,2026-04-24,2027-04-23,FALSE,12,2520,2,Below Floor,360,60.00%,$90.00,D,Locked,"$1,080.00",1800,$720.00,,,,,
si_00000238_1,cus_000002386913,HR,6000,usd,month,2,"Anderson, Roberts and Gilmore",billing@andersonrobertsandgilmore.com,2026-06-01,001000000000238AAA,2025-08-02,Active,001000000000238AAA,"Anderson, Roberts and Gilmore",UT,2520,2,,Lisa Hensley,2025-07-20,800000000000238AAA,2026-04-24,2027-04-23,FALSE,12,2520,2,Below Floor,480,60.00%,$120.00,D,Locked,"$1,440.00",2400,$960.00,,,,,
si_00000239_0,cus_000002390522,Hiring,7442,usd,month,5,Martinez-Dudley,billing@martinezdudley.com,2026-05-09,001000000000239AAA,2021-10-27,Active,001000000000239AAA,Martinez-Dudley,FL,4167.36,2,Allison Hill,Ryan Munoz,2021-10-20,800000000000239AAA,2026-05-06,2027-05-05,FALSE,12,4167.36,2,,0,99.23%,$372.10,B,Locked,"$4,465.20",4500,$34.80,,,,,
si_00000239_1,cus_000002390522,HR,9922,usd,month,5,Martinez-Dudley,billing@martinezdudley.com,2026-05-09,001000000000239AAA,2021-10-27,Active,001000000000239AAA,Martinez-Dudley,FL,4167.36,2,Allison Hill,Ryan Munoz,2021-10-20,800000000000239AAA,2026-05-06,2027-05-05,FALSE,12,4167.36,2,,0,99.22%,$496.10,B,Locked,"$5,953.20",6000,$46.80,,,,,
si_00000240_0,cus_000002400926,Hiring,5899,usd,month,1,"Lloyd, Mckinney and Collins",billing@lloydmckinneyandcollins.com,2026-02-02,001000000000240AAA,2024-04-08,Churned,001000000000240AAA,"Lloyd, Mckinney and Collins",TX,1651.68,1,Abigail Shaffer,Lisa Jackson,2024-03-16,800000000000240AAA,2022-02-07,2025-02-06,TRUE,36,1651.68,1,,0,78.65%,$58.99,C,Expired M2M,$707.88,900,$192.12,,,,,
si_00000240_1,cus_000002400926,HR,7865,usd,month,1,"Lloyd, Mckinney and Collins",billing@lloydmckinneyandcollins.com,2026-02-02,001000000000240AAA,2024-04-08,Churned,001000000000240AAA,"Lloyd, Mckinney and Collins",TX,1651.68,1,Abigail Shaffer,Lisa Jackson,2024-03-16,800000000000240AAA,2022-02-07,2025-02-06,TRUE,36,1651.68,1,,0,78.65%,$78.65,C,Expired M2M,$943.80,1200,$256.20,,,,,
si_00000241_0,cus_000002410881,Hiring,6696,usd,month,4,Trn,billing@traninc.com,2026-06-02,,2026-03-12,Active,,,,,,,,,,,,,,,,,0,89.28%,$267.84,C,No Contract,"$3,214.08",3600,$385.92,,,,,
si_00000242_0,cus_000002426839,Hiring,5043,usd,month,10,Gay Inc,billing@gayinc.com,2026-06-13,001000000000242AAA,2022-12-05,Active,001000000000242AAA,Gay Inc,IL,14120.4,10,Gabrielle Davis,Holly Wood,2022-11-09,,,,,,,,Below Floor,1148.4,67.24%,$504.30,D,No Contract,"$6,051.60",9000,"$2,948.40",,,,,
si_00000242_1,cus_000002426839,HR,6724,usd,month,10,Gay Inc,billing@gayinc.com,2026-06-13,001000000000242AAA,2022-12-05,Active,001000000000242AAA,Gay Inc,IL,14120.4,10,Gabrielle Davis,Holly Wood,2022-11-09,,,,,,,,Below Floor,1531.2,67.24%,$672.40,D,No Contract,"$8,068.80",12000,"$3,931.20",,,,,
si_00000243_0,cus_000002434275,Hiring,7249,usd,month,5,Valentine-Holland,billing@valentineholland.com,2026-06-15,001000000000243AAA,2022-04-04,Active,001000000000243AAA,Valentine-Holland,CA,10149,5,Cristian Santos,Lisa Jackson,2022-03-22,,,,,,,,,0,96.65%,$362.45,B,No Contract,"$4,349.40",4500,$150.60,,,,,
si_00000243_1,cus_000002434275,HR,9666,usd,month,5,Valentine-Holland,billing@valentineholland.com,2026-06-15,001000000000243AAA,2022-04-04,Active,001000000000243AAA,Valentine-Holland,CA,10149,5,Cristian Santos,Lisa Jackson,2022-03-22,,,,,,,,,0,96.66%,$483.30,B,No Contract,"$5,799.60",6000,$200.40,,,,,
si_00000244_0,cus_000002442004,Hiring,6602,usd,month,7,Jimenez Ltd,billing@jimenezltd.com,2026-06-12,001000000000244AAA,2026-04-16,Active,001000000000244AAA,Jimenez Ltd,AZ,19149.48,7,Cristian Santos,Jamie Arnold,2026-04-04,800000000000244AAA,2023-11-12,2024-11-11,TRUE,12,19149.48,7,,0,88.03%,$462.14,C,Expired M2M,"$5,545.68",6300,$754.32,,,,,
si_00000244_1,cus_000002442004,HR,8803,usd,month,7,Jimenez Ltd,billing@jimenezltd.com,2026-06-12,001000000000244AAA,2026-04-16,Active,001000000000244AAA,Jimenez Ltd,AZ,19149.48,7,Cristian Santos,Jamie Arnold,2026-04-04,800000000000244AAA,2023-11-12,2024-11-11,TRUE,12,19149.48,7,,0,88.03%,$616.21,C,Expired M2M,"$7,394.52",8400,"$1,005.48",,,,,
si_00000244_2,cus_000002442004,Payroll,1232,usd,month,42,Jimenez Ltd,billing@jimenezltd.com,2026-06-12,001000000000244AAA,2026-04-16,Active,001000000000244AAA,Jimenez Ltd,AZ,19149.48,7,Cristian Santos,Jamie Arnold,2026-04-04,800000000000244AAA,2023-11-12,2024-11-11,TRUE,12,19149.48,7,,0,88.00%,$517.44,C,Expired M2M,"$6,209.28",7056,$846.72,,,,,
si_00000245_0,cus_000002458735,Hiring,6909,usd,month,5,Hicks-Hill,billing@hickshill.com,2026-01-16,,2024-08-05,Churned,,,,,,,,,,,,,,,,,0,92.12%,$345.45,B,No Contract,"$4,145.40",4500,$354.60,,,,,
si_00000245_1,cus_000002458735,HR,9211,usd,month,5,Hicks-Hill,billing@hickshill.com,2026-01-16,,2024-08-05,Churned,,,,,,,,,,,,,,,,,0,92.11%,$460.55,B,No Contract,"$5,526.60",6000,$473.40,,,,,
si_00000246_0,cus_000002465264,Hiring,78348,usd,year,4,Baird-Sanchez,billing@bairdsanchez.com,2026-06-02,001000000000246AAA,2024-07-24,Active,001000000000246AAA,Baird-Sanchez,NC,3133.92,4,Gabrielle Davis,Brian Ramirez,2024-07-03,800000000000246AAA,2026-02-14,2027-02-13,FALSE,12,3133.92,4,,0,87.05%,$261.16,C,Locked,"$3,133.92",3600,$466.08,,,,,
si_00000247_0,cus_000002470773,Hiring,8172,usd,month,3,"Thomas, Lee and Greene",billing@thomasleeandgreene.com,2026-06-12,001000000000247AAA,2023-12-27,Active,001000000000247AAA,"Thomas, Lee and Greene",GA,14550.48,3,Abigail Shaffer,Jamie Arnold,2023-12-05,,,,,,,,,0,108.96%,$245.16,A,No Contract,"$2,941.92",2700,$0.00,,,,,
si_00000247_1,cus_000002470773,HR,10896,usd,month,3,"Thomas, Lee and Greene",billing@thomasleeandgreene.com,2026-06-12,001000000000247AAA,2023-12-27,Active,001000000000247AAA,"Thomas, Lee and Greene",GA,14550.48,3,Abigail Shaffer,Jamie Arnold,2023-12-05,,,,,,,,,0,108.96%,$326.88,A,No Contract,"$3,922.56",3600,$0.00,,,,,
si_00000247_2,cus_000002470773,Payroll,1525,usd,month,42,"Thomas, Lee and Greene",billing@thomasleeandgreene.com,2026-06-12,001000000000247AAA,2023-12-27,Active,001000000000247AAA,"Thomas, Lee and Greene",GA,14550.48,3,Abigail Shaffer,Jamie Arnold,2023-12-05,,,,,,,,,0,108.93%,$640.50,A,No Contract,"$7,686.00",7056,$0.00,,,,,
si_00000248_0,cus_000002482012,Hiring,69300,usd,year,8,"Suarez, Shields and Hill",billing@suarezshieldsandhill.com,2026-06-01,001000000000248AAA,2023-10-26,Active,001000000000248AAA,"Suarez, Shields and Hill",CO,22102.08,8,Abigail Shaffer,Holly Wood,2023-10-18,800000000000248AAA,2025-11-17,2026-11-16,FALSE,12,22102.08,8,Below Floor,216,77.00%,$462.00,C,Locked,"$5,544.00",7200,"$1,656.00",,,,,
si_00000248_1,cus_000002482012,Payroll,12936,usd,year,128,"Suarez, Shields and Hill",billing@suarezshieldsandhill.com,2026-06-01,001000000000248AAA,2023-10-26,Active,001000000000248AAA,"Suarez, Shields and Hill",CO,22102.08,8,Abigail Shaffer,Holly Wood,2023-10-18,800000000000248AAA,2025-11-17,2026-11-16,FALSE,12,22102.08,8,Below Floor,337.92,77.00%,"$1,379.84",C,Locked,"$16,558.08",21504,"$4,945.92",,,,,
si_00000249_0,cus_000002494163,Hiring,6928,usd,month,2,Morgan-French,billing@morganfrench.com,2026-06-05,001000000000249AAA,2024-04-27,Active,001000000000249AAA,Morgan-French,OH,16990.92,3,,Brian Ramirez,2024-04-12,800000000000249AAA,2025-02-14,2027-02-13,FALSE,24,16990.92,3,,0,92.37%,$138.56,B,Locked,"$1,662.72",1800,$137.28,,,,,
si_00000249_1,cus_000002494163,HR,9237,usd,month,2,Morgan-French,billing@morganfrench.com,2026-06-05,001000000000249AAA,2024-04-27,Active,001000000000249AAA,Morgan-French,OH,16990.92,3,,Brian Ramirez,2024-04-12,800000000000249AAA,2025-02-14,2027-02-13,FALSE,24,16990.92,3,,0,92.37%,$184.74,B,Locked,"$2,216.88",2400,$183.12,,,,,
si_00000249_2,cus_000002494163,Payroll,1293,usd,month,48,Morgan-French,billing@morganfrench.com,2026-06-05,001000000000249AAA,2024-04-27,Active,001000000000249AAA,Morgan-French,OH,16990.92,3,,Brian Ramirez,2024-04-12,800000000000249AAA,2025-02-14,2027-02-13,FALSE,24,16990.92,3,,0,92.36%,$620.64,B,Locked,"$7,447.68",8064,$616.32,,,,,
si_00000250_0,cus_000002509159,Hiring,91356,usd,year,1,Hoover-Campbell,billing@hoovercampbell.com,2026-06-02,001000000000250AAA,2025-07-08,Active,001000000000250AAA,Hoover-Campbell,WA,8781.84,1,Gabrielle Davis,Derek Zuniga,2025-07-02,800000000000250AAA,2024-10-19,2026-10-18,FALSE,24,8781.84,1,,0,101.51%,$76.13,A,Locked,$913.56,900,$0.00,,,,,
si_00000250_1,cus_000002509159,HR,121800,usd,year,1,Hoover-Campbell,billing@hoovercampbell.com,2026-06-02,001000000000250AAA,2025-07-08,Active,001000000000250AAA,Hoover-Campbell,WA,8781.84,1,Gabrielle Davis,Derek Zuniga,2025-07-02,800000000000250AAA,2024-10-19,2026-10-18,FALSE,24,8781.84,1,,0,101.50%,$101.50,A,Locked,"$1,218.00",1200,$0.00,,,,,
si_00000250_2,cus_000002509159,Payroll,17052,usd,year,39,Hoover-Campbell,billing@hoovercampbell.com,2026-06-02,001000000000250AAA,2025-07-08,Active,001000000000250AAA,Hoover-Campbell,WA,8781.84,1,Gabrielle Davis,Derek Zuniga,2025-07-02,800000000000250AAA,2024-10-19,2026-10-18,FALSE,24,8781.84,1,,0,101.50%,$554.19,A,Locked,"$6,650.28",6552,$0.00,,,,,
si_00000251_0,cus_000002512558,Hiring,73416,usd,year,1,Monroe-Carpenter,billing@monroecarpenter.com,2026-06-15,001000000000251AAA,2024-01-29,Active,001000000000251AAA,Monroe-Carpenter,WA,734.16,1,Abigail Shaffer,Margaret Hawkins DDS,2024-01-18,800000000000251AAA,2026-04-06,2027-04-05,FALSE,12,734.16,1,,0,81.57%,$61.18,C,Locked,$734.16,900,$165.84,,,,,
si_00000252_0,cus_000002528571,Hiring,101748,usd,year,18,"Burns, Hernandez and Ryan",billing@burnshernandezandryan.com,2026-06-11,001000000000252AAA,2025-07-11,Active,001000000000252AAA,"Burns, Hernandez and Ryan",GA,35613,15,Noah Rhodes,Holly Wood,2025-06-13,,,,,,,,,0,113.05%,"$1,526.22",A,No Contract,"$18,314.64",16200,$0.00,,,,,
si_00000252_1,cus_000002528571,HR,135672,usd,year,18,"Burns, Hernandez and Ryan",billing@burnshernandezandryan.com,2026-06-11,001000000000252AAA,2025-07-11,Active,001000000000252AAA,"Burns, Hernandez and Ryan",GA,35613,15,Noah Rhodes,Holly Wood,2025-06-13,,,,,,,,,0,113.06%,"$2,035.08",A,No Contract,"$24,420.96",21600,$0.00,,,,,
si_00000253_0,cus_000002534544,Hiring,8323,usd,month,1,Cook-Hines,billing@cookhines.com,2026-02-01,001000000000253AAA,2022-11-07,Churned,001000000000253AAA,Cook-Hines,PA,7551.96,1,Angie Henderson,Ryan Munoz,2022-10-18,,,,,,,,,0,110.97%,$83.23,A,No Contract,$998.76,900,$0.00,,,,,
si_00000253_1,cus_000002534544,HR,11098,usd,month,1,Cook-Hines,billing@cookhines.com,2026-02-01,001000000000253AAA,2022-11-07,Churned,001000000000253AAA,Cook-Hines,PA,7551.96,1,Angie Henderson,Ryan Munoz,2022-10-18,,,,,,,,,0,110.98%,$110.98,A,No Contract,"$1,331.76",1200,$0.00,,,,,
si_00000253_2,cus_000002534544,Payroll,1554,usd,month,28,Cook-Hines,billing@cookhines.com,2026-02-01,001000000000253AAA,2022-11-07,Churned,001000000000253AAA,Cook-Hines,PA,7551.96,1,Angie Henderson,Ryan Munoz,2022-10-18,,,,,,,,,0,111.00%,$435.12,A,No Contract,"$5,221.44",4704,$0.00,,,,,
si_00000254_0,cus_000002549171,Hiring,66180,usd,year,5,Gibson-Morris,billing@gibsonmorris.com,2026-06-01,001000000000254AAA,2022-02-20,Active,001000000000254AAA,Gibson-Morris,TX,3309,5,,Holly Wood,2022-01-26,,,,,,,,Below Floor,291,73.53%,$275.75,D,No Contract,"$3,309.00",4500,"$1,191.00",,,,,
si_00000255_0,cus_000002556811,Hiring,5979,usd,month,3,Pollard and,billing@pollardandsons.com,2025-12-29,,2026-02-26,Churned,,,,,,,,,,,,,,,,,0,79.72%,$179.37,C,No Contract,"$2,152.44",2700,$547.56,,,,,
si_00000255_1,cus_000002556811,Payroll,1116,usd,month,84,Pollard and,billing@pollardandsons.com,2025-12-29,,2026-02-26,Churned,,,,,,,,,,,,,,,,,0,79.71%,$937.44,C,No Contract,"$11,249.28",14112,"$2,862.72",,,,,
si_00000256_0,cus_000002562390,HR,11512,usd,month,3,"Reyes, Chase & Jenkins",billing@reyeschaseandjenkins.com,2026-06-05,,2024-09-06,Active,,,,,,,,,,,,,,,,,0,115.12%,$345.36,A,No Contract,"$4,144.32",3600,$0.00,,,,,
si_00000257_0,cus_000002570208,Hiring,112500,usd,year,5,Garner-Thornton,billing@garnerthornton.com,2026-05-08,001000000000257AAA,2025-06-11,Active,001000000000257AAA,Garner-Thornton,GA,25575,5,Allison Hill,Carla Gray,2025-05-27,,,,,,,,,0,125.00%,$468.75,A,No Contract,"$5,625.00",4500,$0.00,,,,,
si_00000257_1,cus_000002570208,Payroll,21000,usd,year,95,Garner-Thornton,billing@garnerthornton.com,2026-05-08,001000000000257AAA,2025-06-11,Active,001000000000257AAA,Garner-Thornton,GA,25575,5,Allison Hill,Carla Gray,2025-05-27,,,,,,,,,0,125.00%,"$1,662.50",A,No Contract,"$19,950.00",15960,$0.00,,,,,
si_00000258_0,cus_000002588543,Hiring,6528,usd,month,3,Hughes-Alvarado,billing@hughesalvarado.com,2026-06-04,001000000000258AAA,2023-04-14,Active,001000000000258AAA,Hughes-Alvarado,PA,2350.08,3,,Lisa Jackson,2023-04-09,,,,,,,,,0,87.04%,$195.84,C,No Contract,"$2,350.08",2700,$349.92,,,,,
si_00000259_0,cus_000002598030,Hiring,112500,usd,year,2,"Pollard, Simpson and Johnson",billing@pollardsimpsonandjohnson.com,2026-06-05,001000000000259AAA,2023-09-11,Active,001000000000259AAA,"Pollard, Simpson and Johnson",TN,17370,2,,Ryan Munoz,2023-08-30,,,,,,,,,0,125.00%,$187.50,A,No Contract,"$2,250.00",1800,$0.00,,,,,
si_00000259_1,cus_000002598030,Payroll,21000,usd,year,72,"Pollard, Simpson and Johnson",billing@pollardsimpsonandjohnson.com,2026-06-05,001000000000259AAA,2023-09-11,Active,001000000000259AAA,"Pollard, Simpson and Johnson",TN,17370,2,,Ryan Munoz,2023-08-30,,,,,,,,,0,125.00%,"$1,260.00",A,No Contract,"$15,120.00",12096,$0.00,,,,,
si_00000260_0,cus_000002608604,Hiring,61272,usd,year,6,"Sanford, Rivera and Garcia",billing@sanfordriveraandgarcia.com,2026-06-07,001000000000260AAA,2025-12-28,Active,001000000000260AAA,"Sanford, Rivera and Garcia",IL,3676.32,6,,Derek Zuniga,2025-12-09,,,,,,,,Below Floor,643.68,68.08%,$306.36,D,No Contract,"$3,676.32",5400,"$1,723.68",,,,,
si_00000261_0,cus_000002611571,Hiring,6788,usd,month,10,Garcia-Lozano,billing@garcialozano.com,2026-06-01,001000000000261AAA,2025-02-05,Active,001000000000261AAA,Garcia-Lozano,TX,19005.6,10,Gina Moore,Brian Ramirez,2025-01-14,,,,,,,,,0,90.51%,$678.80,B,No Contract,"$8,145.60",9000,$854.40,,,,,
si_00000261_1,cus_000002611571,HR,9050,usd,month,10,Garcia-Lozano,billing@garcialozano.com,2026-06-01,001000000000261AAA,2025-02-05,Active,001000000000261AAA,Garcia-Lozano,TX,19005.6,10,Gina Moore,Brian Ramirez,2025-01-14,,,,,,,,,0,90.50%,$905.00,B,No Contract,"$10,860.00",12000,"$1,140.00",,,,,
si_00000262_0,cus_000002620561,Hiring,79620,usd,year,3,Bowen Group,billing@bowengroup.com,2026-03-20,001000000000262AAA,2024-11-18,Active,001000000000262AAA,Bowen Group,TN,3981,5,,Margaret Hawkins DDS,2024-11-11,,,,,,,,,0,88.47%,$199.05,C,No Contract,"$2,388.60",2700,$311.40,,,,,
si_00000263_0,cus_000002638883,Hiring,8307,usd,month,1,"Booker, Jones and Harrington",billing@bookerjonesandharrington.com,2026-06-04,001000000000263AAA,2023-08-22,Active,001000000000263AAA,"Booker, Jones and Harrington",NY,27078.84,3,,Lisa Hensley,2023-07-27,800000000000263AAA,2025-08-08,2027-08-07,FALSE,24,27078.84,3,,0,110.76%,$83.07,A,Locked,$996.84,900,$0.00,,,,,
si_00000263_1,cus_000002638883,HR,11076,usd,month,1,"Booker, Jones and Harrington",billing@bookerjonesandharrington.com,2026-06-04,001000000000263AAA,2023-08-22,Active,001000000000263AAA,"Booker, Jones and Harrington",NY,27078.84,3,,Lisa Hensley,2023-07-27,800000000000263AAA,2025-08-08,2027-08-07,FALSE,24,27078.84,3,,0,110.76%,$110.76,A,Locked,"$1,329.12",1200,$0.00,,,,,
si_00000263_2,cus_000002638883,Payroll,1551,usd,month,36,"Booker, Jones and Harrington",billing@bookerjonesandharrington.com,2026-06-04,001000000000263AAA,2023-08-22,Active,001000000000263AAA,"Booker, Jones and Harrington",NY,27078.84,3,,Lisa Hensley,2023-07-27,800000000000263AAA,2025-08-08,2027-08-07,FALSE,24,27078.84,3,,0,110.79%,$558.36,A,Locked,"$6,700.32",6048,$0.00,,,,,
si_00000264_0,cus_000002640463,HR,11806,usd,month,6,Morgan-Schwartz,billing@morganschwartz.com,2026-06-15,001000000000264AAA,2024-01-07,Active,001000000000264AAA,Morgan-Schwartz,NC,54916.56,6,,Holly Wood,2023-12-27,800000000000264AAA,2021-09-13,2024-09-12,TRUE,36,54916.56,6,,0,118.06%,$708.36,A,Expired M2M,"$8,500.32",7200,$0.00,,,,,
si_00000264_1,cus_000002640463,Payroll,1653,usd,month,234,Morgan-Schwartz,billing@morganschwartz.com,2026-06-15,001000000000264AAA,2024-01-07,Active,001000000000264AAA,Morgan-Schwartz,NC,54916.56,6,,Holly Wood,2023-12-27,800000000000264AAA,2021-09-13,2024-09-12,TRUE,36,54916.56,6,,0,118.07%,"$3,868.02",A,Expired M2M,"$46,416.24",39312,$0.00,,,,,
si_00000265_0,cus_000002650941,Hiring,7050,usd,month,4,"Miller, Murphy and Craig",billing@millermurphyandcraig.com,2026-06-07,001000000000265AAA,2022-12-11,Active,001000000000265AAA,"Miller, Murphy and Craig",TN,1692,2,,Jamie Arnold,2022-12-03,,,,,,,,,0,94.00%,$282.00,B,No Contract,"$3,384.00",3600,$216.00,,,,,
si_00000266_0,cus_000002669673,Hiring,5770,usd,month,5,"James, Stewart and Higgins",billing@jamesstewartandhiggins.com,2026-06-06,001000000000266AAA,2025-11-20,Active,001000000000266AAA,"James, Stewart and Higgins",TX,3462,5,,Ryan Munoz,2025-11-15,800000000000266AAA,2025-04-27,2026-04-26,TRUE,12,3462,5,Below Floor,138,76.93%,$288.50,C,Expired M2M,"$3,462.00",4500,"$1,038.00",,,,,
si_00000267_0,cus_000002676413,Hiring,4500,usd,month,3,Brennan-Johnson,billing@brennanjohnson.com,2026-06-12,001000000000267AAA,2026-03-30,Active,001000000000267AAA,Brennan-Johnson,GA,19958.4,4,Abigail Shaffer,Michele Williams,2026-03-06,,,,,,,,Below Floor,540,60.00%,$135.00,D,No Contract,"$1,620.00",2700,"$1,080.00",,,,,
si_00000267_1,cus_000002676413,HR,6000,usd,month,3,Brennan-Johnson,billing@brennanjohnson.com,2026-06-12,001000000000267AAA,2026-03-30,Active,001000000000267AAA,Brennan-Johnson,GA,19958.4,4,Abigail Shaffer,Michele Williams,2026-03-06,,,,,,,,Below Floor,720,60.00%,$180.00,D,No Contract,"$2,160.00",3600,"$1,440.00",,,,,
si_00000267_2,cus_000002676413,Payroll,840,usd,month,111,Brennan-Johnson,billing@brennanjohnson.com,2026-06-12,001000000000267AAA,2026-03-30,Active,001000000000267AAA,Brennan-Johnson,GA,19958.4,4,Abigail Shaffer,Michele Williams,2026-03-06,,,,,,,,Below Floor,3463.2,60.00%,$932.40,D,No Contract,"$11,188.80",18648,"$7,459.20",,,,,
si_00000268_0,cus_000002688808,HR,8464,usd,month,3,Young Ltd,billing@youngltd.com,2026-06-03,001000000000268AAA,2026-04-25,Active,001000000000268AAA,Young Ltd,OH,10725.84,3,,Lisa Hensley,2026-04-15,,,,,,,,,0,84.64%,$253.92,C,No Contract,"$3,047.04",3600,$552.96,,,,,
si_00000268_1,cus_000002688808,Payroll,1185,usd,month,54,Young Ltd,billing@youngltd.com,2026-06-03,001000000000268AAA,2026-04-25,Active,001000000000268AAA,Young Ltd,OH,10725.84,3,,Lisa Hensley,2026-04-15,,,,,,,,,0,84.64%,$639.90,C,No Contract,"$7,678.80",9072,"$1,393.20",,,,,
si_00000269_0,cus_000002696968,Hiring,7817,usd,month,17,Bright-Francis,billing@brightfrancis.com,2026-05-13,001000000000269AAA,2022-08-30,Active,001000000000269AAA,Bright-Francis,IL,60232.32,16,,Carla Gray,2022-08-16,800000000000269AAA,2025-09-27,2026-09-26,FALSE,12,60232.32,16,,0,104.23%,"$1,328.89",A,Locked,"$15,946.68",15300,$0.00,,,,,
si_00000269_1,cus_000002696968,HR,10423,usd,month,17,Bright-Francis,billing@brightfrancis.com,2026-05-13,001000000000269AAA,2022-08-30,Active,001000000000269AAA,Bright-Francis,IL,60232.32,16,,Carla Gray,2022-08-16,800000000000269AAA,2025-09-27,2026-09-26,FALSE,12,60232.32,16,,0,104.23%,"$1,771.91",A,Locked,"$21,262.92",20400,$0.00,,,,,
si_00000269_2,cus_000002696968,Payroll,1459,usd,month,153,Bright-Francis,billing@brightfrancis.com,2026-05-13,001000000000269AAA,2022-08-30,Active,001000000000269AAA,Bright-Francis,IL,60232.32,16,,Carla Gray,2022-08-16,800000000000269AAA,2025-09-27,2026-09-26,FALSE,12,60232.32,16,,0,104.21%,"$2,232.27",A,Locked,"$26,787.24",25704,$0.00,,,,,
si_00000270_0,cus_000002701073,Hiring,5905,usd,month,2,Good-Hodges,billing@goodhodges.com,2026-06-05,001000000000270AAA,2024-09-23,Active,001000000000270AAA,Good-Hodges,AZ,3306.96,2,,Michele Williams,2024-09-17,,,,,,,,Below Floor,22.8,78.73%,$118.10,C,No Contract,"$1,417.20",1800,$382.80,,,,,
si_00000270_1,cus_000002701073,HR,7874,usd,month,2,Good-Hodges,billing@goodhodges.com,2026-06-05,001000000000270AAA,2024-09-23,Active,001000000000270AAA,Good-Hodges,AZ,3306.96,2,,Michele Williams,2024-09-17,,,,,,,,Below Floor,30.24,78.74%,$157.48,C,No Contract,"$1,889.76",2400,$510.24,,,,,
si_00000271_0,cus_000002717480,Hiring,70644,usd,year,8,"Brennan, Wallace and Benson",billing@brennanwallaceandbenson.com,2026-06-04,001000000000271AAA,2025-12-19,Active,001000000000271AAA,"Brennan, Wallace and Benson",NY,13186.56,8,,Jamie Arnold,2025-11-29,,,,,,,,Below Floor,108.48,78.49%,$470.96,C,No Contract,"$5,651.52",7200,"$1,548.48",,,,,
si_00000271_1,cus_000002717480,HR,94188,usd,year,8,"Brennan, Wallace and Benson",billing@brennanwallaceandbenson.com,2026-06-04,001000000000271AAA,2025-12-19,Active,001000000000271AAA,"Brennan, Wallace and Benson",NY,13186.56,8,,Jamie Arnold,2025-11-29,,,,,,,,Below Floor,144.96,78.49%,$627.92,C,No Contract,"$7,535.04",9600,"$2,064.96",,,,,
si_00000272_0,cus_000002725210,Hiring,6939,usd,month,3,Williams Inc,billing@williamsinc.com,2026-06-01,001000000000272AAA,2022-07-16,Active,001000000000272AAA,Williams Inc,UT,17949.96,3,Allison Hill,Derek Zuniga,2022-06-23,,,,,,,,,0,92.52%,$208.17,B,No Contract,"$2,498.04",2700,$201.96,,,,,
si_00000272_1,cus_000002725210,HR,9252,usd,month,3,Williams Inc,billing@williamsinc.com,2026-06-01,001000000000272AAA,2022-07-16,Active,001000000000272AAA,Williams Inc,UT,17949.96,3,Allison Hill,Derek Zuniga,2022-06-23,,,,,,,,,0,92.52%,$277.56,B,No Contract,"$3,330.72",3600,$269.28,,,,,
si_00000272_2,cus_000002725210,Payroll,1295,usd,month,78,Williams Inc,billing@williamsinc.com,2026-06-01,001000000000272AAA,2022-07-16,Active,001000000000272AAA,Williams Inc,UT,17949.96,3,Allison Hill,Derek Zuniga,2022-06-23,,,,,,,,,0,92.50%,"$1,010.10",B,No Contract,"$12,121.20",13104,$982.80,,,,,
si_00000273_0,cus_000002736911,Hiring,8057,usd,month,1,Howard-Jordan,billing@howardjordan.com,2026-06-09,001000000000273AAA,2023-04-18,Active,001000000000273AAA,Howard-Jordan,TX,2256,1,Connie Lawrence,Dylan Miller,2023-04-08,,,,,,,,,0,107.43%,$80.57,A,No Contract,$966.84,900,$0.00,,,,,
si_00000273_1,cus_000002736911,HR,10743,usd,month,1,Howard-Jordan,billing@howardjordan.com,2026-06-09,001000000000273AAA,2023-04-18,Active,001000000000273AAA,Howard-Jordan,TX,2256,1,Connie Lawrence,Dylan Miller,2023-04-08,,,,,,,,,0,107.43%,$107.43,A,No Contract,"$1,289.16",1200,$0.00,,,,,
si_00000274_0,cus_000002742939,Hiring,7611,usd,month,3,Schmidt PC,billing@schmidtplc.com,2026-06-15,,2023-03-31,Active,,,,,,,,,,,,,,,,,0,101.48%,$228.33,A,No Contract,"$2,739.96",2700,$0.00,,,,,
si_00000274_1,cus_000002742939,HR,10147,usd,month,3,Schmidt PC,billing@schmidtplc.com,2026-06-15,,2023-03-31,Active,,,,,,,,,,,,,,,,,0,101.47%,$304.41,A,No Contract,"$3,652.92",3600,$0.00,,,,,
si_00000274_2,cus_000002742939,Payroll,1421,usd,month,105,Schmidt PC,billing@schmidtplc.com,2026-06-15,,2023-03-31,Active,,,,,,,,,,,,,,,,,0,101.50%,"$1,492.05",A,No Contract,"$17,904.60",17640,$0.00,,,,,
si_00000275_0,cus_000002757906,Hiring,6987,usd,month,2,"Sparks, Jackson and Miller",billing@sparksjacksonandmiller.com,2025-12-24,001000000000275AAA,2025-11-23,Churned,001000000000275AAA,"Sparks, Jackson and Miller",NC,8104.2,5,,Derek Zuniga,2025-11-20,800000000000275AAA,2025-12-17,2026-12-16,FALSE,12,8104.2,5,,0,93.16%,$139.74,B,Locked,"$1,676.88",1800,$123.12,,,,,
si_00000275_1,cus_000002757906,Payroll,1304,usd,month,10,"Sparks, Jackson and Miller",billing@sparksjacksonandmiller.com,2025-12-24,001000000000275AAA,2025-11-23,Churned,001000000000275AAA,"Sparks, Jackson and Miller",NC,8104.2,5,,Derek Zuniga,2025-11-20,800000000000275AAA,2025-12-17,2026-12-16,FALSE,12,8104.2,5,,0,93.14%,$130.40,B,Locked,"$1,564.80",1680,$115.20,,,,,
si_00000276_0,cus_000002768611,Hiring,6726,usd,month,2,Harvey-Allen,billing@harveyallen.com,2026-02-01,001000000000276AAA,2022-07-28,Churned,001000000000276AAA,Harvey-Allen,UT,3766.8,2,Gina Moore,Monica Herrera,2022-07-11,800000000000276AAA,2025-08-26,2026-08-25,FALSE,12,3766.8,2,,0,89.68%,$134.52,C,Locked,"$1,614.24",1800,$185.76,,,,,
si_00000276_1,cus_000002768611,HR,8969,usd,month,2,Harvey-Allen,billing@harveyallen.com,2026-02-01,001000000000276AAA,2022-07-28,Churned,001000000000276AAA,Harvey-Allen,UT,3766.8,2,Gina Moore,Monica Herrera,2022-07-11,800000000000276AAA,2025-08-26,2026-08-25,FALSE,12,3766.8,2,,0,89.69%,$179.38,C,Locked,"$2,152.56",2400,$247.44,,,,,
si_00000277_0,cus_000002776877,Hiring,8128,usd,month,6,"Thomas, Murray and King",billing@thomasmurrayandking.com,2026-06-10,001000000000277AAA,2022-11-26,Active,001000000000277AAA,"Thomas, Murray and King",CA,13654.8,6,,Lisa Jackson,2022-11-05,800000000000277AAA,2023-08-15,2024-08-14,TRUE,12,13654.8,6,,0,108.37%,$487.68,A,Expired M2M,"$5,852.16",5400,$0.00,,,,,
si_00000277_1,cus_000002776877,HR,10837,usd,month,6,"Thomas, Murray and King",billing@thomasmurrayandking.com,2026-06-10,001000000000277AAA,2022-11-26,Active,001000000000277AAA,"Thomas, Murray and King",CA,13654.8,6,,Lisa Jackson,2022-11-05,800000000000277AAA,2023-08-15,2024-08-14,TRUE,12,13654.8,6,,0,108.37%,$650.22,A,Expired M2M,"$7,802.64",7200,$0.00,,,,,
si_00000278_0,cus_000002786048,Hiring,69252,usd,year,4,Estrada-Nolan,billing@estradanolan.com,2026-06-04,001000000000278AAA,2024-07-14,Active,001000000000278AAA,Estrada-Nolan,CA,22489.44,4,Angie Henderson,Dylan Miller,2024-07-07,800000000000278AAA,2025-12-18,2026-12-17,FALSE,12,22489.44,4,Below Floor,109.92,76.95%,$230.84,C,Locked,"$2,770.08",3600,$829.92,,,,,
si_00000278_1,cus_000002786048,HR,92340,usd,year,4,Estrada-Nolan,billing@estradanolan.com,2026-06-04,001000000000278AAA,2024-07-14,Active,001000000000278AAA,Estrada-Nolan,CA,22489.44,4,Angie Henderson,Dylan Miller,2024-07-07,800000000000278AAA,2025-12-18,2026-12-17,FALSE,12,22489.44,4,Below Floor,146.4,76.95%,$307.80,C,Locked,"$3,693.60",4800,"$1,106.40",,,,,
si_00000278_2,cus_000002786048,Payroll,12924,usd,year,124,Estrada-Nolan,billing@estradanolan.com,2026-06-04,001000000000278AAA,2024-07-14,Active,001000000000278AAA,Estrada-Nolan,CA,22489.44,4,Angie Henderson,Dylan Miller,2024-07-07,800000000000278AAA,2025-12-18,2026-12-17,FALSE,12,22489.44,4,Below Floor,342.24,76.93%,"$1,335.48",C,Locked,"$16,025.76",20832,"$4,806.24",,,,,
si_00000279_0,cus_000002798071,Hiring,7548,usd,month,6,Santana-Byrd,billing@santanabyrd.com,2026-06-11,001000000000279AAA,2024-05-28,Active,001000000000279AAA,Santana-Byrd,IL,34999.2,6,,Ryan Munoz,2024-05-12,,,,,,,,,0,100.64%,$452.88,A,No Contract,"$5,434.56",5400,$0.00,,,,,
si_00000279_1,cus_000002798071,HR,10064,usd,month,6,Santana-Byrd,billing@santanabyrd.com,2026-06-11,001000000000279AAA,2024-05-28,Active,001000000000279AAA,Santana-Byrd,IL,34999.2,6,,Ryan Munoz,2024-05-12,,,,,,,,,0,100.64%,$603.84,A,No Contract,"$7,246.08",7200,$0.00,,,,,
si_00000279_2,cus_000002798071,Payroll,1409,usd,month,132,Santana-Byrd,billing@santanabyrd.com,2026-06-11,001000000000279AAA,2024-05-28,Active,001000000000279AAA,Santana-Byrd,IL,34999.2,6,,Ryan Munoz,2024-05-12,,,,,,,,,0,100.64%,"$1,859.88",A,No Contract,"$22,318.56",22176,$0.00,,,,,
si_00000280_0,cus_000002805450,Hiring,5850,usd,month,3,Jones LLC,billing@jonesllc.com,2026-06-14,001000000000280AAA,2022-01-21,Active,001000000000280AAA,Jones LLC,CA,4914,3,,Lisa Jackson,2022-01-12,,,,,,,,Below Floor,54,78.00%,$175.50,C,No Contract,"$2,106.00",2700,$594.00,,,,,
si_00000280_1,cus_000002805450,HR,7800,usd,month,3,Jones LLC,billing@jonesllc.com,2026-06-14,001000000000280AAA,2022-01-21,Active,001000000000280AAA,Jones LLC,CA,4914,3,,Lisa Jackson,2022-01-12,,,,,,,,Below Floor,72,78.00%,$234.00,C,No Contract,"$2,808.00",3600,$792.00,,,,,
si_00000281_0,cus_000002810100,Hiring,8199,usd,month,1,"Evans, Hayden and Vaughn",billing@evanshaydenandvaughn.com,2026-06-02,001000000000281AAA,2023-06-06,Active,001000000000281AAA,"Evans, Hayden and Vaughn",PA,983.88,1,,Ryan Munoz,2023-05-21,800000000000281AAA,2026-02-08,2027-02-07,FALSE,12,983.88,1,,0,109.32%,$81.99,A,Locked,$983.88,900,$0.00,,,,,
si_00000282_0,cus_000002823450,Hiring,6286,usd,month,7,Bruce-Gonzalez,billing@brucegonzalez.com,2026-06-13,001000000000282AAA,2024-03-31,Active,001000000000282AAA,Bruce-Gonzalez,GA,3771.6,5,,Dylan Miller,2024-03-12,,,,,,,,,0,83.81%,$440.02,C,No Contract,"$5,280.24",6300,"$1,019.76",,,,,
si_00000283_0,cus_000002833644,Hiring,7136,usd,month,2,Castaneda-Rodriguez,billing@castanedarodriguez.com,2026-06-09,001000000000283AAA,2021-12-20,Active,001000000000283AAA,Castaneda-Rodriguez,IL,11028.96,2,,Lisa Hensley,2021-11-21,800000000000283AAA,2023-01-08,2026-01-07,TRUE,36,11028.96,2,,0,95.15%,$142.72,B,Expired M2M,"$1,712.64",1800,$87.36,,,,,
si_00000283_1,cus_000002833644,HR,9514,usd,month,2,Castaneda-Rodriguez,billing@castanedarodriguez.com,2026-06-09,001000000000283AAA,2021-12-20,Active,001000000000283AAA,Castaneda-Rodriguez,IL,11028.96,2,,Lisa Hensley,2021-11-21,800000000000283AAA,2023-01-08,2026-01-07,TRUE,36,11028.96,2,,0,95.14%,$190.28,B,Expired M2M,"$2,283.36",2400,$116.64,,,,,
si_00000283_2,cus_000002833644,Payroll,1332,usd,month,44,Castaneda-Rodriguez,billing@castanedarodriguez.com,2026-06-09,001000000000283AAA,2021-12-20,Active,001000000000283AAA,Castaneda-Rodriguez,IL,11028.96,2,,Lisa Hensley,2021-11-21,800000000000283AAA,2023-01-08,2026-01-07,TRUE,36,11028.96,2,,0,95.14%,$586.08,B,Expired M2M,"$7,032.96",7392,$359.04,,,,,
si_00000284_0,cus_000002846808,Hiring,99576,usd,year,5,Armstrong-Andrews,billing@armstrongandrews.com,2026-06-05,001000000000284AAA,2022-04-03,Active,001000000000284AAA,Armstrong-Andrews,GA,4978.8,5,,Dylan Miller,2022-03-21,800000000000284AAA,2026-04-29,2027-04-28,FALSE,12,4978.8,5,,0,110.64%,$414.90,A,Locked,"$4,978.80",4500,$0.00,,,,,
si_00000285_0,cus_000002857081,Hiring,54000,usd,year,2,"Phillips, Spence and",billing@phillipsspenceandbarrett.com,2026-06-11,,2023-08-18,Active,,,,,,,,,,,,,,,,Below Floor,360,60.00%,$90.00,D,No Contract,"$1,080.00",1800,$720.00,,,,,
si_00000285_1,cus_000002857081,Payroll,10080,usd,year,38,"Phillips, Spence and",billing@phillipsspenceandbarrett.com,2026-06-11,,2023-08-18,Active,,,,,,,,,,,,,,,,Below Floor,1185.6,60.00%,$319.20,D,No Contract,"$3,830.40",6384,"$2,553.60",,,,,
si_00000286_0,cus_000002865779,Hiring,8295,usd,month,3,Smith-Grimes,billing@smithgrimes.com,2026-06-07,001000000000286AAA,2022-11-28,Active,001000000000286AAA,Smith-Grimes,UT,27587.16,3,,Brian Ramirez,2022-11-01,800000000000286AAA,2024-05-18,2025-05-17,TRUE,12,27587.16,3,,0,110.60%,$248.85,A,Expired M2M,"$2,986.20",2700,$0.00,,,,,
si_00000286_1,cus_000002865779,HR,11060,usd,month,3,Smith-Grimes,billing@smithgrimes.com,2026-06-07,001000000000286AAA,2022-11-28,Active,001000000000286AAA,Smith-Grimes,UT,27587.16,3,,Brian Ramirez,2022-11-01,800000000000286AAA,2024-05-18,2025-05-17,TRUE,12,27587.16,3,,0,110.60%,$331.80,A,Expired M2M,"$3,981.60",3600,$0.00,,,,,
si_00000286_2,cus_000002865779,Payroll,1548,usd,month,111,Smith-Grimes,billing@smithgrimes.com,2026-06-07,001000000000286AAA,2022-11-28,Active,001000000000286AAA,Smith-Grimes,UT,27587.16,3,,Brian Ramirez,2022-11-01,800000000000286AAA,2024-05-18,2025-05-17,TRUE,12,27587.16,3,,0,110.57%,"$1,718.28",A,Expired M2M,"$20,619.36",18648,$0.00,,,,,
si_00000287_0,cus_000002873175,Hiring,8556,usd,month,2,"Beltran, Lozano & Mcgee",billing@beltranlozanoandmcgee.com,2026-06-12,,2024-03-31,Active,,,,,,,,,,,,,,,,,0,114.08%,$171.12,A,No Contract,"$2,053.44",1800,$0.00,,,,,
si_00000287_1,cus_000002873175,HR,11408,usd,month,2,"Beltran, Lozano & Mcgee",billing@beltranlozanoandmcgee.com,2026-06-12,,2024-03-31,Active,,,,,,,,,,,,,,,,,0,114.08%,$228.16,A,No Contract,"$2,737.92",2400,$0.00,,,,,
si_00000288_0,cus_000002885694,Hiring,7548,usd,month,1,ParsonsHall,billing@parsonshall.com,2026-06-14,,2024-04-27,Active,,,,,,,,,,,,,,,,,0,100.64%,$75.48,A,No Contract,$905.76,900,$0.00,,,,,
si_00000288_1,cus_000002885694,HR,10064,usd,month,1,ParsonsHall,billing@parsonshall.com,2026-06-14,,2024-04-27,Active,,,,,,,,,,,,,,,,,0,100.64%,$100.64,A,No Contract,"$1,207.68",1200,$0.00,,,,,
si_00000288_2,cus_000002885694,Payroll,1409,usd,month,21,ParsonsHall,billing@parsonshall.com,2026-06-14,,2024-04-27,Active,,,,,,,,,,,,,,,,,0,100.64%,$295.89,A,No Contract,"$3,550.68",3528,$0.00,,,,,
si_00000289_0,cus_000002899214,Hiring,6550,usd,month,3,Robinon-Lee,billing@robinsonlee.com,2026-06-08,,2024-12-02,Active,,,,,,,,,,,,,,,,,0,87.33%,$196.50,C,No Contract,"$2,358.00",2700,$342.00,,,,,
si_00000290_0,cus_000002904026,Hiring,4500,usd,month,2,Byr-Le,billing@byrdle.com,2026-06-07,,2023-07-08,Active,,,,,,,,,,,,,,,,Below Floor,360,60.00%,$90.00,D,No Contract,"$1,080.00",1800,$720.00,,,,,
si_00000290_1,cus_000002904026,Payroll,840,usd,month,70,Byr-Le,billing@byrdle.com,2026-06-07,,2023-07-08,Active,,,,,,,,,,,,,,,,Below Floor,2184,60.00%,$588.00,D,No Contract,"$7,056.00",11760,"$4,704.00",,,,,
si_00000291_0,cus_000002911585,Hiring,4500,usd,month,2,"Becker, Talor and Davis",billing@beckertayloranddavis.com,2026-06-15,,2023-05-13,Active,,,,,,,,,,,,,,,,Below Floor,360,60.00%,$90.00,D,No Contract,"$1,080.00",1800,$720.00,,,,,
si_00000291_1,cus_000002911585,HR,6000,usd,month,2,"Becker, Talor and Davis",billing@beckertayloranddavis.com,2026-06-15,,2023-05-13,Active,,,,,,,,,,,,,,,,Below Floor,480,60.00%,$120.00,D,No Contract,"$1,440.00",2400,$960.00,,,,,
si_00000292_0,cus_000002923606,Hiring,7158,usd,month,1,"Lucas, Parker and Alexander",billing@lucasparkerandalexander.com,2026-06-03,001000000000292AAA,2024-01-18,Active,001000000000292AAA,"Lucas, Parker and Alexander",FL,2004.24,1,,Lisa Jackson,2024-01-16,,,,,,,,,0,95.44%,$71.58,B,No Contract,$858.96,900,$41.04,,,,,
si_00000292_1,cus_000002923606,HR,9544,usd,month,1,"Lucas, Parker and Alexander",billing@lucasparkerandalexander.com,2026-06-03,001000000000292AAA,2024-01-18,Active,001000000000292AAA,"Lucas, Parker and Alexander",FL,2004.24,1,,Lisa Jackson,2024-01-16,,,,,,,,,0,95.44%,$95.44,B,No Contract,"$1,145.28",1200,$54.72,,,,,
si_00000293_0,cus_000002934118,Hiring,70932,usd,year,4,"Diaz, Anderson and",billing@diazandersonandbrowning.com,2026-06-01,,2023-05-21,Active,,,,,,,,,,,,,,,,Below Floor,42.72,78.81%,$236.44,C,No Contract,"$2,837.28",3600,$762.72,,,,,
si_00000293_1,cus_000002934118,HR,94572,usd,year,4,"Diaz, Anderson and",billing@diazandersonandbrowning.com,2026-06-01,,2023-05-21,Active,,,,,,,,,,,,,,,,Below Floor,57.12,78.81%,$315.24,C,No Contract,"$3,782.88",4800,"$1,017.12",,,,,
si_00000294_0,cus_000002946035,Hiring,7721,usd,month,7,Burgess-Thompson,billing@burgessthompson.com,2026-06-04,001000000000294AAA,2023-05-22,Active,001000000000294AAA,Burgess-Thompson,TX,28101,5,,Jamie Arnold,2023-05-09,800000000000294AAA,2025-09-11,2026-09-10,FALSE,12,28101,5,,0,102.95%,$540.47,A,Locked,"$6,485.64",6300,$0.00,,,,,
si_00000294_1,cus_000002946035,HR,10294,usd,month,7,Burgess-Thompson,billing@burgessthompson.com,2026-06-04,001000000000294AAA,2023-05-22,Active,001000000000294AAA,Burgess-Thompson,TX,28101,5,,Jamie Arnold,2023-05-09,800000000000294AAA,2025-09-11,2026-09-10,FALSE,12,28101,5,,0,102.94%,$720.58,A,Locked,"$8,646.96",8400,$0.00,,,,,
si_00000294_2,cus_000002946035,Payroll,1441,usd,month,140,Burgess-Thompson,billing@burgessthompson.com,2026-06-04,001000000000294AAA,2023-05-22,Active,001000000000294AAA,Burgess-Thompson,TX,28101,5,,Jamie Arnold,2023-05-09,800000000000294AAA,2025-09-11,2026-09-10,FALSE,12,28101,5,,0,102.93%,"$2,017.40",A,Locked,"$24,208.80",23520,$0.00,,,,,
si_00000295_0,cus_000002953375,Hiring,4500,usd,month,2,Buchanan LLC,billing@buchananllc.com,2026-06-03,001000000000295AAA,2023-01-22,Active,001000000000295AAA,Buchanan LLC,WA,2520,2,Cristian Santos,Ryan Munoz,2023-01-15,800000000000295AAA,2025-12-01,2026-11-30,FALSE,12,2520,2,Below Floor,360,60.00%,$90.00,D,Locked,"$1,080.00",1800,$720.00,,,,,
si_00000295_1,cus_000002953375,HR,6000,usd,month,2,Buchanan LLC,billing@buchananllc.com,2026-06-03,001000000000295AAA,2023-01-22,Active,001000000000295AAA,Buchanan LLC,WA,2520,2,Cristian Santos,Ryan Munoz,2023-01-15,800000000000295AAA,2025-12-01,2026-11-30,FALSE,12,2520,2,Below Floor,480,60.00%,$120.00,D,Locked,"$1,440.00",2400,$960.00,,,,,
si_00000296_0,cus_000002962607,Hiring,84672,usd,year,5,"Shaw, Nelson and Martin",billing@shawnelsonandmartin.com,2026-06-01,001000000000296AAA,2025-09-22,Active,001000000000296AAA,"Shaw, Nelson and Martin",TN,31100.4,5,Connie Lawrence,Jamie Arnold,2025-09-15,800000000000296AAA,2024-08-15,2026-08-14,FALSE,24,31100.4,5,,0,94.08%,$352.80,B,Locked,"$4,233.60",4500,$266.40,,,,,
si_00000296_1,cus_000002962607,Payroll,15804,usd,year,170,"Shaw, Nelson and Martin",billing@shawnelsonandmartin.com,2026-06-01,001000000000296AAA,2025-09-22,Active,001000000000296AAA,"Shaw, Nelson and Martin",TN,31100.4,5,Connie Lawrence,Jamie Arnold,2025-09-15,800000000000296AAA,2024-08-15,2026-08-14,FALSE,24,31100.4,5,,0,94.07%,"$2,238.90",B,Locked,"$26,866.80",28560,"$1,693.20",,,,,
si_00000297_0,cus_000002977186,Hiring,6604,usd,month,10,Coffey-Phillips,billing@coffeyphillips.com,2026-06-11,001000000000297AAA,2022-04-04,Active,001000000000297AAA,Coffey-Phillips,UT,18490.8,10,Daniel Wagner,Monica Herrera,2022-03-25,800000000000297AAA,2024-09-26,2025-09-25,TRUE,12,18490.8,10,,0,88.05%,$660.40,C,Expired M2M,"$7,924.80",9000,"$1,075.20",,,,,
si_00000297_1,cus_000002977186,HR,8805,usd,month,10,Coffey-Phillips,billing@coffeyphillips.com,2026-06-11,001000000000297AAA,2022-04-04,Active,001000000000297AAA,Coffey-Phillips,UT,18490.8,10,Daniel Wagner,Monica Herrera,2022-03-25,800000000000297AAA,2024-09-26,2025-09-25,TRUE,12,18490.8,10,,0,88.05%,$880.50,C,Expired M2M,"$10,566.00",12000,"$1,434.00",,,,,
si_00000298_0,cus_000002987412,Hiring,6005,usd,month,12,Brock-Mcdonald,billing@brockmcdonald.com,2026-02-02,001000000000298AAA,2022-03-22,Churned,001000000000298AAA,Brock-Mcdonald,NC,20175.84,12,Gina Moore,Jamie Arnold,2022-03-13,800000000000298AAA,2024-12-04,2025-12-03,TRUE,12,20175.84,12,,0,80.07%,$720.60,C,Expired M2M,"$8,647.20",10800,"$2,152.80",,,,,
si_00000298_1,cus_000002987412,HR,8006,usd,month,12,Brock-Mcdonald,billing@brockmcdonald.com,2026-02-02,001000000000298AAA,2022-03-22,Churned,001000000000298AAA,Brock-Mcdonald,NC,20175.84,12,Gina Moore,Jamie Arnold,2022-03-13,800000000000298AAA,2024-12-04,2025-12-03,TRUE,12,20175.84,12,,0,80.06%,$960.72,C,Expired M2M,"$11,528.64",14400,"$2,871.36",,,,,
si_00000300_0,cus_000003003271,Hiring,91812,usd,year,5,"Ramsey, Whitney and Coffey",billing@ramseywhitneyandcoffey.com,2026-06-13,001000000000300AAA,2025-02-13,Active,001000000000300AAA,"Ramsey, Whitney and Coffey",TX,62377.92,8,,Monica Herrera,2025-01-17,800000000000300AAA,2024-05-23,2025-05-22,TRUE,12,62377.92,8,,0,102.01%,$382.55,A,Expired M2M,"$4,590.60",4500,$0.00,,,,,
si_00000300_1,cus_000003003271,HR,122424,usd,year,5,"Ramsey, Whitney and Coffey",billing@ramseywhitneyandcoffey.com,2026-06-13,001000000000300AAA,2025-02-13,Active,001000000000300AAA,"Ramsey, Whitney and Coffey",TX,62377.92,8,,Monica Herrera,2025-01-17,800000000000300AAA,2024-05-23,2025-05-22,TRUE,12,62377.92,8,,0,102.02%,$510.10,A,Expired M2M,"$6,121.20",6000,$0.00,,,,,
si_00000300_2,cus_000003003271,Payroll,17136,usd,year,165,"Ramsey, Whitney and Coffey",billing@ramseywhitneyandcoffey.com,2026-06-13,001000000000300AAA,2025-02-13,Active,001000000000300AAA,"Ramsey, Whitney and Coffey",TX,62377.92,8,,Monica Herrera,2025-01-17,800000000000300AAA,2024-05-23,2025-05-22,TRUE,12,62377.92,8,,0,102.00%,"$2,356.20",A,Expired M2M,"$28,274.40",27720,$0.00,,,,,
si_00000301_0,cus_000003018761,Hiring,6185,usd,month,3,"Diaz, Gibbs and Smith",billing@diazgibbsandsmith.com,2026-06-13,001000000000301AAA,2025-08-09,Active,001000000000301AAA,"Diaz, Gibbs and Smith",UT,5195.16,3,,Margaret Hawkins DDS,2025-07-28,800000000000301AAA,2022-01-04,2025-01-03,TRUE,36,5195.16,3,,0,82.47%,$185.55,C,Expired M2M,"$2,226.60",2700,$473.40,,,,,
si_00000301_1,cus_000003018761,HR,8246,usd,month,3,"Diaz, Gibbs and Smith",billing@diazgibbsandsmith.com,2026-06-13,001000000000301AAA,2025-08-09,Active,001000000000301AAA,"Diaz, Gibbs and Smith",UT,5195.16,3,,Margaret Hawkins DDS,2025-07-28,800000000000301AAA,2022-01-04,2025-01-03,TRUE,36,5195.16,3,,0,82.46%,$247.38,C,Expired M2M,"$2,968.56",3600,$631.44,,,,,
si_00000302_0,cus_000003022688,Hiring,8318,usd,month,1,"Martinez, Richardson and Curry",billing@martinezrichardsonandcurry.com,2026-03-26,001000000000302AAA,2024-02-27,Churned,001000000000302AAA,"Martinez, Richardson and Curry",WA,998.16,1,,Carla Gray,2024-02-06,,,,,,,,,0,110.91%,$83.18,A,No Contract,$998.16,900,$0.00,,,,,
si_00000303_0,cus_000003030698,Hiring,8088,usd,month,2,Richards-Carson,billing@richardscarson.com,2026-02-20,001000000000303AAA,2026-02-23,Churned,001000000000303AAA,Richards-Carson,UT,2264.52,1,,Derek Zuniga,2026-02-10,,,,,,,,,0,107.84%,$161.76,A,No Contract,"$1,941.12",1800,$0.00,,,,,
si_00000303_1,cus_000003030698,HR,10783,usd,month,2,Richards-Carson,billing@richardscarson.com,2026-02-20,001000000000303AAA,2026-02-23,Churned,001000000000303AAA,Richards-Carson,UT,2264.52,1,,Derek Zuniga,2026-02-10,,,,,,,,,0,107.83%,$215.66,A,No Contract,"$2,587.92",2400,$0.00,,,,,
si_00000304_0,cus_000003045998,Hiring,8603,usd,month,7,Rodriguez-Hall,billing@rodriguezhall.com,2026-06-14,001000000000304AAA,2023-10-01,Active,001000000000304AAA,Rodriguez-Hall,CA,57333.36,7,Angie Henderson,Derek Zuniga,2023-09-11,,,,,,,,,0,114.71%,$602.21,A,No Contract,"$7,226.52",6300,$0.00,,,,,
si_00000304_1,cus_000003045998,HR,11471,usd,month,7,Rodriguez-Hall,billing@rodriguezhall.com,2026-06-14,001000000000304AAA,2023-10-01,Active,001000000000304AAA,Rodriguez-Hall,CA,57333.36,7,Angie Henderson,Derek Zuniga,2023-09-11,,,,,,,,,0,114.71%,$802.97,A,No Contract,"$9,635.64",8400,$0.00,,,,,
si_00000304_2,cus_000003045998,Payroll,1606,usd,month,210,Rodriguez-Hall,billing@rodriguezhall.com,2026-06-14,001000000000304AAA,2023-10-01,Active,001000000000304AAA,Rodriguez-Hall,CA,57333.36,7,Angie Henderson,Derek Zuniga,2023-09-11,,,,,,,,,0,114.71%,"$3,372.60",A,No Contract,"$40,471.20",35280,$0.00,,,,,
si_00000305_0,cus_000003051070,Hiring,8772,usd,month,3,Harvey PLC,billing@harveyplc.com,2026-05-12,001000000000305AAA,2025-06-10,Active,001000000000305AAA,Harvey PLC,OH,3157.92,3,,Margaret Hawkins DDS,2025-06-10,800000000000305AAA,2025-12-09,2026-12-08,FALSE,12,3157.92,3,,0,116.96%,$263.16,A,Locked,"$3,157.92",2700,$0.00,,,,,
si_00000306_0,cus_000003062766,HR,8179,usd,month,1,Herman-Walker,billing@hermanwalker.com,2026-02-21,001000000000306AAA,2025-08-17,Churned,001000000000306AAA,Herman-Walker,WA,6634.56,2,Allison Hill,Michele Williams,2025-08-14,,,,,,,,,0,81.79%,$81.79,C,No Contract,$981.48,1200,$218.52,,,,,
si_00000306_1,cus_000003062766,Payroll,1145,usd,month,17,Herman-Walker,billing@hermanwalker.com,2026-02-21,001000000000306AAA,2025-08-17,Churned,001000000000306AAA,Herman-Walker,WA,6634.56,2,Allison Hill,Michele Williams,2025-08-14,,,,,,,,,0,81.79%,$194.65,C,No Contract,"$2,335.80",2856,$520.20,,,,,
si_00000307_0,cus_000003075071,Hiring,6023,usd,month,9,Reid Group,billing@reidgroup.com,2026-06-10,001000000000307AAA,2026-01-08,Active,001000000000307AAA,Reid Group,WA,96107.4,15,,Holly Wood,2025-12-12,,,,,,,,,0,80.31%,$542.07,C,No Contract,"$6,504.84",8100,"$1,595.16",,,,,
si_00000307_1,cus_000003075071,HR,8030,usd,month,9,Reid Group,billing@reidgroup.com,2026-06-10,001000000000307AAA,2026-01-08,Active,001000000000307AAA,Reid Group,WA,96107.4,15,,Holly Wood,2025-12-12,,,,,,,,,0,80.30%,$722.70,C,No Contract,"$8,672.40",10800,"$2,127.60",,,,,
si_00000307_2,cus_000003075071,Payroll,1124,usd,month,315,Reid Group,billing@reidgroup.com,2026-06-10,001000000000307AAA,2026-01-08,Active,001000000000307AAA,Reid Group,WA,96107.4,15,,Holly Wood,2025-12-12,,,,,,,,,0,80.29%,"$3,540.60",C,No Contract,"$42,487.20",52920,"$10,432.80",,,,,
si_00000308_0,cus_000003082863,Hiring,80184,usd,year,2,"Turner, Ortiz and Taylor",billing@turnerortizandtaylor.com,2026-06-07,001000000000308AAA,2024-08-23,Active,001000000000308AAA,"Turner, Ortiz and Taylor",NY,9354.6,5,Allison Hill,Lisa Jackson,2024-08-10,800000000000308AAA,2023-11-22,2024-11-21,TRUE,12,9354.6,5,,0,89.09%,$133.64,C,Expired M2M,"$1,603.68",1800,$196.32,,,,,
si_00000308_1,cus_000003082863,HR,106908,usd,year,2,"Turner, Ortiz and Taylor",billing@turnerortizandtaylor.com,2026-06-07,001000000000308AAA,2024-08-23,Active,001000000000308AAA,"Turner, Ortiz and Taylor",NY,9354.6,5,Allison Hill,Lisa Jackson,2024-08-10,800000000000308AAA,2023-11-22,2024-11-21,TRUE,12,9354.6,5,,0,89.09%,$178.18,C,Expired M2M,"$2,138.16",2400,$261.84,,,,,
si_00000309_0,cus_000003092149,Hiring,93096,usd,year,1,Torres Group,billing@torresgroup.com,2026-06-01,001000000000309AAA,2025-10-04,Active,001000000000309AAA,Torres Group,GA,930.96,1,,Dylan Miller,2025-10-03,800000000000309AAA,2025-01-12,2027-01-11,FALSE,24,930.96,1,,0,103.44%,$77.58,A,Locked,$930.96,900,$0.00,,,,,
si_00000310_0,cus_000003107031,Hiring,6251,usd,month,1,Davis PLC,billing@davisplc.com,2026-06-07,001000000000310AAA,2024-08-30,Active,001000000000310AAA,Davis PLC,FL,3270.84,1,Gina Moore,Holly Wood,2024-08-23,800000000000310AAA,2026-04-02,2027-04-01,FALSE,12,3270.84,1,,0,83.35%,$62.51,C,Locked,$750.12,900,$149.88,,,,,
si_00000310_1,cus_000003107031,Payroll,1167,usd,month,18,Davis PLC,billing@davisplc.com,2026-06-07,001000000000310AAA,2024-08-30,Active,001000000000310AAA,Davis PLC,FL,3270.84,1,Gina Moore,Holly Wood,2024-08-23,800000000000310AAA,2026-04-02,2027-04-01,FALSE,12,3270.84,1,,0,83.36%,$210.06,C,Locked,"$2,520.72",3024,$503.28,,,,,
si_00000311_0,cus_000003115469,Hiring,70008,usd,year,1,Price LLC,billing@pricellc.com,2026-06-10,001000000000311AAA,2024-05-23,Active,001000000000311AAA,Price LLC,OH,700.08,1,,Michele Williams,2024-05-03,,,,,,,,Below Floor,19.92,77.79%,$58.34,C,No Contract,$700.08,900,$199.92,,,,,
si_00000312_0,cus_000003128396,Hiring,87288,usd,year,21,"avery, horton and fernandez",billing@averyhortonandfernandez.com,2026-06-10,,2024-03-03,Active,,,,,,,,,,,,,,,,,0,96.99%,"$1,527.54",B,No Contract,"$18,330.48",18900,$569.52,,,,,
si_00000312_1,cus_000003128396,HR,116376,usd,year,21,"avery, horton and fernandez",billing@averyhortonandfernandez.com,2026-06-10,,2024-03-03,Active,,,,,,,,,,,,,,,,,0,96.98%,"$2,036.58",B,No Contract,"$24,438.96",25200,$761.04,,,,,
si_00000313_0,cus_000003139106,HR,108924,usd,year,3,"Newton, Moore and Perry",billing@newtonmooreandperry.com,2026-06-03,001000000000313AAA,2023-02-15,Active,001000000000313AAA,"Newton, Moore and Perry",AZ,3267.72,3,,Lisa Hensley,2023-02-01,800000000000313AAA,2025-12-04,2026-12-03,FALSE,12,3267.72,3,,0,90.77%,$272.31,B,Locked,"$3,267.72",3600,$332.28,,,,,
si_00000314_0,cus_000003140406,Hiring,8953,usd,month,2,Bass PLC,billing@bassplc.com,2026-06-06,001000000000314AAA,2022-06-04,Active,001000000000314AAA,Bass PLC,NC,5013.6,2,,Carla Gray,2022-05-28,800000000000314AAA,2025-08-04,2027-08-03,FALSE,24,5013.6,2,,0,119.37%,$179.06,A,Locked,"$2,148.72",1800,$0.00,,,,,
si_00000314_1,cus_000003140406,HR,11937,usd,month,2,Bass PLC,billing@bassplc.com,2026-06-06,001000000000314AAA,2022-06-04,Active,001000000000314AAA,Bass PLC,NC,5013.6,2,,Carla Gray,2022-05-28,800000000000314AAA,2025-08-04,2027-08-03,FALSE,24,5013.6,2,,0,119.37%,$238.74,A,Locked,"$2,864.88",2400,$0.00,,,,,
si_00000315_0,cus_000003157946,Hiring,6131,usd,month,2,Crosby-Ramirez,billing@crosbyramirez.com,2026-01-12,001000000000315AAA,2023-09-21,Churned,001000000000315AAA,Crosby-Ramirez,FL,10297.44,2,Cristian Santos,Margaret Hawkins DDS,2023-08-29,800000000000315AAA,2026-01-05,2028-01-04,FALSE,24,10297.44,2,,0,81.75%,$122.62,C,Locked,"$1,471.44",1800,$328.56,,,,,
si_00000315_1,cus_000003157946,HR,8175,usd,month,2,Crosby-Ramirez,billing@crosbyramirez.com,2026-01-12,001000000000315AAA,2023-09-21,Churned,001000000000315AAA,Crosby-Ramirez,FL,10297.44,2,Cristian Santos,Margaret Hawkins DDS,2023-08-29,800000000000315AAA,2026-01-05,2028-01-04,FALSE,24,10297.44,2,,0,81.75%,$163.50,C,Locked,"$1,962.00",2400,$438.00,,,,,
si_00000315_2,cus_000003157946,Payroll,1144,usd,month,50,Crosby-Ramirez,billing@crosbyramirez.com,2026-01-12,001000000000315AAA,2023-09-21,Churned,001000000000315AAA,Crosby-Ramirez,FL,10297.44,2,Cristian Santos,Margaret Hawkins DDS,2023-08-29,800000000000315AAA,2026-01-05,2028-01-04,FALSE,24,10297.44,2,,0,81.71%,$572.00,C,Locked,"$6,864.00",8400,"$1,536.00",,,,,
si_00000316_0,cus_000003163144,Hiring,8185,usd,month,5,"Wood, Ramos and Sampson",billing@woodramosandsampson.com,2026-06-12,001000000000316AAA,2025-07-03,Active,001000000000316AAA,"Wood, Ramos and Sampson",FL,11458.8,5,Daniel Wagner,Dylan Miller,2025-06-28,800000000000316AAA,2026-03-20,2027-03-19,FALSE,12,11458.8,5,,0,109.13%,$409.25,A,Locked,"$4,911.00",4500,$0.00,,,,,
si_00000316_1,cus_000003163144,HR,10913,usd,month,5,"Wood, Ramos and Sampson",billing@woodramosandsampson.com,2026-06-12,001000000000316AAA,2025-07-03,Active,001000000000316AAA,"Wood, Ramos and Sampson",FL,11458.8,5,Daniel Wagner,Dylan Miller,2025-06-28,800000000000316AAA,2026-03-20,2027-03-19,FALSE,12,11458.8,5,,0,109.13%,$545.65,A,Locked,"$6,547.80",6000,$0.00,,,,,
si_00000317_0,cus_000003172917,Hiring,8621,usd,month,3,Garcia-Jennings,billing@garciajennings.com,2026-06-13,001000000000317AAA,2025-11-11,Active,001000000000317AAA,Garcia-Jennings,OH,21143.52,3,Daniel Wagner,Derek Zuniga,2025-11-04,800000000000317AAA,2026-04-20,2027-04-19,FALSE,12,21143.52,3,,0,114.95%,$258.63,A,Locked,"$3,103.56",2700,$0.00,,,,,
si_00000317_1,cus_000003172917,HR,11495,usd,month,3,Garcia-Jennings,billing@garciajennings.com,2026-06-13,001000000000317AAA,2025-11-11,Active,001000000000317AAA,Garcia-Jennings,OH,21143.52,3,Daniel Wagner,Derek Zuniga,2025-11-04,800000000000317AAA,2026-04-20,2027-04-19,FALSE,12,21143.52,3,,0,114.95%,$344.85,A,Locked,"$4,138.20",3600,$0.00,,,,,
si_00000317_2,cus_000003172917,Payroll,1609,usd,month,72,Garcia-Jennings,billing@garciajennings.com,2026-06-13,001000000000317AAA,2025-11-11,Active,001000000000317AAA,Garcia-Jennings,OH,21143.52,3,Daniel Wagner,Derek Zuniga,2025-11-04,800000000000317AAA,2026-04-20,2027-04-19,FALSE,12,21143.52,3,,0,114.93%,"$1,158.48",A,Locked,"$13,901.76",12096,$0.00,,,,,
si_00000318_0,cus_000003187408,Hiring,8377,usd,month,2,"Winters, Newman and Brown",billing@wintersnewmanandbrown.com,2026-06-02,001000000000318AAA,2021-11-14,Active,001000000000318AAA,"Winters, Newman and Brown",GA,8069.28,2,Abigail Shaffer,Lisa Jackson,2021-10-20,800000000000318AAA,2025-03-01,2026-02-28,TRUE,12,8069.28,2,,0,111.69%,$167.54,A,Expired M2M,"$2,010.48",1800,$0.00,,,,,
si_00000318_1,cus_000003187408,HR,11169,usd,month,2,"Winters, Newman and Brown",billing@wintersnewmanandbrown.com,2026-06-02,001000000000318AAA,2021-11-14,Active,001000000000318AAA,"Winters, Newman and Brown",GA,8069.28,2,Abigail Shaffer,Lisa Jackson,2021-10-20,800000000000318AAA,2025-03-01,2026-02-28,TRUE,12,8069.28,2,,0,111.69%,$223.38,A,Expired M2M,"$2,680.56",2400,$0.00,,,,,
si_00000318_2,cus_000003187408,Payroll,1564,usd,month,18,"Winters, Newman and Brown",billing@wintersnewmanandbrown.com,2026-06-02,001000000000318AAA,2021-11-14,Active,001000000000318AAA,"Winters, Newman and Brown",GA,8069.28,2,Abigail Shaffer,Lisa Jackson,2021-10-20,800000000000318AAA,2025-03-01,2026-02-28,TRUE,12,8069.28,2,,0,111.71%,$281.52,A,Expired M2M,"$3,378.24",3024,$0.00,,,,,
si_00000319_0,cus_000003190465,Hiring,9375,usd,month,5,Lopez-Martinez,billing@lopezmartinez.com,2026-06-10,001000000000319AAA,2026-04-01,Active,001000000000319AAA,Lopez-Martinez,TN,5625,5,Abigail Shaffer,Monica Herrera,2026-03-10,800000000000319AAA,2026-02-28,2027-02-27,FALSE,12,5625,5,,0,125.00%,$468.75,A,Locked,"$5,625.00",4500,$0.00,,,,,
si_00000320_0,cus_000003207523,Hiring,6241,usd,month,6,Davis-Lewis,billing@davislewis.com,2026-06-13,001000000000320AAA,2023-08-14,Active,001000000000320AAA,Davis-Lewis,OH,4493.52,6,,Jamie Arnold,2023-07-27,800000000000320AAA,2023-06-29,2025-06-28,TRUE,24,4493.52,6,,0,83.21%,$374.46,C,Expired M2M,"$4,493.52",5400,$906.48,,,,,
si_00000321_0,cus_000003218712,Hiring,88548,usd,year,1,"Harper, Smith and Buchanan",billing@harpersmithandbuchanan.com,2026-06-15,001000000000321AAA,2023-04-02,Active,001000000000321AAA,"Harper, Smith and Buchanan",PA,8264.64,4,,Jamie Arnold,2023-04-01,,,,,,,,,0,98.39%,$73.79,B,No Contract,$885.48,900,$14.52,,,,,
si_00000321_1,cus_000003218712,HR,118068,usd,year,1,"Harper, Smith and Buchanan",billing@harpersmithandbuchanan.com,2026-06-15,001000000000321AAA,2023-04-02,Active,001000000000321AAA,"Harper, Smith and Buchanan",PA,8264.64,4,,Jamie Arnold,2023-04-01,,,,,,,,,0,98.39%,$98.39,B,No Contract,"$1,180.68",1200,$19.32,,,,,
si_00000322_0,cus_000003226996,HR,11063,usd,month,2,zhang plc,billing@zhangplc.com,2026-05-02,,2023-07-31,Active,,,,,,,,,,,,,,,,,0,110.63%,$221.26,A,No Contract,"$2,655.12",2400,$0.00,,,,,
si_00000322_1,cus_000003226996,Payroll,1549,usd,month,16,zhang plc,billing@zhangplc.com,2026-05-02,,2023-07-31,Active,,,,,,,,,,,,,,,,,0,110.64%,$247.84,A,No Contract,"$2,974.08",2688,$0.00,,,,,
si_00000323_0,cus_000003234999,HR,112584,usd,year,2,Jones PLC,billing@jonesplc.com,2026-06-13,001000000000323AAA,2026-04-07,Active,001000000000323AAA,Jones PLC,FL,6033.12,2,Cristian Santos,Michele Williams,2026-04-05,,,,,,,,,0,93.82%,$187.64,B,No Contract,"$2,251.68",2400,$148.32,,,,,
si_00000323_1,cus_000003234999,Payroll,15756,usd,year,24,Jones PLC,billing@jonesplc.com,2026-06-13,001000000000323AAA,2026-04-07,Active,001000000000323AAA,Jones PLC,FL,6033.12,2,Cristian Santos,Michele Williams,2026-04-05,,,,,,,,,0,93.79%,$315.12,B,No Contract,"$3,781.44",4032,$250.56,,,,,
si_00000324_0,cus_000003247462,Hiring,6768,usd,month,2,Willis and Sons,billing@willisandsons.com,2026-06-11,001000000000324AAA,2024-05-20,Active,001000000000324AAA,Willis and Sons,AZ,3790.32,2,,Ryan Munoz,2024-04-28,,,,,,,,,0,90.24%,$135.36,B,No Contract,"$1,624.32",1800,$175.68,,,,,
si_00000324_1,cus_000003247462,HR,9025,usd,month,2,Willis and Sons,billing@willisandsons.com,2026-06-11,001000000000324AAA,2024-05-20,Active,001000000000324AAA,Willis and Sons,AZ,3790.32,2,,Ryan Munoz,2024-04-28,,,,,,,,,0,90.25%,$180.50,B,No Contract,"$2,166.00",2400,$234.00,,,,,
si_00000325_0,cus_000003254640,Hiring,8113,usd,month,5,Schroeder-Kramer,billing@schroederkramer.com,2026-06-07,001000000000325AAA,2022-01-13,Active,001000000000325AAA,Schroeder-Kramer,TX,4867.8,5,Gabrielle Davis,Holly Wood,2022-01-04,800000000000325AAA,2025-11-10,2028-11-09,FALSE,36,4867.8,5,,0,108.17%,$405.65,A,Locked,"$4,867.80",4500,$0.00,,,,,
si_00000326_0,cus_000003260172,Hiring,81312,usd,year,9,"Smith, Garrison and Thomas",billing@smithgarrisonandthomas.com,2026-06-05,001000000000326AAA,2025-02-20,Active,001000000000326AAA,"Smith, Garrison and Thomas",OH,7318.08,9,Angie Henderson,Michele Williams,2025-01-24,,,,,,,,,0,90.35%,$609.84,B,No Contract,"$7,318.08",8100,$781.92,,,,,
si_00000327_0,cus_000003271842,HR,99432,usd,year,8,Fernandez and Sons,billing@fernandezandsons.com,2026-05-14,001000000000327AAA,2022-07-25,Active,001000000000327AAA,Fernandez and Sons,UT,6960.24,7,,Ryan Munoz,2022-06-30,,,,,,,,,0,82.86%,$662.88,C,No Contract,"$7,954.56",9600,"$1,645.44",,,,,
si_00000328_0,cus_000003285887,Hiring,9375,usd,month,2,Guerrero Inc,billing@guerreroinc.com,2026-06-07,001000000000328AAA,2022-12-30,Active,001000000000328AAA,Guerrero Inc,WA,5250,2,,Lisa Jackson,2022-12-10,800000000000328AAA,2026-02-20,2027-02-19,FALSE,12,5250,2,,0,125.00%,$187.50,A,Locked,"$2,250.00",1800,$0.00,,,,,
si_00000328_1,cus_000003285887,HR,12500,usd,month,2,Guerrero Inc,billing@guerreroinc.com,2026-06-07,001000000000328AAA,2022-12-30,Active,001000000000328AAA,Guerrero Inc,WA,5250,2,,Lisa Jackson,2022-12-10,800000000000328AAA,2026-02-20,2027-02-19,FALSE,12,5250,2,,0,125.00%,$250.00,A,Locked,"$3,000.00",2400,$0.00,,,,,
si_00000329_0,cus_000003296941,Hiring,7627,usd,month,1,Smith and Sons,billing@smithandsons.com,2026-05-06,001000000000329AAA,2024-04-12,Active,001000000000329AAA,Smith and Sons,WA,915.24,1,Cristian Santos,Dylan Miller,2024-03-18,,,,,,,,,0,101.69%,$76.27,A,No Contract,$915.24,900,$0.00,,,,,
si_00000330_0,cus_000003300334,Hiring,8199,usd,month,2,"Morris, Thompson and Williams",billing@morristhompsonandwilliams.com,2026-06-06,001000000000330AAA,2022-03-21,Active,001000000000330AAA,"Morris, Thompson and Williams",CA,4591.68,2,,Carla Gray,2022-02-20,800000000000330AAA,2022-04-15,2025-04-14,TRUE,36,4591.68,2,,0,109.32%,$163.98,A,Expired M2M,"$1,967.76",1800,$0.00,,,,,
si_00000330_1,cus_000003300334,HR,10933,usd,month,2,"Morris, Thompson and Williams",billing@morristhompsonandwilliams.com,2026-06-06,001000000000330AAA,2022-03-21,Active,001000000000330AAA,"Morris, Thompson and Williams",CA,4591.68,2,,Carla Gray,2022-02-20,800000000000330AAA,2022-04-15,2025-04-14,TRUE,36,4591.68,2,,0,109.33%,$218.66,A,Expired M2M,"$2,623.92",2400,$0.00,,,,,
si_00000331_0,cus_000003310433,Hiring,5653,usd,month,5,"Fisher, Wilson and Brown",billing@fisherwilsonandbrown.com,2026-06-04,001000000000331AAA,2025-01-30,Active,001000000000331AAA,"Fisher, Wilson and Brown",TX,25005,5,Gina Moore,Holly Wood,2025-01-01,800000000000331AAA,2025-05-14,2027-05-13,FALSE,24,25005,5,Below Floor,208.2,75.37%,$282.65,C,Locked,"$3,391.80",4500,"$1,108.20",,,,,
si_00000331_1,cus_000003310433,HR,7537,usd,month,5,"Fisher, Wilson and Brown",billing@fisherwilsonandbrown.com,2026-06-04,001000000000331AAA,2025-01-30,Active,001000000000331AAA,"Fisher, Wilson and Brown",TX,25005,5,Gina Moore,Holly Wood,2025-01-01,800000000000331AAA,2025-05-14,2027-05-13,FALSE,24,25005,5,Below Floor,277.8,75.37%,$376.85,C,Locked,"$4,522.20",6000,"$1,477.80",,,,,
si_00000331_2,cus_000003310433,Payroll,1055,usd,month,135,"Fisher, Wilson and Brown",billing@fisherwilsonandbrown.com,2026-06-04,001000000000331AAA,2025-01-30,Active,001000000000331AAA,"Fisher, Wilson and Brown",TX,25005,5,Gina Moore,Holly Wood,2025-01-01,800000000000331AAA,2025-05-14,2027-05-13,FALSE,24,25005,5,Below Floor,729,75.36%,"$1,424.25",C,Locked,"$17,091.00",22680,"$5,589.00",,,,,
si_00000332_0,cus_000003322612,Hiring,5792,usd,month,3,Strickland-Palmer,billing@stricklandpalmer.com,2026-06-15,001000000000332AAA,2023-01-21,Active,001000000000332AAA,Strickland-Palmer,IL,1621.68,1,,Brian Ramirez,2022-12-27,,,,,,,,Below Floor,74.88,77.23%,$173.76,C,No Contract,"$2,085.12",2700,$614.88,,,,,
si_00000332_1,cus_000003322612,HR,7722,usd,month,3,Strickland-Palmer,billing@stricklandpalmer.com,2026-06-15,001000000000332AAA,2023-01-21,Active,001000000000332AAA,Strickland-Palmer,IL,1621.68,1,,Brian Ramirez,2022-12-27,,,,,,,,Below Floor,100.08,77.22%,$231.66,C,No Contract,"$2,779.92",3600,$820.08,,,,,
si_00000333_0,cus_000003330834,Hiring,5918,usd,month,3,Hayes and Sons,billing@hayesandsons.com,2026-06-04,001000000000333AAA,2023-03-27,Active,001000000000333AAA,Hayes and Sons,TN,2130.48,3,Connie Lawrence,Lisa Hensley,2023-03-14,800000000000333AAA,2025-03-28,2027-03-27,FALSE,24,2130.48,3,Below Floor,29.52,78.91%,$177.54,C,Locked,"$2,130.48",2700,$569.52,,,,,
si_00000334_0,cus_000003345418,Hiring,6271,usd,month,11,"Williams, Logan and Camacho",billing@williamsloganandcamacho.com,2026-05-13,001000000000334AAA,2025-09-05,Active,001000000000334AAA,"Williams, Logan and Camacho",FL,73414.44,11,,Derek Zuniga,2025-08-08,800000000000334AAA,2025-09-17,2026-09-16,FALSE,12,73414.44,11,,0,83.61%,$689.81,C,Locked,"$8,277.72",9900,"$1,622.28",,,,,
si_00000334_1,cus_000003345418,HR,8361,usd,month,11,"Williams, Logan and Camacho",billing@williamsloganandcamacho.com,2026-05-13,001000000000334AAA,2025-09-05,Active,001000000000334AAA,"Williams, Logan and Camacho",FL,73414.44,11,,Derek Zuniga,2025-08-08,800000000000334AAA,2025-09-17,2026-09-16,FALSE,12,73414.44,11,,0,83.61%,$919.71,C,Locked,"$11,036.52",13200,"$2,163.48",,,,,
si_00000334_2,cus_000003345418,Payroll,1171,usd,month,385,"Williams, Logan and Camacho",billing@williamsloganandcamacho.com,2026-05-13,001000000000334AAA,2025-09-05,Active,001000000000334AAA,"Williams, Logan and Camacho",FL,73414.44,11,,Derek Zuniga,2025-08-08,800000000000334AAA,2025-09-17,2026-09-16,FALSE,12,73414.44,11,,0,83.64%,"$4,508.35",C,Locked,"$54,100.20",64680,"$10,579.80",,,,,
si_00000335_0,cus_000003351236,Hiring,7390,usd,month,3,"Turner, Schneider and Johnson",billing@turnerschneiderandjohnson.com,2026-05-01,001000000000335AAA,2022-04-24,Active,001000000000335AAA,"Turner, Schneider and Johnson",OH,10345.8,5,,Lisa Hensley,2022-04-23,800000000000335AAA,2025-05-20,2026-05-19,TRUE,12,10345.8,5,,0,98.53%,$221.70,B,Expired M2M,"$2,660.40",2700,$39.60,,,,,
si_00000335_1,cus_000003351236,HR,9853,usd,month,3,"Turner, Schneider and Johnson",billing@turnerschneiderandjohnson.com,2026-05-01,001000000000335AAA,2022-04-24,Active,001000000000335AAA,"Turner, Schneider and Johnson",OH,10345.8,5,,Lisa Hensley,2022-04-23,800000000000335AAA,2025-05-20,2026-05-19,TRUE,12,10345.8,5,,0,98.53%,$295.59,B,Expired M2M,"$3,547.08",3600,$52.92,,,,,
si_00000336_0,cus_000003366481,Hiring,6363,usd,month,7,boone-simmons,billing@boonesimmons.com,2026-05-11,,2022-08-30,Active,,,,,,,,,,,,,,,,,0,84.84%,$445.41,C,No Contract,"$5,344.92",6300,$955.08,,,,,
si_00000336_1,cus_000003366481,HR,8484,usd,month,7,boone-simmons,billing@boonesimmons.com,2026-05-11,,2022-08-30,Active,,,,,,,,,,,,,,,,,0,84.84%,$593.88,C,No Contract,"$7,126.56",8400,"$1,273.44",,,,,
si_00000337_0,cus_000003370383,Hiring,7636,usd,month,6,Henry Group,billing@henrygroup.com,2026-06-13,001000000000337AAA,2024-02-24,Active,001000000000337AAA,Henry Group,CA,2748.96,3,,Ryan Munoz,2024-01-26,800000000000337AAA,2024-07-07,2025-07-06,TRUE,12,2748.96,3,,0,101.81%,$458.16,A,Expired M2M,"$5,497.92",5400,$0.00,,,,,
si_00000338_0,cus_000003385326,Hiring,9375,usd,month,9,Lam LLC,billing@lamllc.com,2026-06-03,001000000000338AAA,2026-04-23,Active,001000000000338AAA,Lam LLC,UT,32805,9,,Derek Zuniga,2026-03-26,,,,,,,,,0,125.00%,$843.75,A,No Contract,"$10,125.00",8100,$0.00,,,,,
si_00000338_1,cus_000003385326,Payroll,1750,usd,month,108,Lam LLC,billing@lamllc.com,2026-06-03,001000000000338AAA,2026-04-23,Active,001000000000338AAA,Lam LLC,UT,32805,9,,Derek Zuniga,2026-03-26,,,,,,,,,0,125.00%,"$1,890.00",A,No Contract,"$22,680.00",18144,$0.00,,,,,
si_00000339_0,cus_000003391266,Hiring,7113,usd,month,6,"Hernandez, Martinez and Weber",billing@hernandezmartinezandweber.com,2026-06-14,001000000000339AAA,2024-10-02,Active,001000000000339AAA,"Hernandez, Martinez and Weber",NC,5121.36,6,,Carla Gray,2024-09-24,,,,,,,,,0,94.84%,$426.78,B,No Contract,"$5,121.36",5400,$278.64,,,,,
si_00000340_0,cus_000003404548,Hiring,5194,usd,month,11,"Kelley, Nguyen and Vang",billing@kelleynguyenandvang.com,2026-06-08,001000000000340AAA,2025-12-06,Active,001000000000340AAA,"Kelley, Nguyen and Vang",WA,4986.24,8,,Holly Wood,2025-12-06,800000000000340AAA,2024-09-25,2025-09-24,TRUE,12,4986.24,8,Below Floor,1063.92,69.25%,$571.34,D,Expired M2M,"$6,856.08",9900,"$3,043.92",,,,,
si_00000341_0,cus_000003411029,Hiring,75024,usd,year,4,"Phillips, Wagner and Jordan",billing@phillipswagnerandjordan.com,2026-06-05,001000000000341AAA,2024-07-09,Active,001000000000341AAA,"Phillips, Wagner and Jordan",AZ,3000.96,4,Abigail Shaffer,Brian Ramirez,2024-06-30,800000000000341AAA,2025-04-21,2028-04-20,FALSE,36,3000.96,4,,0,83.36%,$250.08,C,Locked,"$3,000.96",3600,$599.04,,,,,
si_00000342_0,cus_000003427369,Hiring,57408,usd,year,4,"Wilson, Pena and Rich",billing@wilsonpenaandrich.com,2026-06-02,001000000000342AAA,2025-07-12,Active,001000000000342AAA,"Wilson, Pena and Rich",OH,2296.32,4,,Lisa Jackson,2025-06-21,,,,,,,,Below Floor,583.68,63.79%,$191.36,D,No Contract,"$2,296.32",3600,"$1,303.68",,,,,
si_00000343_0,cus_000003430867,Hiring,8670,usd,month,14,"Le, Lewis and Hayes",billing@lelewisandhayes.com,2026-06-01,001000000000343AAA,2025-12-01,Active,001000000000343AAA,"Le, Lewis and Hayes",CO,14565.6,14,,Derek Zuniga,2025-11-30,,,,,,,,,0,115.60%,"$1,213.80",A,No Contract,"$14,565.60",12600,$0.00,,,,,
si_00000344_0,cus_000003446559,Hiring,7148,usd,month,3,Gutierrez Group,billing@gutierrezgroup.com,2026-06-05,001000000000344AAA,2026-03-25,Active,001000000000344AAA,Gutierrez Group,IL,6004.08,3,Gina Moore,Dylan Miller,2026-03-15,800000000000344AAA,2022-10-06,2024-10-05,TRUE,24,6004.08,3,,0,95.31%,$214.44,B,Expired M2M,"$2,573.28",2700,$126.72,,,,,
si_00000344_1,cus_000003446559,HR,9530,usd,month,3,Gutierrez Group,billing@gutierrezgroup.com,2026-06-05,001000000000344AAA,2026-03-25,Active,001000000000344AAA,Gutierrez Group,IL,6004.08,3,Gina Moore,Dylan Miller,2026-03-15,800000000000344AAA,2022-10-06,2024-10-05,TRUE,24,6004.08,3,,0,95.30%,$285.90,B,Expired M2M,"$3,430.80",3600,$169.20,,,,,
si_00000345_0,cus_000003457920,Hiring,8159,usd,month,4,Perry-Davis,billing@perrydavis.com,2026-06-10,001000000000345AAA,2025-02-02,Active,001000000000345AAA,Perry-Davis,IL,20559.96,9,,Dylan Miller,2025-01-25,800000000000345AAA,2025-02-01,2027-01-31,FALSE,24,20559.96,9,,0,108.79%,$326.36,A,Locked,"$3,916.32",3600,$0.00,,,,,
si_00000345_1,cus_000003457920,HR,10878,usd,month,4,Perry-Davis,billing@perrydavis.com,2026-06-10,001000000000345AAA,2025-02-02,Active,001000000000345AAA,Perry-Davis,IL,20559.96,9,,Dylan Miller,2025-01-25,800000000000345AAA,2025-02-01,2027-01-31,FALSE,24,20559.96,9,,0,108.78%,$435.12,A,Locked,"$5,221.44",4800,$0.00,,,,,
si_00000346_0,cus_000003463627,Hiring,6871,usd,month,4,Edwards-Scott,billing@edwardsscott.com,2026-06-13,001000000000346AAA,2023-12-07,Active,001000000000346AAA,Edwards-Scott,CA,9619.2,5,,Derek Zuniga,2023-12-01,800000000000346AAA,2026-04-04,2027-04-03,FALSE,12,9619.2,5,,0,91.61%,$274.84,B,Locked,"$3,298.08",3600,$301.92,,,,,
si_00000346_1,cus_000003463627,HR,9161,usd,month,4,Edwards-Scott,billing@edwardsscott.com,2026-06-13,001000000000346AAA,2023-12-07,Active,001000000000346AAA,Edwards-Scott,CA,9619.2,5,,Derek Zuniga,2023-12-01,800000000000346AAA,2026-04-04,2027-04-03,FALSE,12,9619.2,5,,0,91.61%,$366.44,B,Locked,"$4,397.28",4800,$402.72,,,,,
si_00000347_0,cus_000003472664,Hiring,9375,usd,month,11,Mcdaniel Group,billing@mcdanielgroup.com,2026-06-08,001000000000347AAA,2023-07-15,Active,001000000000347AAA,Mcdaniel Group,PA,28875,11,,Carla Gray,2023-06-24,800000000000347AAA,2023-12-29,2024-12-28,TRUE,12,28875,11,,0,125.00%,"$1,031.25",A,Expired M2M,"$12,375.00",9900,$0.00,,,,,
si_00000347_1,cus_000003472664,HR,12500,usd,month,11,Mcdaniel Group,billing@mcdanielgroup.com,2026-06-08,001000000000347AAA,2023-07-15,Active,001000000000347AAA,Mcdaniel Group,PA,28875,11,,Carla Gray,2023-06-24,800000000000347AAA,2023-12-29,2024-12-28,TRUE,12,28875,11,,0,125.00%,"$1,375.00",A,Expired M2M,"$16,500.00",13200,$0.00,,,,,
si_00000348_0,cus_000003484711,Hiring,8646,usd,month,3,Davis Inc,billing@davisinc.com,2026-06-07,001000000000348AAA,2026-01-06,Active,001000000000348AAA,Davis Inc,NY,7262.64,3,Angie Henderson,Brian Ramirez,2025-12-18,800000000000348AAA,2025-11-21,2026-11-20,FALSE,12,7262.64,3,,0,115.28%,$259.38,A,Locked,"$3,112.56",2700,$0.00,,,,,
si_00000348_1,cus_000003484711,HR,11528,usd,month,3,Davis Inc,billing@davisinc.com,2026-06-07,001000000000348AAA,2026-01-06,Active,001000000000348AAA,Davis Inc,NY,7262.64,3,Angie Henderson,Brian Ramirez,2025-12-18,800000000000348AAA,2025-11-21,2026-11-20,FALSE,12,7262.64,3,,0,115.28%,$345.84,A,Locked,"$4,150.08",3600,$0.00,,,,,
si_00000349_0,cus_000003490786,Hiring,5827,usd,month,2,Reynolds Ltd,billing@reynoldsltd.com,2026-06-08,001000000000349AAA,2025-05-06,Active,001000000000349AAA,Reynolds Ltd,GA,3263.04,2,Cristian Santos,Dylan Miller,2025-04-20,,,,,,,,Below Floor,41.52,77.69%,$116.54,C,No Contract,"$1,398.48",1800,$401.52,,,,,
si_00000349_1,cus_000003490786,HR,7769,usd,month,2,Reynolds Ltd,billing@reynoldsltd.com,2026-06-08,001000000000349AAA,2025-05-06,Active,001000000000349AAA,Reynolds Ltd,GA,3263.04,2,Cristian Santos,Dylan Miller,2025-04-20,,,,,,,,Below Floor,55.44,77.69%,$155.38,C,No Contract,"$1,864.56",2400,$535.44,,,,,
si_00000350_0,cus_000003504585,Hiring,4573,usd,month,2,"Watson, Anderson and Brown",billing@watsonandersonandbrown.com,2026-06-10,001000000000350AAA,2023-09-08,Active,001000000000350AAA,"Watson, Anderson and Brown",PA,9682.56,3,,Lisa Hensley,2023-08-12,,,,,,,,Below Floor,342.48,60.97%,$91.46,D,No Contract,"$1,097.52",1800,$702.48,,,,,
si_00000350_1,cus_000003504585,HR,6097,usd,month,2,"Watson, Anderson and Brown",billing@watsonandersonandbrown.com,2026-06-10,001000000000350AAA,2023-09-08,Active,001000000000350AAA,"Watson, Anderson and Brown",PA,9682.56,3,,Lisa Hensley,2023-08-12,,,,,,,,Below Floor,456.72,60.97%,$121.94,D,No Contract,"$1,463.28",2400,$936.72,,,,,
si_00000350_2,cus_000003504585,Payroll,854,usd,month,38,"Watson, Anderson and Brown",billing@watsonandersonandbrown.com,2026-06-10,001000000000350AAA,2023-09-08,Active,001000000000350AAA,"Watson, Anderson and Brown",PA,9682.56,3,,Lisa Hensley,2023-08-12,,,,,,,,Below Floor,1121.76,61.00%,$324.52,D,No Contract,"$3,894.24",6384,"$2,489.76",,,,,
si_00000351_0,cus_000003514234,Hiring,6748,usd,month,6,"Hoffman, Santiago and Jenkins",billing@hoffmansantiagoandjenkins.com,2026-06-01,001000000000351AAA,2023-10-14,Active,001000000000351AAA,"Hoffman, Santiago and Jenkins",CA,10204.2,3,Daniel Wagner,Michele Williams,2023-10-11,800000000000351AAA,2024-10-07,2025-10-06,TRUE,12,10204.2,3,,0,89.97%,$404.88,C,Expired M2M,"$4,858.56",5400,$541.44,,,,,
si_00000351_1,cus_000003514234,HR,8997,usd,month,6,"Hoffman, Santiago and Jenkins",billing@hoffmansantiagoandjenkins.com,2026-06-01,001000000000351AAA,2023-10-14,Active,001000000000351AAA,"Hoffman, Santiago and Jenkins",CA,10204.2,3,Daniel Wagner,Michele Williams,2023-10-11,800000000000351AAA,2024-10-07,2025-10-06,TRUE,12,10204.2,3,,0,89.97%,$539.82,C,Expired M2M,"$6,477.84",7200,$722.16,,,,,
si_00000351_2,cus_000003514234,Payroll,1260,usd,month,60,"Hoffman, Santiago and Jenkins",billing@hoffmansantiagoandjenkins.com,2026-06-01,001000000000351AAA,2023-10-14,Active,001000000000351AAA,"Hoffman, Santiago and Jenkins",CA,10204.2,3,Daniel Wagner,Michele Williams,2023-10-11,800000000000351AAA,2024-10-07,2025-10-06,TRUE,12,10204.2,3,,0,90.00%,$756.00,B,Expired M2M,"$9,072.00",10080,"$1,008.00",,,,,
si_00000352_0,cus_000003526971,Hiring,8660,usd,month,6,"Pugh, Henderson and Moon",billing@pughhendersonandmoon.com,2026-05-15,001000000000352AAA,2023-11-10,Active,001000000000352AAA,"Pugh, Henderson and Moon",FL,6235.2,6,,Brian Ramirez,2023-11-06,800000000000352AAA,2026-01-02,2027-01-01,FALSE,12,6235.2,6,,0,115.47%,$519.60,A,Locked,"$6,235.20",5400,$0.00,,,,,
si_00000353_0,cus_000003539089,Hiring,85860,usd,year,3,Schmitt PLC,billing@schmittplc.com,2026-06-05,001000000000353AAA,2022-10-30,Active,001000000000353AAA,Schmitt PLC,GA,10752.12,3,,Margaret Hawkins DDS,2022-10-19,,,,,,,,,0,95.40%,$214.65,B,No Contract,"$2,575.80",2700,$124.20,,,,,
si_00000353_1,cus_000003539089,Payroll,16032,usd,year,51,Schmitt PLC,billing@schmittplc.com,2026-06-05,001000000000353AAA,2022-10-30,Active,001000000000353AAA,Schmitt PLC,GA,10752.12,3,,Margaret Hawkins DDS,2022-10-19,,,,,,,,,0,95.43%,$681.36,B,No Contract,"$8,176.32",8568,$391.68,,,,,
si_00000355_0,cus_000003557844,HR,9744,usd,month,5,Moore Group,billing@mooregroup.com,2026-06-10,001000000000355AAA,2026-06-05,Active,001000000000355AAA,Moore Group,NC,5846.4,5,,Jamie Arnold,2026-05-17,,,,,,,,,0,97.44%,$487.20,B,No Contract,"$5,846.40",6000,$153.60,,,,,
si_00000356_0,cus_000003564648,Hiring,6728,usd,month,3,Boone LLC,billing@boonellc.com,2026-06-09,001000000000356AAA,2023-09-24,Active,001000000000356AAA,Boone LLC,TX,2422.08,3,Daniel Wagner,Margaret Hawkins DDS,2023-09-07,800000000000356AAA,2024-11-25,2025-11-24,TRUE,12,2422.08,3,,0,89.71%,$201.84,C,Expired M2M,"$2,422.08",2700,$277.92,,,,,
si_00000357_0,cus_000003571826,Hiring,5611,usd,month,5,"Richardson, Farmer and Andrews",billing@richardsonfarmerandandrews.com,2026-06-12,001000000000357AAA,2024-01-05,Active,001000000000357AAA,"Richardson, Farmer and Andrews",GA,10368,5,,Monica Herrera,2024-01-03,,,,,,,,Below Floor,233.4,74.81%,$280.55,D,No Contract,"$3,366.60",4500,"$1,133.40",,,,,
si_00000357_1,cus_000003571826,HR,7481,usd,month,5,"Richardson, Farmer and Andrews",billing@richardsonfarmerandandrews.com,2026-06-12,001000000000357AAA,2024-01-05,Active,001000000000357AAA,"Richardson, Farmer and Andrews",GA,10368,5,,Monica Herrera,2024-01-03,,,,,,,,Below Floor,311.4,74.81%,$374.05,D,No Contract,"$4,488.60",6000,"$1,511.40",,,,,
si_00000357_2,cus_000003571826,Payroll,1047,usd,month,20,"Richardson, Farmer and Andrews",billing@richardsonfarmerandandrews.com,2026-06-12,001000000000357AAA,2024-01-05,Active,001000000000357AAA,"Richardson, Farmer and Andrews",GA,10368,5,,Monica Herrera,2024-01-03,,,,,,,,Below Floor,127.2,74.79%,$209.40,D,No Contract,"$2,512.80",3360,$847.20,,,,,
si_00000358_0,cus_000003587662,Hiring,75516,usd,year,6,Bruce-Villegas,billing@brucevillegas.com,2026-06-02,001000000000358AAA,2025-12-10,Active,001000000000358AAA,Bruce-Villegas,NY,4530.96,6,,Carla Gray,2025-11-12,800000000000358AAA,2024-08-15,2025-08-14,TRUE,12,4530.96,6,,0,83.91%,$377.58,C,Expired M2M,"$4,530.96",5400,$869.04,,,,,
si_00000359_0,cus_000003598618,Hiring,7288,usd,month,10,"Austin, Day and Johnson",billing@austindayandjohnson.com,2026-06-15,001000000000359AAA,2024-04-16,Active,001000000000359AAA,"Austin, Day and Johnson",CA,20407.2,10,,Jamie Arnold,2024-04-07,800000000000359AAA,2025-08-04,2028-08-03,FALSE,36,20407.2,10,,0,97.17%,$728.80,B,Locked,"$8,745.60",9000,$254.40,,,,,
si_00000359_1,cus_000003598618,HR,9718,usd,month,10,"Austin, Day and Johnson",billing@austindayandjohnson.com,2026-06-15,001000000000359AAA,2024-04-16,Active,001000000000359AAA,"Austin, Day and Johnson",CA,20407.2,10,,Jamie Arnold,2024-04-07,800000000000359AAA,2025-08-04,2028-08-03,FALSE,36,20407.2,10,,0,97.18%,$971.80,B,Locked,"$11,661.60",12000,$338.40,,,,,
si_00000360_0,cus_000003603579,Hiring,4500,usd,month,2,"Gallegos, Adams and White",billing@gallegosadamsandwhite.com,2026-06-13,001000000000360AAA,2026-02-14,Active,001000000000360AAA,"Gallegos, Adams and White",NY,2520,2,Gabrielle Davis,Holly Wood,2026-02-04,,,,,,,,Below Floor,360,60.00%,$90.00,D,No Contract,"$1,080.00",1800,$720.00,,,,,
si_00000360_1,cus_000003603579,HR,6000,usd,month,2,"Gallegos, Adams and White",billing@gallegosadamsandwhite.com,2026-06-13,001000000000360AAA,2026-02-14,Active,001000000000360AAA,"Gallegos, Adams and White",NY,2520,2,Gabrielle Davis,Holly Wood,2026-02-04,,,,,,,,Below Floor,480,60.00%,$120.00,D,No Contract,"$1,440.00",2400,$960.00,,,,,
si_00000361_0,cus_000003617024,Hiring,8291,usd,month,1,"Farmer, Dorsey and Bell",billing@farmerdorseyandbell.com,2026-06-14,001000000000361AAA,2025-09-23,Active,001000000000361AAA,"Farmer, Dorsey and Bell",PA,1989.84,2,Daniel Wagner,Jamie Arnold,2025-09-05,800000000000361AAA,2025-06-06,2027-06-05,FALSE,24,1989.84,2,,0,110.55%,$82.91,A,Locked,$994.92,900,$0.00,,,,,
si_00000362_0,cus_000003627963,Hiring,6902,usd,month,6,Kane PLC,billing@kaneplc.com,2026-06-04,001000000000362AAA,2022-03-12,Active,001000000000362AAA,Kane PLC,IL,11595.6,6,,Dylan Miller,2022-02-12,800000000000362AAA,2024-11-18,2026-11-17,FALSE,24,11595.6,6,,0,92.03%,$414.12,B,Locked,"$4,969.44",5400,$430.56,,,,,
si_00000362_1,cus_000003627963,HR,9203,usd,month,6,Kane PLC,billing@kaneplc.com,2026-06-04,001000000000362AAA,2022-03-12,Active,001000000000362AAA,Kane PLC,IL,11595.6,6,,Dylan Miller,2022-02-12,800000000000362AAA,2024-11-18,2026-11-17,FALSE,24,11595.6,6,,0,92.03%,$552.18,B,Locked,"$6,626.16",7200,$573.84,,,,,
si_00000363_0,cus_000003633923,Hiring,6718,usd,month,6,"Morales, Thomas and Schultz",billing@moralesthomasandschultz.com,2026-06-06,001000000000363AAA,2025-11-08,Active,001000000000363AAA,"Morales, Thomas and Schultz",NY,11286,6,,Derek Zuniga,2025-10-20,800000000000363AAA,2025-03-10,2026-03-09,TRUE,12,11286,6,,0,89.57%,$403.08,C,Expired M2M,"$4,836.96",5400,$563.04,,,,,
si_00000363_1,cus_000003633923,HR,8957,usd,month,6,"Morales, Thomas and Schultz",billing@moralesthomasandschultz.com,2026-06-06,001000000000363AAA,2025-11-08,Active,001000000000363AAA,"Morales, Thomas and Schultz",NY,11286,6,,Derek Zuniga,2025-10-20,800000000000363AAA,2025-03-10,2026-03-09,TRUE,12,11286,6,,0,89.57%,$537.42,C,Expired M2M,"$6,449.04",7200,$750.96,,,,,
si_00000364_0,cus_000003645003,Hiring,6584,usd,month,6,Bennett Group,billing@bennettgroup.com,2025-12-31,001000000000364AAA,2025-07-31,Churned,001000000000364AAA,Bennett Group,UT,11060.64,6,Noah Rhodes,Carla Gray,2025-07-03,800000000000364AAA,2025-01-29,2026-01-28,TRUE,12,11060.64,6,,0,87.79%,$395.04,C,Expired M2M,"$4,740.48",5400,$659.52,,,,,
si_00000364_1,cus_000003645003,HR,8778,usd,month,6,Bennett Group,billing@bennettgroup.com,2025-12-31,001000000000364AAA,2025-07-31,Churned,001000000000364AAA,Bennett Group,UT,11060.64,6,Noah Rhodes,Carla Gray,2025-07-03,800000000000364AAA,2025-01-29,2026-01-28,TRUE,12,11060.64,6,,0,87.78%,$526.68,C,Expired M2M,"$6,320.16",7200,$879.84,,,,,
si_00000365_0,cus_000003653539,Hiring,7603,usd,month,5,Moore-Collins,billing@moorecollins.com,2026-06-13,001000000000365AAA,2022-07-10,Active,001000000000365AAA,Moore-Collins,NY,19559.04,8,Connie Lawrence,Ryan Munoz,2022-07-05,800000000000365AAA,2024-05-02,2025-05-01,TRUE,12,19559.04,8,,0,101.37%,$380.15,A,Expired M2M,"$4,561.80",4500,$0.00,,,,,
si_00000365_1,cus_000003653539,Payroll,1419,usd,month,45,Moore-Collins,billing@moorecollins.com,2026-06-13,001000000000365AAA,2022-07-10,Active,001000000000365AAA,Moore-Collins,NY,19559.04,8,Connie Lawrence,Ryan Munoz,2022-07-05,800000000000365AAA,2024-05-02,2025-05-01,TRUE,12,19559.04,8,,0,101.36%,$638.55,A,Expired M2M,"$7,662.60",7560,$0.00,,,,,
si_00000366_0,cus_000003663788,Hiring,5676,usd,month,2,Frank-Bradley,billing@frankbradley.com,2026-06-13,001000000000366AAA,2024-06-15,Active,001000000000366AAA,Frank-Bradley,CA,6450.24,2,,Jamie Arnold,2024-05-28,,,,,,,,Below Floor,77.76,75.68%,$113.52,C,No Contract,"$1,362.24",1800,$437.76,,,,,
si_00000366_1,cus_000003663788,Payroll,1060,usd,month,40,Frank-Bradley,billing@frankbradley.com,2026-06-13,001000000000366AAA,2024-06-15,Active,001000000000366AAA,Frank-Bradley,CA,6450.24,2,,Jamie Arnold,2024-05-28,,,,,,,,Below Floor,192,75.71%,$424.00,C,No Contract,"$5,088.00",6720,"$1,632.00",,,,,
si_00000367_0,cus_000003679532,Hiring,6687,usd,month,5,Wre and Sons,billing@wareandsons.com,2026-06-08,,2022-08-23,Active,,,,,,,,,,,,,,,,,0,89.16%,$334.35,C,No Contract,"$4,012.20",4500,$487.80,,,,,
si_00000368_0,cus_000003681591,Hiring,5602,usd,month,3,Webster Inc,billing@websterinc.com,2026-06-05,001000000000368AAA,2026-03-06,Active,001000000000368AAA,Webster Inc,CA,12183.84,3,Allison Hill,Michele Williams,2026-02-24,,,,,,,,Below Floor,143.28,74.69%,$168.06,D,No Contract,"$2,016.72",2700,$683.28,,,,,
si_00000368_1,cus_000003681591,Payroll,1046,usd,month,81,Webster Inc,billing@websterinc.com,2026-06-05,001000000000368AAA,2026-03-06,Active,001000000000368AAA,Webster Inc,CA,12183.84,3,Allison Hill,Michele Williams,2026-02-24,,,,,,,,Below Floor,524.88,74.71%,$847.26,D,No Contract,"$10,167.12",13608,"$3,440.88",,,,,
si_00000369_0,cus_000003699438,Hiring,5140,usd,month,5,"Miller, Ramos and Coleman",billing@millerramosandcoleman.com,2026-06-01,001000000000369AAA,2026-03-17,Active,001000000000369AAA,"Miller, Ramos and Coleman",CO,18140.4,5,,Margaret Hawkins DDS,2026-02-16,800000000000369AAA,2022-05-02,2025-05-01,TRUE,36,18140.4,5,Below Floor,516,68.53%,$257.00,D,Expired M2M,"$3,084.00",4500,"$1,416.00",,,,,
si_00000369_1,cus_000003699438,HR,6854,usd,month,5,"Miller, Ramos and Coleman",billing@millerramosandcoleman.com,2026-06-01,001000000000369AAA,2026-03-17,Active,001000000000369AAA,"Miller, Ramos and Coleman",CO,18140.4,5,,Margaret Hawkins DDS,2026-02-16,800000000000369AAA,2022-05-02,2025-05-01,TRUE,36,18140.4,5,Below Floor,687.6,68.54%,$342.70,D,Expired M2M,"$4,112.40",6000,"$1,887.60",,,,,
si_00000369_2,cus_000003699438,Payroll,960,usd,month,95,"Miller, Ramos and Coleman",billing@millerramosandcoleman.com,2026-06-01,001000000000369AAA,2026-03-17,Active,001000000000369AAA,"Miller, Ramos and Coleman",CO,18140.4,5,,Margaret Hawkins DDS,2026-02-16,800000000000369AAA,2022-05-02,2025-05-01,TRUE,36,18140.4,5,Below Floor,1596,68.57%,$912.00,D,Expired M2M,"$10,944.00",15960,"$5,016.00",,,,,
si_00000370_0,cus_000003701536,Hiring,106356,usd,year,3,"Ramos, Nelson and Fischer",billing@ramosnelsonandfischer.com,2026-06-10,001000000000370AAA,2024-05-09,Active,001000000000370AAA,"Ramos, Nelson and Fischer",PA,7444.8,3,,Ryan Munoz,2024-05-05,800000000000370AAA,2023-08-18,2024-08-17,TRUE,12,7444.8,3,,0,118.17%,$265.89,A,Expired M2M,"$3,190.68",2700,$0.00,,,,,
si_00000370_1,cus_000003701536,HR,141804,usd,year,3,"Ramos, Nelson and Fischer",billing@ramosnelsonandfischer.com,2026-06-10,001000000000370AAA,2024-05-09,Active,001000000000370AAA,"Ramos, Nelson and Fischer",PA,7444.8,3,,Ryan Munoz,2024-05-05,800000000000370AAA,2023-08-18,2024-08-17,TRUE,12,7444.8,3,,0,118.17%,$354.51,A,Expired M2M,"$4,254.12",3600,$0.00,,,,,
si_00000371_0,cus_000003716962,Hiring,9304,usd,month,6,Reed Inc,billing@reedinc.com,2026-06-04,001000000000371AAA,2023-08-20,Active,001000000000371AAA,Reed Inc,WA,7815.6,3,Daniel Wagner,Jamie Arnold,2023-08-08,800000000000371AAA,2025-05-20,2026-05-19,TRUE,12,7815.6,3,,0,124.05%,$558.24,A,Expired M2M,"$6,698.88",5400,$0.00,,,,,
si_00000371_1,cus_000003716962,HR,12406,usd,month,6,Reed Inc,billing@reedinc.com,2026-06-04,001000000000371AAA,2023-08-20,Active,001000000000371AAA,Reed Inc,WA,7815.6,3,Daniel Wagner,Jamie Arnold,2023-08-08,800000000000371AAA,2025-05-20,2026-05-19,TRUE,12,7815.6,3,,0,124.06%,$744.36,A,Expired M2M,"$8,932.32",7200,$0.00,,,,,
si_00000372_0,cus_000003724327,HR,7547,usd,month,4,Gregory-Watkins,billing@gregorywatkins.com,2026-06-02,001000000000372AAA,2021-11-22,Active,001000000000372AAA,Gregory-Watkins,CO,3622.56,4,,Monica Herrera,2021-10-27,,,,,,,,Below Floor,217.44,75.47%,$301.88,C,No Contract,"$3,622.56",4800,"$1,177.44",,,,,
si_00000373_0,cus_000003739205,Hiring,6510,usd,month,3,"Estrada, Williams and Foster",billing@estradawilliamsandfoster.com,2026-06-07,001000000000373AAA,2022-01-31,Active,001000000000373AAA,"Estrada, Williams and Foster",TX,2343.6,3,,Brian Ramirez,2022-01-04,800000000000373AAA,2026-01-21,2028-01-20,FALSE,24,2343.6,3,,0,86.80%,$195.30,C,Locked,"$2,343.60",2700,$356.40,,,,,
si_00000374_0,cus_000003747829,Hiring,75432,usd,year,3,"Brown, Harris and ougherty",billing@brownharrisanddougherty.com,2026-05-12,,2023-07-08,Active,,,,,,,,,,,,,,,,,0,83.81%,$188.58,C,No Contract,"$2,262.96",2700,$437.04,,,,,
si_00000374_1,cus_000003747829,HR,100584,usd,year,3,"Brown, Harris and ougherty",billing@brownharrisanddougherty.com,2026-05-12,,2023-07-08,Active,,,,,,,,,,,,,,,,,0,83.82%,$251.46,C,No Contract,"$3,017.52",3600,$582.48,,,,,
si_00000374_2,cus_000003747829,Payroll,14076,usd,year,48,"Brown, Harris and ougherty",billing@brownharrisanddougherty.com,2026-05-12,,2023-07-08,Active,,,,,,,,,,,,,,,,,0,83.79%,$563.04,C,No Contract,"$6,756.48",8064,"$1,307.52",,,,,
si_00000375_0,cus_000003755403,Hiring,7157,usd,month,7,Duran LLC,billing@duranllc.com,2026-06-13,001000000000375AAA,2021-11-14,Active,001000000000375AAA,Duran LLC,UT,21723.24,7,,Jamie Arnold,2021-11-13,,,,,,,,,0,95.43%,$500.99,B,No Contract,"$6,011.88",6300,$288.12,,,,,
si_00000375_1,cus_000003755403,Payroll,1336,usd,month,98,Duran LLC,billing@duranllc.com,2026-06-13,001000000000375AAA,2021-11-14,Active,001000000000375AAA,Duran LLC,UT,21723.24,7,,Jamie Arnold,2021-11-13,,,,,,,,,0,95.43%,"$1,309.28",B,No Contract,"$15,711.36",16464,$752.64,,,,,
si_00000376_0,cus_000003768163,Hiring,7080,usd,month,3,Wilsn-Jimenez,billing@wilsonjimenez.com,2026-06-10,,2025-09-19,Active,,,,,,,,,,,,,,,,,0,94.40%,$212.40,B,No Contract,"$2,548.80",2700,$151.20,,,,,
si_00000376_1,cus_000003768163,HR,9440,usd,month,3,Wilsn-Jimenez,billing@wilsonjimenez.com,2026-06-10,,2025-09-19,Active,,,,,,,,,,,,,,,,,0,94.40%,$283.20,B,No Contract,"$3,398.40",3600,$201.60,,,,,
si_00000376_2,cus_000003768163,Payroll,1322,usd,month,60,Wilsn-Jimenez,billing@wilsonjimenez.com,2026-06-10,,2025-09-19,Active,,,,,,,,,,,,,,,,,0,94.43%,$793.20,B,No Contract,"$9,518.40",10080,$561.60,,,,,
si_00000377_0,cus_000003775720,Hiring,7142,usd,month,6,Thompson-James,billing@thompsonjames.com,2026-06-14,001000000000377AAA,2022-04-02,Active,001000000000377AAA,Thompson-James,CA,41750.64,6,Angie Henderson,Monica Herrera,2022-03-14,800000000000377AAA,2025-10-04,2026-10-03,FALSE,12,41750.64,6,,0,95.23%,$428.52,B,Locked,"$5,142.24",5400,$257.76,,,,,
si_00000377_1,cus_000003775720,HR,9522,usd,month,6,Thompson-James,billing@thompsonjames.com,2026-06-14,001000000000377AAA,2022-04-02,Active,001000000000377AAA,Thompson-James,CA,41750.64,6,Angie Henderson,Monica Herrera,2022-03-14,800000000000377AAA,2025-10-04,2026-10-03,FALSE,12,41750.64,6,,0,95.22%,$571.32,B,Locked,"$6,855.84",7200,$344.16,,,,,
si_00000377_2,cus_000003775720,Payroll,1333,usd,month,186,Thompson-James,billing@thompsonjames.com,2026-06-14,001000000000377AAA,2022-04-02,Active,001000000000377AAA,Thompson-James,CA,41750.64,6,Angie Henderson,Monica Herrera,2022-03-14,800000000000377AAA,2025-10-04,2026-10-03,FALSE,12,41750.64,6,,0,95.21%,"$2,479.38",B,Locked,"$29,752.56",31248,"$1,495.44",,,,,
si_00000378_0,cus_000003786746,Hiring,6959,usd,month,3,"Hall, Hansen and Barnett",billing@hallhansenandbarnett.com,2026-06-03,001000000000378AAA,2023-07-19,Active,001000000000378AAA,"Hall, Hansen and Barnett",PA,2505.24,3,,Lisa Jackson,2023-07-08,800000000000378AAA,2024-07-17,2025-07-16,TRUE,12,2505.24,3,,0,92.79%,$208.77,B,Expired M2M,"$2,505.24",2700,$194.76,,,,,
si_00000379_0,cus_000003798543,Hiring,9131,usd,month,4,Jones-Hensley,billing@joneshensley.com,2026-06-13,001000000000379AAA,2024-04-23,Active,001000000000379AAA,Jones-Hensley,TX,28231.68,4,,Derek Zuniga,2024-03-30,,,,,,,,,0,121.75%,$365.24,A,No Contract,"$4,382.88",3600,$0.00,,,,,
si_00000379_1,cus_000003798543,HR,12175,usd,month,4,Jones-Hensley,billing@joneshensley.com,2026-06-13,001000000000379AAA,2024-04-23,Active,001000000000379AAA,Jones-Hensley,TX,28231.68,4,,Derek Zuniga,2024-03-30,,,,,,,,,0,121.75%,$487.00,A,No Contract,"$5,844.00",4800,$0.00,,,,,
si_00000379_2,cus_000003798543,Payroll,1705,usd,month,88,Jones-Hensley,billing@joneshensley.com,2026-06-13,001000000000379AAA,2024-04-23,Active,001000000000379AAA,Jones-Hensley,TX,28231.68,4,,Derek Zuniga,2024-03-30,,,,,,,,,0,121.79%,"$1,500.40",A,No Contract,"$18,004.80",14784,$0.00,,,,,
si_00000380_0,cus_000003809421,Hiring,9375,usd,month,2,Gaham,billing@grahamgroup.com,2026-06-08,,2026-06-08,Active,,,,,,,,,,,,,,,,,0,125.00%,$187.50,A,No Contract,"$2,250.00",1800,$0.00,,,,,
si_00000380_1,cus_000003809421,HR,12500,usd,month,2,Gaham,billing@grahamgroup.com,2026-06-08,,2026-06-08,Active,,,,,,,,,,,,,,,,,0,125.00%,$250.00,A,No Contract,"$3,000.00",2400,$0.00,,,,,
si_00000381_0,cus_000003810794,Hiring,81408,usd,year,12,atkins plc,billing@atkinsplc.com,2026-06-13,,2024-11-23,Active,,,,,,,,,,,,,,,,,0,90.45%,$814.08,B,No Contract,"$9,768.96",10800,"$1,031.04",,,,,
si_00000382_0,cus_000003821849,Hiring,105840,usd,year,4,Berry-Mckinney,billing@berrymckinney.com,2026-06-15,,2024-04-06,Active,,,,,,,,,,,,,,,,,0,117.60%,$352.80,A,No Contract,"$4,233.60",3600,$0.00,,,,,
si_00000382_1,cus_000003821849,Payroll,19752,usd,year,52,Berry-Mckinney,billing@berrymckinney.com,2026-06-15,,2024-04-06,Active,,,,,,,,,,,,,,,,,0,117.57%,$855.92,A,No Contract,"$10,271.04",8736,$0.00,,,,,
si_00000383_0,cus_000003832193,Hiring,82440,usd,year,3,Roberts-Sullivan,billing@robertssullivan.com,2026-06-15,001000000000383AAA,2025-07-13,Active,001000000000383AAA,Roberts-Sullivan,UT,13253.76,6,,Lisa Hensley,2025-07-13,800000000000383AAA,2026-02-05,2027-02-04,FALSE,12,13253.76,6,,0,91.60%,$206.10,B,Locked,"$2,473.20",2700,$226.80,,,,,
si_00000383_1,cus_000003832193,Payroll,15384,usd,year,27,Roberts-Sullivan,billing@robertssullivan.com,2026-06-15,001000000000383AAA,2025-07-13,Active,001000000000383AAA,Roberts-Sullivan,UT,13253.76,6,,Lisa Hensley,2025-07-13,800000000000383AAA,2026-02-05,2027-02-04,FALSE,12,13253.76,6,,0,91.57%,$346.14,B,Locked,"$4,153.68",4536,$382.32,,,,,
si_00000384_0,cus_000003842163,Hiring,9375,usd,month,2,Jackson-Meza,billing@jacksonmeza.com,2026-06-14,,2021-11-24,Active,,,,,,,,,,,,,,,,,0,125.00%,$187.50,A,No Contract,"$2,250.00",1800,$0.00,,,,,
si_00000384_1,cus_000003842163,HR,12500,usd,month,2,Jackson-Meza,billing@jacksonmeza.com,2026-06-14,,2021-11-24,Active,,,,,,,,,,,,,,,,,0,125.00%,$250.00,A,No Contract,"$3,000.00",2400,$0.00,,,,,
si_00000384_2,cus_000003842163,Payroll,1750,usd,month,38,Jackson-Meza,billing@jacksonmeza.com,2026-06-14,,2021-11-24,Active,,,,,,,,,,,,,,,,,0,125.00%,$665.00,A,No Contract,"$7,980.00",6384,$0.00,,,,,
si_00000385_0,cus_000003852960,Hiring,5093,usd,month,2,collier-gillespie,billing@colliergillespie.com,2026-06-09,,2023-05-26,Active,,,,,,,,,,,,,,,,Below Floor,217.68,67.91%,$101.86,D,No Contract,"$1,222.32",1800,$577.68,,,,,
si_00000385_1,cus_000003852960,Payroll,951,usd,month,68,collier-gillespie,billing@colliergillespie.com,2026-06-09,,2023-05-26,Active,,,,,,,,,,,,,,,,Below Floor,1215.84,67.93%,$646.68,D,No Contract,"$7,760.16",11424,"$3,663.84",,,,,
si_00000386_0,cus_000003867828,Hiring,6880,usd,month,1,Kim Inc,billing@kiminc.com,2026-06-09,001000000000386AAA,2024-05-22,Active,001000000000386AAA,Kim Inc,FL,1926.48,1,,Dylan Miller,2024-05-20,800000000000386AAA,2026-04-23,2029-04-22,FALSE,36,1926.48,1,,0,91.73%,$68.80,B,Locked,$825.60,900,$74.40,,,,,
si_00000386_1,cus_000003867828,HR,9174,usd,month,1,Kim Inc,billing@kiminc.com,2026-06-09,001000000000386AAA,2024-05-22,Active,001000000000386AAA,Kim Inc,FL,1926.48,1,,Dylan Miller,2024-05-20,800000000000386AAA,2026-04-23,2029-04-22,FALSE,36,1926.48,1,,0,91.74%,$91.74,B,Locked,"$1,100.88",1200,$99.12,,,,,
si_00000387_0,cus_000003877954,Hiring,6996,usd,month,3,"Miller, Harrell and Reese",billing@millerharrellandreese.com,2025-12-14,001000000000387AAA,2024-07-16,Churned,001000000000387AAA,"Miller, Harrell and Reese",GA,5876.64,3,,Lisa Hensley,2024-07-11,,,,,,,,,0,93.28%,$209.88,B,No Contract,"$2,518.56",2700,$181.44,,,,,
si_00000387_1,cus_000003877954,HR,9328,usd,month,3,"Miller, Harrell and Reese",billing@millerharrellandreese.com,2025-12-14,001000000000387AAA,2024-07-16,Churned,001000000000387AAA,"Miller, Harrell and Reese",GA,5876.64,3,,Lisa Hensley,2024-07-11,,,,,,,,,0,93.28%,$279.84,B,No Contract,"$3,358.08",3600,$241.92,,,,,
si_00000388_0,cus_000003882578,Hiring,7403,usd,month,1,Cook and Sons,billing@cookandsons.com,2026-06-12,001000000000388AAA,2025-03-21,Active,001000000000388AAA,Cook and Sons,GA,8043,1,Abigail Shaffer,Michele Williams,2025-03-03,800000000000388AAA,2025-05-29,2027-05-28,FALSE,24,8043,1,,0,98.71%,$74.03,B,Locked,$888.36,900,$11.64,,,,,
si_00000388_1,cus_000003882578,HR,9870,usd,month,1,Cook and Sons,billing@cookandsons.com,2026-06-12,001000000000388AAA,2025-03-21,Active,001000000000388AAA,Cook and Sons,GA,8043,1,Abigail Shaffer,Michele Williams,2025-03-03,800000000000388AAA,2025-05-29,2027-05-28,FALSE,24,8043,1,,0,98.70%,$98.70,B,Locked,"$1,184.40",1200,$15.60,,,,,
si_00000388_2,cus_000003882578,Payroll,1382,usd,month,36,Cook and Sons,billing@cookandsons.com,2026-06-12,001000000000388AAA,2025-03-21,Active,001000000000388AAA,Cook and Sons,GA,8043,1,Abigail Shaffer,Michele Williams,2025-03-03,800000000000388AAA,2025-05-29,2027-05-28,FALSE,24,8043,1,,0,98.71%,$497.52,B,Locked,"$5,970.24",6048,$77.76,,,,,
si_00000389_0,cus_000003890513,Hiring,7096,usd,month,7,Dixon Inc,billing@dixoninc.com,2026-06-06,001000000000389AAA,2024-09-11,Active,001000000000389AAA,Dixon Inc,AZ,9766.08,4,Connie Lawrence,Derek Zuniga,2024-09-02,800000000000389AAA,2025-04-17,2026-04-16,TRUE,12,9766.08,4,,0,94.61%,$496.72,B,Expired M2M,"$5,960.64",6300,$339.36,,,,,
si_00000389_1,cus_000003890513,Payroll,1325,usd,month,70,Dixon Inc,billing@dixoninc.com,2026-06-06,001000000000389AAA,2024-09-11,Active,001000000000389AAA,Dixon Inc,AZ,9766.08,4,Connie Lawrence,Derek Zuniga,2024-09-02,800000000000389AAA,2025-04-17,2026-04-16,TRUE,12,9766.08,4,,0,94.64%,$927.50,B,Expired M2M,"$11,130.00",11760,$630.00,,,,,
si_00000390_0,cus_000003901388,Hiring,7461,usd,month,1,"Hicks, Bullock and Bailey",billing@hicksbullockandbailey.com,2026-06-13,001000000000390AAA,2026-05-07,Active,001000000000390AAA,"Hicks, Bullock and Bailey",TX,895.32,1,Angie Henderson,Ryan Munoz,2026-05-01,,,,,,,,,0,99.48%,$74.61,B,No Contract,$895.32,900,$4.68,,,,,
si_00000391_0,cus_000003917733,Hiring,6088,usd,month,3,"Mullen, Brewer and Hernandez",billing@mullenbrewerandhernandez.com,2026-06-04,001000000000391AAA,2022-08-15,Active,001000000000391AAA,"Mullen, Brewer and Hernandez",PA,5114.16,3,Gabrielle Davis,Lisa Hensley,2022-08-09,800000000000391AAA,2025-10-11,2026-10-10,FALSE,12,5114.16,3,,0,81.17%,$182.64,C,Locked,"$2,191.68",2700,$508.32,,,,,
si_00000391_1,cus_000003917733,HR,8118,usd,month,3,"Mullen, Brewer and Hernandez",billing@mullenbrewerandhernandez.com,2026-06-04,001000000000391AAA,2022-08-15,Active,001000000000391AAA,"Mullen, Brewer and Hernandez",PA,5114.16,3,Gabrielle Davis,Lisa Hensley,2022-08-09,800000000000391AAA,2025-10-11,2026-10-10,FALSE,12,5114.16,3,,0,81.18%,$243.54,C,Locked,"$2,922.48",3600,$677.52,,,,,
si_00000392_0,cus_000003920434,Hiring,8440,usd,month,14,thomas and sons,billing@thomasandsons.com,2026-06-02,,2023-09-15,Active,,,,,,,,,,,,,,,,,0,112.53%,"$1,181.60",A,No Contract,"$14,179.20",12600,$0.00,,,,,
si_00000392_1,cus_000003920434,HR,11253,usd,month,14,thomas and sons,billing@thomasandsons.com,2026-06-02,,2023-09-15,Active,,,,,,,,,,,,,,,,,0,112.53%,"$1,575.42",A,No Contract,"$18,905.04",16800,$0.00,,,,,
si_00000393_0,cus_000003936227,Hiring,8572,usd,month,1,Morrison Ltd,billing@morrisonltd.com,2026-05-05,001000000000393AAA,2024-11-09,Active,001000000000393AAA,Morrison Ltd,GA,1028.64,1,Noah Rhodes,Dylan Miller,2024-10-11,,,,,,,,,0,114.29%,$85.72,A,No Contract,"$1,028.64",900,$0.00,,,,,
si_00000394_0,cus_000003941676,Hiring,5021,usd,month,4,Thompson Ltd,billing@thompsonltd.com,2026-06-09,001000000000394AAA,2021-12-14,Active,001000000000394AAA,Thompson Ltd,IL,11247.36,8,,Carla Gray,2021-11-23,,,,,,,,Below Floor,469.92,66.95%,$200.84,D,No Contract,"$2,410.08",3600,"$1,189.92",,,,,
si_00000394_1,cus_000003941676,HR,6695,usd,month,4,Thompson Ltd,billing@thompsonltd.com,2026-06-09,001000000000394AAA,2021-12-14,Active,001000000000394AAA,Thompson Ltd,IL,11247.36,8,,Carla Gray,2021-11-23,,,,,,,,Below Floor,626.4,66.95%,$267.80,D,No Contract,"$3,213.60",4800,"$1,586.40",,,,,
si_00000395_0,cus_000003953626,Hiring,7973,usd,month,4,Marshall-Elliott,billing@marshallelliott.com,2026-06-03,001000000000395AAA,2023-11-24,Active,001000000000395AAA,Marshall-Elliott,OH,33214.08,4,,Lisa Jackson,2023-11-22,800000000000395AAA,2025-02-06,2026-02-05,TRUE,12,33214.08,4,,0,106.31%,$318.92,A,Expired M2M,"$3,827.04",3600,$0.00,,,,,
si_00000395_1,cus_000003953626,HR,10631,usd,month,4,Marshall-Elliott,billing@marshallelliott.com,2026-06-03,001000000000395AAA,2023-11-24,Active,001000000000395AAA,Marshall-Elliott,OH,33214.08,4,,Lisa Jackson,2023-11-22,800000000000395AAA,2025-02-06,2026-02-05,TRUE,12,33214.08,4,,0,106.31%,$425.24,A,Expired M2M,"$5,102.88",4800,$0.00,,,,,
si_00000395_2,cus_000003953626,Payroll,1488,usd,month,136,Marshall-Elliott,billing@marshallelliott.com,2026-06-03,001000000000395AAA,2023-11-24,Active,001000000000395AAA,Marshall-Elliott,OH,33214.08,4,,Lisa Jackson,2023-11-22,800000000000395AAA,2025-02-06,2026-02-05,TRUE,12,33214.08,4,,0,106.29%,"$2,023.68",A,Expired M2M,"$24,284.16",22848,$0.00,,,,,
si_00000396_0,cus_000003966878,Hiring,66900,usd,year,8,"Cole, Glass and Cunningham",billing@coleglassandcunningham.com,2026-06-13,001000000000396AAA,2026-05-08,Active,001000000000396AAA,"Cole, Glass and Cunningham",NC,12487.68,8,,Dylan Miller,2026-05-02,,,,,,,,Below Floor,408,74.33%,$446.00,D,No Contract,"$5,352.00",7200,"$1,848.00",,,,,
si_00000396_1,cus_000003966878,HR,89196,usd,year,8,"Cole, Glass and Cunningham",billing@coleglassandcunningham.com,2026-06-13,001000000000396AAA,2026-05-08,Active,001000000000396AAA,"Cole, Glass and Cunningham",NC,12487.68,8,,Dylan Miller,2026-05-02,,,,,,,,Below Floor,544.32,74.33%,$594.64,D,No Contract,"$7,135.68",9600,"$2,464.32",,,,,
si_00000397_0,cus_000003975136,Hiring,86112,usd,year,5,"Downs, Morris and Maddox",billing@downsmorrisandmaddox.com,2026-06-06,001000000000397AAA,2023-05-29,Active,001000000000397AAA,"Downs, Morris and Maddox",UT,10046.4,5,,Lisa Jackson,2023-05-14,800000000000397AAA,2022-07-29,2025-07-28,TRUE,36,10046.4,5,,0,95.68%,$358.80,B,Expired M2M,"$4,305.60",4500,$194.40,,,,,
si_00000397_1,cus_000003975136,HR,114816,usd,year,5,"Downs, Morris and Maddox",billing@downsmorrisandmaddox.com,2026-06-06,001000000000397AAA,2023-05-29,Active,001000000000397AAA,"Downs, Morris and Maddox",UT,10046.4,5,,Lisa Jackson,2023-05-14,800000000000397AAA,2022-07-29,2025-07-28,TRUE,36,10046.4,5,,0,95.68%,$478.40,B,Expired M2M,"$5,740.80",6000,$259.20,,,,,
si_00000398_0,cus_000003985972,Hiring,6928,usd,month,8,Hernandez-Jones,billing@hernandezjones.com,2026-06-06,001000000000398AAA,2024-08-10,Active,001000000000398AAA,Hernandez-Jones,CA,15519.36,8,Daniel Wagner,Brian Ramirez,2024-08-06,800000000000398AAA,2022-07-17,2024-07-16,TRUE,24,15519.36,8,,0,92.37%,$554.24,B,Expired M2M,"$6,650.88",7200,$549.12,,,,,
si_00000398_1,cus_000003985972,HR,9238,usd,month,8,Hernandez-Jones,billing@hernandezjones.com,2026-06-06,001000000000398AAA,2024-08-10,Active,001000000000398AAA,Hernandez-Jones,CA,15519.36,8,Daniel Wagner,Brian Ramirez,2024-08-06,800000000000398AAA,2022-07-17,2024-07-16,TRUE,24,15519.36,8,,0,92.38%,$739.04,B,Expired M2M,"$8,868.48",9600,$731.52,,,,,
si_00000399_0,cus_000003992508,Hiring,9375,usd,month,4,Welch-Hogan,billing@welchhogan.com,2026-06-13,001000000000399AAA,2024-05-17,Active,001000000000399AAA,Welch-Hogan,TX,4500,4,Connie Lawrence,Margaret Hawkins DDS,2024-04-25,800000000000399AAA,2026-05-12,2027-05-11,FALSE,12,4500,4,,0,125.00%,$375.00,A,Locked,"$4,500.00",3600,$0.00,,,,,
si_00000400_0,cus_000004009326,Hiring,8072,usd,month,2,"Brown, Romero and Collins",billing@brownromeroandcollins.com,2026-06-07,001000000000400AAA,2024-08-27,Active,001000000000400AAA,"Brown, Romero and Collins",IL,4520.4,2,,Jamie Arnold,2024-08-27,800000000000400AAA,2024-10-18,2026-10-17,FALSE,24,4520.4,2,,0,107.63%,$161.44,A,Locked,"$1,937.28",1800,$0.00,,,,,
si_00000400_1,cus_000004009326,HR,10763,usd,month,2,"Brown, Romero and Collins",billing@brownromeroandcollins.com,2026-06-07,001000000000400AAA,2024-08-27,Active,001000000000400AAA,"Brown, Romero and Collins",IL,4520.4,2,,Jamie Arnold,2024-08-27,800000000000400AAA,2024-10-18,2026-10-17,FALSE,24,4520.4,2,,0,107.63%,$215.26,A,Locked,"$2,583.12",2400,$0.00,,,,,
si_00000401_0,cus_000004014138,Hiring,6834,usd,month,2,Johnson-Wood,billing@johnsonwood.com,2026-06-12,001000000000401AAA,2022-10-29,Active,001000000000401AAA,Johnson-Wood,TN,1640.16,2,Angie Henderson,Michele Williams,2022-10-03,800000000000401AAA,2025-10-30,2026-10-29,FALSE,12,1640.16,2,,0,91.12%,$136.68,B,Locked,"$1,640.16",1800,$159.84,,,,,
si_00000402_0,cus_000004022869,Hiring,9375,usd,month,3,Jones-Lin,billing@joneslin.com,2026-06-10,001000000000402AAA,2024-11-03,Active,001000000000402AAA,Jones-Lin,TN,3375,3,,Carla Gray,2024-10-21,800000000000402AAA,2024-06-19,2025-06-18,TRUE,12,3375,3,,0,125.00%,$281.25,A,Expired M2M,"$3,375.00",2700,$0.00,,,,,
si_00000403_0,cus_000004039042,Hiring,6790,usd,month,5,Gilbert PLC,billing@gilbertplc.com,2026-06-06,001000000000403AAA,2023-04-11,Active,001000000000403AAA,Gilbert PLC,CA,7527.96,3,,Dylan Miller,2023-03-13,800000000000403AAA,2026-04-26,2027-04-25,FALSE,12,7527.96,3,,0,90.53%,$339.50,B,Locked,"$4,074.00",4500,$426.00,,,,,
si_00000403_1,cus_000004039042,HR,9053,usd,month,5,Gilbert PLC,billing@gilbertplc.com,2026-06-06,001000000000403AAA,2023-04-11,Active,001000000000403AAA,Gilbert PLC,CA,7527.96,3,,Dylan Miller,2023-03-13,800000000000403AAA,2026-04-26,2027-04-25,FALSE,12,7527.96,3,,0,90.53%,$452.65,B,Locked,"$5,431.80",6000,$568.20,,,,,
si_00000403_2,cus_000004039042,Payroll,1267,usd,month,20,Gilbert PLC,billing@gilbertplc.com,2026-06-06,001000000000403AAA,2023-04-11,Active,001000000000403AAA,Gilbert PLC,CA,7527.96,3,,Dylan Miller,2023-03-13,800000000000403AAA,2026-04-26,2027-04-25,FALSE,12,7527.96,3,,0,90.50%,$253.40,B,Locked,"$3,040.80",3360,$319.20,,,,,
si_00000404_0,cus_000004046552,Hiring,79932,usd,year,2,Ford-Spencer,billing@fordspencer.com,2026-06-02,001000000000404AAA,2024-06-10,Active,001000000000404AAA,Ford-Spencer,NC,8204.88,2,,Margaret Hawkins DDS,2024-05-21,800000000000404AAA,2025-06-30,2027-06-29,FALSE,24,8204.88,2,,0,88.81%,$133.22,C,Locked,"$1,598.64",1800,$201.36,,,,,
si_00000404_1,cus_000004046552,HR,106572,usd,year,2,Ford-Spencer,billing@fordspencer.com,2026-06-02,001000000000404AAA,2024-06-10,Active,001000000000404AAA,Ford-Spencer,NC,8204.88,2,,Margaret Hawkins DDS,2024-05-21,800000000000404AAA,2025-06-30,2027-06-29,FALSE,24,8204.88,2,,0,88.81%,$177.62,C,Locked,"$2,131.44",2400,$268.56,,,,,
si_00000404_2,cus_000004046552,Payroll,14916,usd,year,30,Ford-Spencer,billing@fordspencer.com,2026-06-02,001000000000404AAA,2024-06-10,Active,001000000000404AAA,Ford-Spencer,NC,8204.88,2,,Margaret Hawkins DDS,2024-05-21,800000000000404AAA,2025-06-30,2027-06-29,FALSE,24,8204.88,2,,0,88.79%,$372.90,C,Locked,"$4,474.80",5040,$565.20,,,,,
si_00000405_0,cus_000004056138,Hiring,5239,usd,month,4,"Huang, Cole and Pacheco",billing@huangcoleandpacheco.com,2026-06-08,001000000000405AAA,2024-07-15,Active,001000000000405AAA,"Huang, Cole and Pacheco",IL,14787.36,4,,Lisa Jackson,2024-07-07,,,,,,,,Below Floor,365.28,69.85%,$209.56,D,No Contract,"$2,514.72",3600,"$1,085.28",,,,,
si_00000405_1,cus_000004056138,HR,6986,usd,month,4,"Huang, Cole and Pacheco",billing@huangcoleandpacheco.com,2026-06-08,001000000000405AAA,2024-07-15,Active,001000000000405AAA,"Huang, Cole and Pacheco",IL,14787.36,4,,Lisa Jackson,2024-07-07,,,,,,,,Below Floor,486.72,69.86%,$279.44,D,No Contract,"$3,353.28",4800,"$1,446.72",,,,,
si_00000405_2,cus_000004056138,Payroll,978,usd,month,76,"Huang, Cole and Pacheco",billing@huangcoleandpacheco.com,2026-06-08,001000000000405AAA,2024-07-15,Active,001000000000405AAA,"Huang, Cole and Pacheco",IL,14787.36,4,,Lisa Jackson,2024-07-07,,,,,,,,Below Floor,1112.64,69.86%,$743.28,D,No Contract,"$8,919.36",12768,"$3,848.64",,,,,
si_00000406_0,cus_000004068866,Hiring,5278,usd,month,1,"Lopez, Jacobs and Mason",billing@lopezjacobsandmason.com,2026-06-11,001000000000406AAA,2022-08-24,Active,001000000000406AAA,"Lopez, Jacobs and Mason",CA,633.36,1,Connie Lawrence,Monica Herrera,2022-08-23,800000000000406AAA,2024-09-19,2025-09-18,TRUE,12,633.36,1,Below Floor,86.64,70.37%,$52.78,D,Expired M2M,$633.36,900,$266.64,,,,,
si_00000407_0,cus_000004070585,Hiring,7785,usd,month,3,Hayes LLC,billing@hayesllc.com,2026-03-30,001000000000407AAA,2024-07-08,Churned,001000000000407AAA,Hayes LLC,AZ,19616.4,3,,Holly Wood,2024-06-20,,,,,,,,,0,103.80%,$233.55,A,No Contract,"$2,802.60",2700,$0.00,,,,,
si_00000407_1,cus_000004070585,HR,10380,usd,month,3,Hayes LLC,billing@hayesllc.com,2026-03-30,001000000000407AAA,2024-07-08,Churned,001000000000407AAA,Hayes LLC,AZ,19616.4,3,,Holly Wood,2024-06-20,,,,,,,,,0,103.80%,$311.40,A,No Contract,"$3,736.80",3600,$0.00,,,,,
si_00000407_2,cus_000004070585,Payroll,1453,usd,month,75,Hayes LLC,billing@hayesllc.com,2026-03-30,001000000000407AAA,2024-07-08,Churned,001000000000407AAA,Hayes LLC,AZ,19616.4,3,,Holly Wood,2024-06-20,,,,,,,,,0,103.79%,"$1,089.75",A,No Contract,"$13,077.00",12600,$0.00,,,,,
si_00000408_0,cus_000004088375,Hiring,9375,usd,month,2,"Miller, Lucas and Williams",billing@millerlucasandwilliams.com,2026-06-01,001000000000408AAA,2021-12-10,Active,001000000000408AAA,"Miller, Lucas and Williams",WA,5250,2,,Derek Zuniga,2021-11-16,800000000000408AAA,2024-07-29,2025-07-28,TRUE,12,5250,2,,0,125.00%,$187.50,A,Expired M2M,"$2,250.00",1800,$0.00,,,,,
si_00000408_1,cus_000004088375,HR,12500,usd,month,2,"Miller, Lucas and Williams",billing@millerlucasandwilliams.com,2026-06-01,001000000000408AAA,2021-12-10,Active,001000000000408AAA,"Miller, Lucas and Williams",WA,5250,2,,Derek Zuniga,2021-11-16,800000000000408AAA,2024-07-29,2025-07-28,TRUE,12,5250,2,,0,125.00%,$250.00,A,Expired M2M,"$3,000.00",2400,$0.00,,,,,
si_00000409_0,cus_000004096777,Hiring,5161,usd,month,3,"Kim, Gonzales and Mills",billing@kimgonzalesandmills.com,2026-06-03,001000000000409AAA,2024-03-27,Active,001000000000409AAA,"Kim, Gonzales and Mills",PA,4335.48,3,,Jamie Arnold,2024-03-16,,,,,,,,Below Floor,302.04,68.81%,$154.83,D,No Contract,"$1,857.96",2700,$842.04,,,,,
si_00000409_1,cus_000004096777,HR,6882,usd,month,3,"Kim, Gonzales and Mills",billing@kimgonzalesandmills.com,2026-06-03,001000000000409AAA,2024-03-27,Active,001000000000409AAA,"Kim, Gonzales and Mills",PA,4335.48,3,,Jamie Arnold,2024-03-16,,,,,,,,Below Floor,402.48,68.82%,$206.46,D,No Contract,"$2,477.52",3600,"$1,122.48",,,,,
si_00000410_0,cus_000004103599,Hiring,8031,usd,month,8,Cox,billing@coxllc.com,2026-06-13,,2022-01-16,Active,,,,,,,,,,,,,,,,,0,107.08%,$642.48,A,No Contract,"$7,709.76",7200,$0.00,,,,,
si_00000410_1,cus_000004103599,HR,10708,usd,month,8,Cox,billing@coxllc.com,2026-06-13,,2022-01-16,Active,,,,,,,,,,,,,,,,,0,107.08%,$856.64,A,No Contract,"$10,279.68",9600,$0.00,,,,,
si_00000411_0,cus_000004114190,Hiring,5768,usd,month,1,ortiz-morgan,billing@ortizmorgan.com,2026-06-07,,2026-01-05,Active,,,,,,,,,,,,,,,,Below Floor,27.84,76.91%,$57.68,C,No Contract,$692.16,900,$207.84,,,,,
si_00000412_0,cus_000004129409,Hiring,6985,usd,month,1,"Williams, Mccoy and Cook",billing@williamsmccoyandcook.com,2026-06-01,001000000000412AAA,2022-09-22,Active,001000000000412AAA,"Williams, Mccoy and Cook",CA,7823.52,4,Cristian Santos,Brian Ramirez,2022-09-01,800000000000412AAA,2026-05-08,2027-05-07,FALSE,12,7823.52,4,,0,93.13%,$69.85,B,Locked,$838.20,900,$61.80,,,,,
si_00000412_1,cus_000004129409,HR,9314,usd,month,1,"Williams, Mccoy and Cook",billing@williamsmccoyandcook.com,2026-06-01,001000000000412AAA,2022-09-22,Active,001000000000412AAA,"Williams, Mccoy and Cook",CA,7823.52,4,Cristian Santos,Brian Ramirez,2022-09-01,800000000000412AAA,2026-05-08,2027-05-07,FALSE,12,7823.52,4,,0,93.14%,$93.14,B,Locked,"$1,117.68",1200,$82.32,,,,,
si_00000413_0,cus_000004131418,Hiring,6559,usd,month,8,Davis-Gregory,billing@davisgregory.com,2026-06-12,001000000000413AAA,2025-12-17,Active,001000000000413AAA,Davis-Gregory,FL,14691.84,8,,Monica Herrera,2025-12-09,,,,,,,,,0,87.45%,$524.72,C,No Contract,"$6,296.64",7200,$903.36,,,,,
si_00000413_1,cus_000004131418,HR,8745,usd,month,8,Davis-Gregory,billing@davisgregory.com,2026-06-12,001000000000413AAA,2025-12-17,Active,001000000000413AAA,Davis-Gregory,FL,14691.84,8,,Monica Herrera,2025-12-09,,,,,,,,,0,87.45%,$699.60,C,No Contract,"$8,395.20",9600,"$1,204.80",,,,,
si_00000414_0,cus_000004142594,Hiring,6984,usd,month,5,King-York,billing@kingyork.com,2026-06-14,,2026-01-23,Active,,,,,,,,,,,,,,,,,0,93.12%,$349.20,B,No Contract,"$4,190.40",4500,$309.60,,,,,
si_00000415_0,cus_000004158949,Hiring,5734,usd,month,1,"Marks,ok and",billing@markscookandaguilar.com,2026-06-06,,2023-10-02,Active,,,,,,,,,,,,,,,,Below Floor,31.92,76.45%,$57.34,C,No Contract,$688.08,900,$211.92,,,,,
si_00000415_1,cus_000004158949,HR,7645,usd,month,1,"Marks,ok and",billing@markscookandaguilar.com,2026-06-06,,2023-10-02,Active,,,,,,,,,,,,,,,,Below Floor,42.6,76.45%,$76.45,C,No Contract,$917.40,1200,$282.60,,,,,
si_00000415_2,cus_000004158949,Payroll,1070,usd,month,38,"Marks,ok and",billing@markscookandaguilar.com,2026-06-06,,2023-10-02,Active,,,,,,,,,,,,,,,,Below Floor,136.8,76.43%,$406.60,C,No Contract,"$4,879.20",6384,"$1,504.80",,,,,
si_00000416_0,cus_000004161607,Hiring,6135,usd,month,3,Rangel LLC,billing@rangelllc.com,2026-06-11,001000000000416AAA,2025-08-21,Active,001000000000416AAA,Rangel LLC,NC,7979.4,3,,Jamie Arnold,2025-08-17,800000000000416AAA,2025-12-07,2026-12-06,FALSE,12,7979.4,3,,0,81.80%,$184.05,C,Locked,"$2,208.60",2700,$491.40,,,,,
si_00000416_1,cus_000004161607,Payroll,1145,usd,month,42,Rangel LLC,billing@rangelllc.com,2026-06-11,001000000000416AAA,2025-08-21,Active,001000000000416AAA,Rangel LLC,NC,7979.4,3,,Jamie Arnold,2025-08-17,800000000000416AAA,2025-12-07,2026-12-06,FALSE,12,7979.4,3,,0,81.79%,$480.90,C,Locked,"$5,770.80",7056,"$1,285.20",,,,,
si_00000417_0,cus_000004178140,Hiring,64368,usd,year,6,"Hale, Myers and Larson",billing@halemyersandlarson.com,2026-06-10,001000000000417AAA,2023-10-26,Active,001000000000417AAA,"Hale, Myers and Larson",PA,24762.96,6,,Ryan Munoz,2023-10-06,,,,,,,,Below Floor,457.92,71.52%,$321.84,D,No Contract,"$3,862.08",5400,"$1,537.92",,,,,
si_00000417_1,cus_000004178140,Payroll,12012,usd,year,174,"Hale, Myers and Larson",billing@halemyersandlarson.com,2026-06-10,001000000000417AAA,2023-10-26,Active,001000000000417AAA,"Hale, Myers and Larson",PA,24762.96,6,,Ryan Munoz,2023-10-06,,,,,,,,Below Floor,2067.12,71.50%,"$1,741.74",D,No Contract,"$20,900.88",29232,"$8,331.12",,,,,
si_00000418_0,cus_000004185102,Hiring,6534,usd,month,4,Collins Group,billing@collinsgroup.com,2026-06-11,001000000000418AAA,2025-02-04,Active,001000000000418AAA,Collins Group,AZ,3136.32,4,Abigail Shaffer,Michele Williams,2025-01-18,800000000000418AAA,2024-10-29,2025-10-28,TRUE,12,3136.32,4,,0,87.12%,$261.36,C,Expired M2M,"$3,136.32",3600,$463.68,,,,,
si_00000419_0,cus_000004198483,Hiring,100908,usd,year,12,"Conner, Li and Santiago",billing@connerliandsantiago.com,2026-06-12,001000000000419AAA,2023-11-11,Active,001000000000419AAA,"Conner, Li and Santiago",TX,28254.24,12,,Dylan Miller,2023-10-18,800000000000419AAA,2025-04-16,2026-04-15,TRUE,12,28254.24,12,,0,112.12%,"$1,009.08",A,Expired M2M,"$12,108.96",10800,$0.00,,,,,
si_00000419_1,cus_000004198483,HR,134544,usd,year,12,"Conner, Li and Santiago",billing@connerliandsantiago.com,2026-06-12,001000000000419AAA,2023-11-11,Active,001000000000419AAA,"Conner, Li and Santiago",TX,28254.24,12,,Dylan Miller,2023-10-18,800000000000419AAA,2025-04-16,2026-04-15,TRUE,12,28254.24,12,,0,112.12%,"$1,345.44",A,Expired M2M,"$16,145.28",14400,$0.00,,,,,
si_orphan000,cus_orphan0000872,Hiring,7500,usd,month,2,"Osborn, Gaines and Davis",billing@osborngainesanddavis.com,2026-06-10,,2026-05-01,Active,,,,,,,,,,,,,,,,,,100.00%,$150.00,A,No Contract,"$1,800.00",1800,$0.00,,,,,
si_orphan001,cus_orphan0016369,Hiring,7500,usd,month,2,"Henderson, Cox and Cox",billing@hendersoncoxandcox.com,2026-06-12,,2026-03-22,Active,,,,,,,,,,,,,,,,,,100.00%,$150.00,A,No Contract,"$1,800.00",1800,$0.00,,,,,
si_orphan002,cus_orphan0025248,Hiring,7500,usd,month,1,Bean LLC,billing@beanllc.com,2026-06-05,,2026-05-11,Active,,,,,,,,,,,,,,,,,,100.00%,$75.00,A,No Contract,$900.00,900,$0.00,,,,,
si_orphan003,cus_orphan0037798,Hiring,7500,usd,month,3,Lee-Cooke,billing@leecooke.com,2026-06-05,,2025-06-18,Active,,,,,,,,,,,,,,,,,,100.00%,$225.00,A,No Contract,"$2,700.00",2700,$0.00,,,,,
si_orphan004,cus_orphan0048387,Hiring,7500,usd,month,2,"Wise, Conley and Stephenson",billing@wiseconleyandstephenson.com,2026-06-08,,2025-05-27,Active,,,,,,,,,,,,,,,,,,100.00%,$150.00,A,No Contract,"$1,800.00",1800,$0.00,,,,,
si_orphan005,cus_orphan0059030,Hiring,7500,usd,month,3,Stanley PLC,billing@stanleyplc.com,2026-06-10,,2025-12-03,Active,,,,,,,,,,,,,,,,,,100.00%,$225.00,A,No Contract,"$2,700.00",2700,$0.00,,,,,
si_orphan006,cus_orphan0063983,Hiring,7500,usd,month,2,Harper and Sons,billing@harperandsons.com,2026-06-13,,2025-06-19,Active,,,,,,,,,,,,,,,,,,100.00%,$150.00,A,No Contract,"$1,800.00",1800,$0.00,,,,,