stripe_customer_id,name,email,last_billing_date,metadata_salesforce_id,created,subscription_item_id,price_nickname,unit_amount,currency,billing_interval,quantity,account_id,account_name,billing_state,customer_arr__c,number_of_locations__c,csm_name__c,account_ae,created_date,contract_id,start_date,end_date,contract_term_months,acv__c,number_of_licenses__c
cus_000000004778,Perz,billing@perezinc.com,2026-06-14,,2022-06-29,si_00000000_0,Hiring,6698,usd,month,4,,,,,,,,,,,,,,
cus_000000010476,Morales-Jones,billing@moralesjones.com,2026-06-01,001000000000001AAA,2022-03-25,si_00000001_0,Hiring,6916,usd,month,2,001000000000001AAA,Morales-Jones,NC,3873.12,2,,Michele Williams,2022-02-27,800000000000001AAA,2025-12-02,2026-12-01,12,3873.12,2
cus_000000010476,Morales-Jones,billing@moralesjones.com,2026-06-01,001000000000001AAA,2022-03-25,si_00000001_1,HR,9222,usd,month,2,001000000000001AAA,Morales-Jones,NC,3873.12,2,,Michele Williams,2022-02-27,800000000000001AAA,2025-12-02,2026-12-01,12,3873.12,2
cus_000000024666,"Walter, Edwards and Rios",billing@walteredwardsandrios.com,2026-06-15,001000000000002AAA,2025-08-01,si_00000002_0,Hiring,7858,usd,month,1,001000000000002AAA,"Walter, Edwards and Rios",PA,1885.92,2,Noah Rhodes,Lisa Jackson,2025-07-12,800000000000002AAA,2025-08-19,2027-08-18,24,1885.92,2
cus_000000039108,Wilkerson-Day,billing@wilkersonday.com,2026-06-10,001000000000003AAA,2022-11-02,si_00000003_0,Hiring,5956,usd,month,6,001000000000003AAA,Wilkerson-Day,PA,20414.88,6,,Lisa Hensley,2022-10-23,800000000000003AAA,2023-08-28,2025-08-27,24,20414.88,6
cus_000000039108,Wilkerson-Day,billing@wilkersonday.com,2026-06-10,001000000000003AAA,2022-11-02,si_00000003_1,HR,7942,usd,month,6,001000000000003AAA,Wilkerson-Day,PA,20414.88,6,,Lisa Hensley,2022-10-23,800000000000003AAA,2023-08-28,2025-08-27,24,20414.88,6
cus_000000039108,Wilkerson-Day,billing@wilkersonday.com,2026-06-10,001000000000003AAA,2022-11-02,si_00000003_2,Payroll,1112,usd,month,78,001000000000003AAA,Wilkerson-Day,PA,20414.88,6,,Lisa Hensley,2022-10-23,800000000000003AAA,2023-08-28,2025-08-27,24,20414.88,6
cus_000000046219,Baker and Sons,billing@bakerandsons.com,2026-06-15,001000000000004AAA,2024-12-03,si_00000004_0,Hiring,7317,usd,month,6,001000000000004AAA,Baker and Sons,FL,30979.44,6,,Michele Williams,2024-12-03,800000000000004AAA,2026-03-17,2028-03-16,24,30979.44,6
cus_000000046219,Baker and Sons,billing@bakerandsons.com,2026-06-15,001000000000004AAA,2024-12-03,si_00000004_1,HR,9756,usd,month,6,001000000000004AAA,Baker and Sons,FL,30979.44,6,,Michele Williams,2024-12-03,800000000000004AAA,2026-03-17,2028-03-16,24,30979.44,6
cus_000000046219,Baker and Sons,billing@bakerandsons.com,2026-06-15,001000000000004AAA,2024-12-03,si_00000004_2,Payroll,1366,usd,month,114,001000000000004AAA,Baker and Sons,FL,30979.44,6,,Michele Williams,2024-12-03,800000000000004AAA,2026-03-17,2028-03-16,24,30979.44,6
cus_000000058849,"Hoffman, Baker and Richards",billing@hoffmanbakerandrichards.com,2026-06-09,001000000000005AAA,2025-08-30,si_00000005_0,Hiring,6992,usd,month,1,001000000000005AAA,"Hoffman, Baker and Richards",IL,839.04,1,,Carla Gray,2025-08-29,,,,,,
cus_000000065410,"Ross, Robinson and Bright",billing@rossrobinsonandbright.com,2026-06-05,001000000000006AAA,2026-05-04,si_00000006_0,Hiring,6667,usd,month,9,001000000000006AAA,"Ross, Robinson and Bright",NC,34281.36,9,,Dylan Miller,2026-04-24,800000000000006AAA,2024-02-16,2026-02-15,24,34281.36,9
cus_000000065410,"Ross, Robinson and Bright",billing@rossrobinsonandbright.com,2026-06-05,001000000000006AAA,2026-05-04,si_00000006_1,HR,8890,usd,month,9,001000000000006AAA,"Ross, Robinson and Bright",NC,34281.36,9,,Dylan Miller,2026-04-24,800000000000006AAA,2024-02-16,2026-02-15,24,34281.36,9
cus_000000065410,"Ross, Robinson and Bright",billing@rossrobinsonandbright.com,2026-06-05,001000000000006AAA,2026-05-04,si_00000006_2,Payroll,1245,usd,month,117,001000000000006AAA,"Ross, Robinson and Bright",NC,34281.36,9,,Dylan Miller,2026-04-24,800000000000006AAA,2024-02-16,2026-02-15,24,34281.36,9
cus_000000070357,"Snyder, Campos & Callahan",billing@snydercamposandcallahan.com,2026-06-15,,2023-06-28,si_00000007_0,Hiring,91284,usd,year,2,,,,,,,,,,,,,,
cus_000000070357,"Snyder, Campos & Callahan",billing@snydercamposandcallahan.com,2026-06-15,,2023-06-28,si_00000007_1,HR,121704,usd,year,2,,,,,,,,,,,,,,
cus_000000070357,"Snyder, Campos & Callahan",billing@snydercamposandcallahan.com,2026-06-15,,2023-06-28,si_00000007_2,Payroll,17040,usd,year,14,,,,,,,,,,,,,,
cus_000000081668,Burton Ltd,billing@burtonltd.com,2026-06-11,001000000000008AAA,2026-01-16,si_00000008_0,Hiring,4500,usd,month,2,001000000000008AAA,Burton Ltd,CA,1080.00,2,,Carla Gray,2026-01-08,,,,,,
cus_000000091893,Carlson-Cruz,billing@carlsoncruz.com,2026-06-11,001000000000009AAA,2024-04-17,si_00000009_0,Hiring,101424,usd,year,1,001000000000009AAA,Carlson-Cruz,PA,1014.24,1,,Margaret Hawkins DDS,2024-04-14,800000000000009AAA,2025-10-11,2027-10-10,24,1014.24,1
cus_000000102301,"Ferrell, Rice and",billing@ferrellriceandmaddox.com,2026-06-06,,2025-04-14,si_00000010_0,Hiring,5400,usd,month,5,,,,,,,,,,,,,,
cus_000000102301,"Ferrell, Rice and",billing@ferrellriceandmaddox.com,2026-06-06,,2025-04-14,si_00000010_1,HR,7200,usd,month,5,,,,,,,,,,,,,,
cus_000000116902,Frazier Inc,billing@frazierinc.com,2026-06-09,001000000000011AAA,2025-04-04,si_00000011_0,Hiring,6883,usd,month,5,001000000000011AAA,Frazier Inc,UT,9636.00,5,,Margaret Hawkins DDS,2025-03-12,,,,,,
cus_000000116902,Frazier Inc,billing@frazierinc.com,2026-06-09,001000000000011AAA,2025-04-04,si_00000011_1,HR,9177,usd,month,5,001000000000011AAA,Frazier Inc,UT,9636.00,5,,Margaret Hawkins DDS,2025-03-12,,,,,,
cus_000000127155,"Dyer, Potter and Mack",billing@dyerpotterandmack.com,2026-06-14,001000000000012AAA,2023-10-27,si_00000012_0,Hiring,5480,usd,month,3,001000000000012AAA,"Dyer, Potter and Mack",CO,7671.60,5,Allison Hill,Michele Williams,2023-10-16,,,,,,
cus_000000127155,"Dyer, Potter and Mack",billing@dyerpotterandmack.com,2026-06-14,001000000000012AAA,2023-10-27,si_00000012_1,HR,7306,usd,month,3,001000000000012AAA,"Dyer, Potter and Mack",CO,7671.60,5,Allison Hill,Michele Williams,2023-10-16,,,,,,
cus_000000139001,rodriguez-graham,billing@rodriguezgraham.com,2026-06-08,,2023-01-22,si_00000013_0,HR,9818,usd,month,5,,,,,,,,,,,,,,
cus_000000141108,Sith-Bowen,billing@smithbowen.com,2026-06-04,,2022-08-08,si_00000014_0,Hiring,6410,usd,month,4,,,,,,,,,,,,,,
cus_000000141108,Sith-Bowen,billing@smithbowen.com,2026-06-04,,2022-08-08,si_00000014_1,HR,8547,usd,month,4,,,,,,,,,,,,,,
cus_000000153912,"Baker, Mason and White",billing@bakermasonandwhite.com,2026-06-07,001000000000015AAA,2023-09-21,si_00000015_0,Hiring,92544,usd,year,15,001000000000015AAA,"Baker, Mason and White",PA,43188.00,20,Allison Hill,Dylan Miller,2023-09-01,,,,,,
cus_000000153912,"Baker, Mason and White",billing@bakermasonandwhite.com,2026-06-07,001000000000015AAA,2023-09-21,si_00000015_1,HR,123396,usd,year,15,001000000000015AAA,"Baker, Mason and White",PA,43188.00,20,Allison Hill,Dylan Miller,2023-09-01,,,,,,
cus_000000160455,Harrell LLC,billing@harrellllc.com,2026-06-14,001000000000016AAA,2024-02-06,si_00000016_0,Hiring,9375,usd,month,4,001000000000016AAA,Harrell LLC,CO,43260.00,4,,Monica Herrera,2024-01-30,,,,,,
cus_000000160455,Harrell LLC,billing@harrellllc.com,2026-06-14,001000000000016AAA,2024-02-06,si_00000016_1,HR,12500,usd,month,4,001000000000016AAA,Harrell LLC,CO,43260.00,4,,Monica Herrera,2024-01-30,,,,,,
cus_000000160455,Harrell LLC,billing@harrellllc.com,2026-06-14,001000000000016AAA,2024-02-06,si_00000016_2,Payroll,1750,usd,month,156,001000000000016AAA,Harrell LLC,CO,43260.00,4,,Monica Herrera,2024-01-30,,,,,,
cus_000000173336,"Romero, Gonzalez and Brooks",billing@romerogonzalezandbrooks.com,2026-06-10,001000000000017AAA,2022-08-16,si_00000017_0,Hiring,89772,usd,year,5,001000000000017AAA,"Romero, Gonzalez and Brooks",GA,4488.60,5,,Lisa Jackson,2022-07-26,800000000000017AAA,2024-04-13,2025-04-12,12,4488.60,5
cus_000000189614,Ryan,billing@ryanplc.com,2026-06-01,,2024-03-30,si_00000018_0,Hiring,6681,usd,month,4,,,,,,,,,,,,,,
cus_000000189614,Ryan,billing@ryanplc.com,2026-06-01,,2024-03-30,si_00000018_1,HR,8909,usd,month,4,,,,,,,,,,,,,,
cus_000000193362,George Group,billing@georgegroup.com,2026-05-01,001000000000019AAA,2023-10-18,si_00000019_0,Hiring,66408,usd,year,5,001000000000019AAA,George Group,TX,7747.80,5,,Brian Ramirez,2023-09-24,800000000000019AAA,2026-04-28,2028-04-27,24,7747.80,5
cus_000000193362,George Group,billing@georgegroup.com,2026-05-01,001000000000019AAA,2023-10-18,si_00000019_1,HR,88548,usd,year,5,001000000000019AAA,George Group,TX,7747.80,5,,Brian Ramirez,2023-09-24,800000000000019AAA,2026-04-28,2028-04-27,24,7747.80,5
cus_000000201072,Rodriguez LLC,billing@rodriguezllc.com,2026-06-02,001000000000020AAA,2023-09-05,si_00000020_0,Hiring,65796,usd,year,1,001000000000020AAA,Rodriguez LLC,AZ,2867.64,1,,Brian Ramirez,2023-09-02,,,,,,
cus_000000201072,Rodriguez LLC,billing@rodriguezllc.com,2026-06-02,001000000000020AAA,2023-09-05,si_00000020_1,Payroll,12276,usd,year,18,001000000000020AAA,Rodriguez LLC,AZ,2867.64,1,,Brian Ramirez,2023-09-02,,,,,,
cus_000000212011,Allen-Allen,billing@allenallen.com,2026-06-10,001000000000021AAA,2023-07-04,si_00000021_0,Hiring,7622,usd,month,10,001000000000021AAA,Allen-Allen,NY,75985.20,10,,Lisa Jackson,2023-06-26,800000000000021AAA,2023-07-17,2024-07-16,12,75985.20,10
cus_000000212011,Allen-Allen,billing@allenallen.com,2026-06-10,001000000000021AAA,2023-07-04,si_00000021_1,HR,10163,usd,month,10,001000000000021AAA,Allen-Allen,NY,75985.20,10,,Lisa Jackson,2023-06-26,800000000000021AAA,2023-07-17,2024-07-16,12,75985.20,10
cus_000000212011,Allen-Allen,billing@allenallen.com,2026-06-10,001000000000021AAA,2023-07-04,si_00000021_2,Payroll,1423,usd,month,320,001000000000021AAA,Allen-Allen,NY,75985.20,10,,Lisa Jackson,2023-06-26,800000000000021AAA,2023-07-17,2024-07-16,12,75985.20,10
cus_000000224615,"Arroyo, Miller nd Tucker",billing@arroyomillerandtucker.com,2026-06-02,,2022-02-15,si_00000022_0,Hiring,6015,usd,month,3,,,,,,,,,,,,,,
cus_000000232114,Spence,billing@spenceplc.com,2026-06-04,,2024-08-15,si_00000023_0,Hiring,5435,usd,month,1,,,,,,,,,,,,,,
cus_000000232114,Spence,billing@spenceplc.com,2026-06-04,,2024-08-15,si_00000023_1,HR,7247,usd,month,1,,,,,,,,,,,,,,
cus_000000249760,Anderson Group,billing@andersongroup.com,2026-05-11,001000000000024AAA,2022-09-01,si_00000024_0,Hiring,7391,usd,month,1,001000000000024AAA,Anderson Group,WA,15399.60,2,Gabrielle Davis,Lisa Jackson,2022-08-18,,,,,,
cus_000000249760,Anderson Group,billing@andersongroup.com,2026-05-11,001000000000024AAA,2022-09-01,si_00000024_1,HR,9854,usd,month,1,001000000000024AAA,Anderson Group,WA,15399.60,2,Gabrielle Davis,Lisa Jackson,2022-08-18,,,,,,
cus_000000249760,Anderson Group,billing@andersongroup.com,2026-05-11,001000000000024AAA,2022-09-01,si_00000024_2,Payroll,1380,usd,month,34,001000000000024AAA,Anderson Group,WA,15399.60,2,Gabrielle Davis,Lisa Jackson,2022-08-18,,,,,,
cus_000000255507,"Martin, Rose and Obrien",billing@martinroseandobrien.com,2026-06-14,001000000000025AAA,2022-09-25,si_00000025_0,Hiring,7032,usd,month,2,001000000000025AAA,"Martin, Rose and Obrien",NC,1687.68,2,Allison Hill,Jamie Arnold,2022-08-29,,,,,,
cus_000000263053,Hickman Ltd,billing@hickmanltd.com,2026-06-13,001000000000026AAA,2022-06-04,si_00000026_0,Hiring,8378,usd,month,7,001000000000026AAA,Hickman Ltd,WA,11058.96,11,,Dylan Miller,2022-05-21,,,,,,
cus_000000275318,"Harris, Collins and Carney",billing@harriscollinsandcarney.com,2026-06-01,001000000000027AAA,2023-03-16,si_00000027_0,HR,121536,usd,year,3,001000000000027AAA,"Harris, Collins and Carney",NC,3646.08,3,,Holly Wood,2023-03-08,800000000000027AAA,2022-07-25,2025-07-24,36,3646.08,3
cus_000000280546,"Brooks, Lam and Hayes",billing@brookslamandhayes.com,2026-06-04,001000000000028AAA,2023-08-03,si_00000028_0,Hiring,9375,usd,month,2,001000000000028AAA,"Brooks, Lam and Hayes",UT,5250.00,2,,Jamie Arnold,2023-07-26,,,,,,
cus_000000280546,"Brooks, Lam and Hayes",billing@brookslamandhayes.com,2026-06-04,001000000000028AAA,2023-08-03,si_00000028_1,HR,12500,usd,month,2,001000000000028AAA,"Brooks, Lam and Hayes",UT,5250.00,2,,Jamie Arnold,2023-07-26,,,,,,
cus_000000291123,Walker LLC,billing@walkerllc.com,2026-06-03,001000000000029AAA,2024-10-18,si_00000029_0,Hiring,7048,usd,month,1,001000000000029AAA,Walker LLC,CA,845.76,1,Allison Hill,Carla Gray,2024-09-28,800000000000029AAA,2025-01-15,2026-01-14,12,845.76,1
cus_000000300071,Chapman and Sons,billing@chapmanandsons.com,2026-06-09,001000000000030AAA,2025-08-18,si_00000030_0,Hiring,5107,usd,month,3,001000000000030AAA,Chapman and Sons,TX,4289.76,3,,Margaret Hawkins DDS,2025-08-09,,,,,,
cus_000000300071,Chapman and Sons,billing@chapmanandsons.com,2026-06-09,001000000000030AAA,2025-08-18,si_00000030_1,HR,6809,usd,month,3,001000000000030AAA,Chapman and Sons,TX,4289.76,3,,Margaret Hawkins DDS,2025-08-09,,,,,,
cus_000000318841,"Robinson, Jones and",billing@robinsonjonesandwelch.com,2026-06-13,,2022-10-08,si_00000031_0,Hiring,7590,usd,month,5,,,,,,,,,,,,,,
cus_000000318841,"Robinson, Jones and",billing@robinsonjonesandwelch.com,2026-06-13,,2022-10-08,si_00000031_1,HR,10120,usd,month,5,,,,,,,,,,,,,,
cus_000000318841,"Robinson, Jones and",billing@robinsonjonesandwelch.com,2026-06-13,,2022-10-08,si_00000031_2,Payroll,1417,usd,month,75,,,,,,,,,,,,,,
cus_000000326684,Jones Inc,billing@jonesinc.com,2026-06-03,001000000000032AAA,2022-12-13,si_00000032_0,Hiring,6519,usd,month,2,001000000000032AAA,Jones Inc,CA,13581.60,2,,Monica Herrera,2022-12-05,,,,,,
cus_000000326684,Jones Inc,billing@jonesinc.com,2026-06-03,001000000000032AAA,2022-12-13,si_00000032_1,HR,8693,usd,month,2,001000000000032AAA,Jones Inc,CA,13581.60,2,,Monica Herrera,2022-12-05,,,,,,
cus_000000326684,Jones Inc,billing@jonesinc.com,2026-06-03,001000000000032AAA,2022-12-13,si_00000032_2,Payroll,1217,usd,month,68,001000000000032AAA,Jones Inc,CA,13581.60,2,,Monica Herrera,2022-12-05,,,,,,
cus_000000336322,Jones-Young,billing@jonesyoung.com,2026-05-07,001000000000033AAA,2024-06-08,si_00000033_0,Hiring,8079,usd,month,4,001000000000033AAA,Jones-Young,CO,9048.48,4,,Lisa Hensley,2024-06-02,,,,,,
cus_000000336322,Jones-Young,billing@jonesyoung.com,2026-05-07,001000000000033AAA,2024-06-08,si_00000033_1,HR,10772,usd,month,4,001000000000033AAA,Jones-Young,CO,9048.48,4,,Lisa Hensley,2024-06-02,,,,,,
cus_000000346354,"Washington, Ryan and Cummings",billing@washingtonryanandcummings.com,2026-06-13,001000000000034AAA,2024-01-05,si_00000034_0,Hiring,8340,usd,month,1,001000000000034AAA,"Washington, Ryan and Cummings",OH,7353.36,1,,Ryan Munoz,2023-12-16,,,,,,
cus_000000346354,"Washington, Ryan and Cummings",billing@washingtonryanandcummings.com,2026-06-13,001000000000034AAA,2024-01-05,si_00000034_1,Payroll,1557,usd,month,34,001000000000034AAA,"Washington, Ryan and Cummings",OH,7353.36,1,,Ryan Munoz,2023-12-16,,,,,,
cus_000000358760,"Johnston, Sanchez and Kennedy",billing@johnstonsanchezandkennedy.com,2026-06-06,001000000000035AAA,2023-06-27,si_00000035_0,Hiring,4500,usd,month,4,001000000000035AAA,"Johnston, Sanchez and Kennedy",OH,2160.00,4,,Margaret Hawkins DDS,2023-05-31,800000000000035AAA,2026-02-09,2027-02-08,12,2160.00,4
cus_000000360239,Lee-Davis,billing@leedavis.com,2026-01-19,,2023-01-26,si_00000036_0,Hiring,6553,usd,month,1,,,,,,,,,,,,,,
cus_000000360239,Lee-Davis,billing@leedavis.com,2026-01-19,,2023-01-26,si_00000036_1,HR,8738,usd,month,1,,,,,,,,,,,,,,
cus_000000360239,Lee-Davis,billing@leedavis.com,2026-01-19,,2023-01-26,si_00000036_2,Payroll,1223,usd,month,33,,,,,,,,,,,,,,
cus_000000373215,Gomez-Jenkins,billing@gomezjenkins.com,2026-05-01,001000000000037AAA,2025-12-24,si_00000037_0,Hiring,5203,usd,month,2,001000000000037AAA,Gomez-Jenkins,WA,7284.00,5,Angie Henderson,Carla Gray,2025-12-06,800000000000037AAA,2026-05-03,2028-05-02,24,7284.00,5
cus_000000373215,Gomez-Jenkins,billing@gomezjenkins.com,2026-05-01,001000000000037AAA,2025-12-24,si_00000037_1,HR,6937,usd,month,2,001000000000037AAA,Gomez-Jenkins,WA,7284.00,5,Angie Henderson,Carla Gray,2025-12-06,800000000000037AAA,2026-05-03,2028-05-02,24,7284.00,5
cus_000000388541,"Brown, Valdez and Lucas",billing@brownvaldezandlucas.com,2026-05-05,001000000000038AAA,2023-11-22,si_00000038_0,Hiring,4500,usd,month,2,001000000000038AAA,"Brown, Valdez and Lucas",CO,5515.20,2,Gina Moore,Jamie Arnold,2023-11-15,,,,,,
cus_000000388541,"Brown, Valdez and Lucas",billing@brownvaldezandlucas.com,2026-05-05,001000000000038AAA,2023-11-22,si_00000038_1,Payroll,840,usd,month,44,001000000000038AAA,"Brown, Valdez and Lucas",CO,5515.20,2,Gina Moore,Jamie Arnold,2023-11-15,,,,,,
cus_000000398932,Powell LLC,billing@powellllc.com,2026-06-10,001000000000039AAA,2024-11-20,si_00000039_0,Hiring,7956,usd,month,1,001000000000039AAA,Powell LLC,TX,5078.76,1,,Monica Herrera,2024-10-25,800000000000039AAA,2025-09-02,2026-09-01,12,5078.76,1
cus_000000398932,Powell LLC,billing@powellllc.com,2026-06-10,001000000000039AAA,2024-11-20,si_00000039_1,HR,10607,usd,month,1,001000000000039AAA,Powell LLC,TX,5078.76,1,,Monica Herrera,2024-10-25,800000000000039AAA,2025-09-02,2026-09-01,12,5078.76,1
cus_000000398932,Powell LLC,billing@powellllc.com,2026-06-10,001000000000039AAA,2024-11-20,si_00000039_2,Payroll,1485,usd,month,16,001000000000039AAA,Powell LLC,TX,5078.76,1,,Monica Herrera,2024-10-25,800000000000039AAA,2025-09-02,2026-09-01,12,5078.76,1
cus_000000409139,Wright and Sons,billing@wrightandsons.com,2026-06-12,001000000000040AAA,2024-04-27,si_00000040_0,Hiring,7101,usd,month,5,001000000000040AAA,Wright and Sons,UT,9941.40,5,,Brian Ramirez,2024-04-25,800000000000040AAA,2023-03-06,2025-03-05,24,9941.40,5
cus_000000409139,Wright and Sons,billing@wrightandsons.com,2026-06-12,001000000000040AAA,2024-04-27,si_00000040_1,HR,9468,usd,month,5,001000000000040AAA,Wright and Sons,UT,9941.40,5,,Brian Ramirez,2024-04-25,800000000000040AAA,2023-03-06,2025-03-05,24,9941.40,5
cus_000000422931,Baxter Inc,billing@baxterinc.com,2026-06-11,001000000000042AAA,2025-03-12,si_00000042_0,HR,134568,usd,year,1,001000000000042AAA,Baxter Inc,OH,2691.36,2,,Lisa Jackson,2025-03-09,800000000000042AAA,2026-03-29,2027-03-28,12,2691.36,2
cus_000000431203,Morton-Chase,billing@mortonchase.com,2026-06-07,001000000000043AAA,2026-02-15,si_00000043_0,Hiring,7999,usd,month,2,001000000000043AAA,Morton-Chase,CA,4479.36,2,,Lisa Hensley,2026-02-14,,,,,,
cus_000000431203,Morton-Chase,billing@mortonchase.com,2026-06-07,001000000000043AAA,2026-02-15,si_00000043_1,HR,10665,usd,month,2,001000000000043AAA,Morton-Chase,CA,4479.36,2,,Lisa Hensley,2026-02-14,,,,,,
cus_000000444399,Williams PLC,billing@williamsplc.com,2026-03-20,001000000000044AAA,2023-08-18,si_00000044_0,Hiring,109176,usd,year,2,001000000000044AAA,Williams PLC,CA,5094.72,2,Angie Henderson,Monica Herrera,2023-08-16,,,,,,
cus_000000444399,Williams PLC,billing@williamsplc.com,2026-03-20,001000000000044AAA,2023-08-18,si_00000044_1,HR,145560,usd,year,2,001000000000044AAA,Williams PLC,CA,5094.72,2,Angie Henderson,Monica Herrera,2023-08-16,,,,,,
cus_000000452957,Novak and Sons,billing@novakandsons.com,2026-05-02,001000000000045AAA,2025-02-20,si_00000045_0,Hiring,4614,usd,month,4,001000000000045AAA,Novak and Sons,NY,3322.08,6,,Jamie Arnold,2025-01-22,,,,,,
cus_000000468837,Russell Group,billing@russellgroup.com,2026-06-03,001000000000046AAA,2025-01-05,si_00000046_0,Hiring,8124,usd,month,8,001000000000046AAA,Russell Group,PA,18197.76,8,,Derek Zuniga,2024-12-08,,,,,,
cus_000000468837,Russell Group,billing@russellgroup.com,2026-06-03,001000000000046AAA,2025-01-05,si_00000046_1,HR,10832,usd,month,8,001000000000046AAA,Russell Group,PA,18197.76,8,,Derek Zuniga,2024-12-08,,,,,,
cus_000000470366,Hancock Inc,billing@hancockinc.com,2026-06-07,001000000000047AAA,2026-01-12,si_00000047_0,Hiring,5366,usd,month,1,001000000000047AAA,Hancock Inc,CO,6010.08,4,,Michele Williams,2025-12-24,,,,,,
cus_000000470366,Hancock Inc,billing@hancockinc.com,2026-06-07,001000000000047AAA,2026-01-12,si_00000047_1,HR,7155,usd,month,1,001000000000047AAA,Hancock Inc,CO,6010.08,4,,Michele Williams,2025-12-24,,,,,,
cus_000000486338,Gray Group,billing@graygroup.com,2026-05-05,001000000000048AAA,2023-09-04,si_00000048_0,Hiring,8469,usd,month,3,001000000000048AAA,Gray Group,NC,14432.04,3,Abigail Shaffer,Brian Ramirez,2023-09-01,,,,,,
cus_000000486338,Gray Group,billing@graygroup.com,2026-05-05,001000000000048AAA,2023-09-04,si_00000048_1,Payroll,1581,usd,month,60,001000000000048AAA,Gray Group,NC,14432.04,3,Abigail Shaffer,Brian Ramirez,2023-09-01,,,,,,
cus_000000499060,House-Glover,billing@houseglover.com,2026-05-02,001000000000049AAA,2024-07-03,si_00000049_0,Hiring,6445,usd,month,3,001000000000049AAA,House-Glover,NY,2320.20,3,,Jamie Arnold,2024-06-21,,,,,,
cus_000000509765,Henderson-Bernard,billing@hendersonbernard.com,2026-06-04,001000000000050AAA,2023-03-11,si_00000050_0,Hiring,6966,usd,month,4,001000000000050AAA,Henderson-Bernard,CO,3343.68,4,,Carla Gray,2023-03-08,800000000000050AAA,2025-12-29,2026-12-28,12,3343.68,4
cus_000000516500,"Stanley, Tucker and Lee",billing@stanleytuckerandlee.com,2026-06-10,001000000000051AAA,2026-04-21,si_00000051_0,Hiring,7302,usd,month,9,001000000000051AAA,"Stanley, Tucker and Lee",OH,7886.16,9,,Dylan Miller,2026-04-18,,,,,,
cus_000000529498,Novak PLC,billing@novakplc.com,2026-05-14,001000000000052AAA,2023-04-20,si_00000052_0,Hiring,5178,usd,month,5,001000000000052AAA,Novak PLC,CA,10376.16,4,,Dylan Miller,2023-04-02,800000000000052AAA,2026-01-16,2028-01-15,24,10376.16,4
cus_000000529498,Novak PLC,billing@novakplc.com,2026-05-14,001000000000052AAA,2023-04-20,si_00000052_1,Payroll,967,usd,month,85,001000000000052AAA,Novak PLC,CA,10376.16,4,,Dylan Miller,2023-04-02,800000000000052AAA,2026-01-16,2028-01-15,24,10376.16,4
cus_000000540756,"Woods, Calhoun and Schmidt",billing@woodscalhounandschmidt.com,2026-06-04,001000000000054AAA,2022-07-12,si_00000054_0,Hiring,6704,usd,month,3,001000000000054AAA,"Woods, Calhoun and Schmidt",TX,20493.36,3,Abigail Shaffer,Ryan Munoz,2022-07-06,800000000000054AAA,2026-02-06,2027-02-05,12,20493.36,3
cus_000000540756,"Woods, Calhoun and Schmidt",billing@woodscalhounandschmidt.com,2026-06-04,001000000000054AAA,2022-07-12,si_00000054_1,HR,8939,usd,month,3,001000000000054AAA,"Woods, Calhoun and Schmidt",TX,20493.36,3,Abigail Shaffer,Ryan Munoz,2022-07-06,800000000000054AAA,2026-02-06,2027-02-05,12,20493.36,3
cus_000000540756,"Woods, Calhoun and Schmidt",billing@woodscalhounandschmidt.com,2026-06-04,001000000000054AAA,2022-07-12,si_00000054_2,Payroll,1251,usd,month,99,001000000000054AAA,"Woods, Calhoun and Schmidt",TX,20493.36,3,Abigail Shaffer,Ryan Munoz,2022-07-06,800000000000054AAA,2026-02-06,2027-02-05,12,20493.36,3
cus_000000553592,yu,billing@yuinc.com,2026-06-11,,2022-04-12,si_00000055_0,Hiring,7875,usd,month,1,,,,,,,,,,,,,,
cus_000000553592,yu,billing@yuinc.com,2026-06-11,,2022-04-12,si_00000055_1,HR,10500,usd,month,1,,,,,,,,,,,,,,
cus_000000569253,"Hensley, Powel and David",billing@hensleypowellanddavid.com,2026-06-07,,2025-10-19,si_00000056_0,Hiring,92208,usd,year,2,,,,,,,,,,,,,,
cus_000000569253,"Hensley, Powel and David",billing@hensleypowellanddavid.com,2026-06-07,,2025-10-19,si_00000056_1,HR,122940,usd,year,2,,,,,,,,,,,,,,
cus_000000576551,"Sanchez, Wheeler and Harvey",billing@sanchezwheelerandharvey.com,2026-06-05,001000000000057AAA,2025-11-08,si_00000057_0,Hiring,7516,usd,month,3,001000000000057AAA,"Sanchez, Wheeler and Harvey",PA,2705.76,3,,Monica Herrera,2025-11-08,800000000000057AAA,2022-04-24,2025-04-23,36,2705.76,3
cus_000000597144,Donovan-Harris,billing@donovanharris.com,2026-06-15,001000000000059AAA,2021-11-12,si_00000059_0,Hiring,6568,usd,month,3,001000000000059AAA,Donovan-Harris,PA,2364.48,3,,Holly Wood,2021-11-12,800000000000059AAA,2024-09-07,2025-09-06,12,2364.48,3
cus_000000608164,"Edwards, Baker and Anderson",billing@edwardsbakerandanderson.com,2026-06-09,001000000000060AAA,2021-11-13,si_00000060_0,Hiring,9375,usd,month,5,001000000000060AAA,"Edwards, Baker and Anderson",UT,13125.00,5,,Dylan Miller,2021-11-02,800000000000060AAA,2025-11-08,2026-11-07,12,13125.00,5
cus_000000608164,"Edwards, Baker and Anderson",billing@edwardsbakerandanderson.com,2026-06-09,001000000000060AAA,2021-11-13,si_00000060_1,HR,12500,usd,month,5,001000000000060AAA,"Edwards, Baker and Anderson",UT,13125.00,5,,Dylan Miller,2021-11-02,800000000000060AAA,2025-11-08,2026-11-07,12,13125.00,5
cus_000000611412,"Evans, Stewart & Walton",billing@evansstewartandwalton.com,2026-06-11,,2025-08-30,si_00000061_0,Hiring,7636,usd,month,1,,,,,,,,,,,,,,
cus_000000628468,Smith,billing@smithplc.com,2026-06-09,,2023-11-28,si_00000062_0,Hiring,4500,usd,month,9,,,,,,,,,,,,,,
cus_000000639000,"Ferrell, Jnes and Lewis",billing@ferrelljonesandlewis.com,2026-06-12,,2022-02-20,si_00000063_0,Hiring,7263,usd,month,7,,,,,,,,,,,,,,
cus_000000639000,"Ferrell, Jnes and Lewis",billing@ferrelljonesandlewis.com,2026-06-12,,2022-02-20,si_00000063_1,HR,9683,usd,month,7,,,,,,,,,,,,,,
cus_000000649638,Anderson-Bailey,billing@andersonbailey.com,2026-06-03,001000000000064AAA,2023-06-19,si_00000064_0,Hiring,6918,usd,month,18,001000000000064AAA,Anderson-Bailey,GA,30990.72,16,Gina Moore,Monica Herrera,2023-06-08,,,,,,
cus_000000649638,Anderson-Bailey,billing@andersonbailey.com,2026-06-03,001000000000064AAA,2023-06-19,si_00000064_1,HR,9223,usd,month,18,001000000000064AAA,Anderson-Bailey,GA,30990.72,16,Gina Moore,Monica Herrera,2023-06-08,,,,,,
cus_000000650257,Suarez LLC,billing@suarezllc.com,2026-01-02,001000000000065AAA,2024-08-13,si_00000065_0,Hiring,112500,usd,year,3,001000000000065AAA,Suarez LLC,GA,7875.00,3,Gina Moore,Jamie Arnold,2024-08-09,800000000000065AAA,2026-05-06,2027-05-05,12,7875.00,3
cus_000000650257,Suarez LLC,billing@suarezllc.com,2026-01-02,001000000000065AAA,2024-08-13,si_00000065_1,HR,150000,usd,year,3,001000000000065AAA,Suarez LLC,GA,7875.00,3,Gina Moore,Jamie Arnold,2024-08-09,800000000000065AAA,2026-05-06,2027-05-05,12,7875.00,3
cus_000000676002,"Turner, Riggs and Roman",billing@turnerriggsandroman.com,2026-06-07,001000000000067AAA,2022-11-10,si_00000067_0,Hiring,9133,usd,month,5,001000000000067AAA,"Turner, Riggs and Roman",UT,28131.00,5,Noah Rhodes,Lisa Hensley,2022-10-12,800000000000067AAA,2026-02-22,2027-02-21,12,28131.00,5
cus_000000676002,"Turner, Riggs and Roman",billing@turnerriggsandroman.com,2026-06-07,001000000000067AAA,2022-11-10,si_00000067_1,HR,12177,usd,month,5,001000000000067AAA,"Turner, Riggs and Roman",UT,28131.00,5,Noah Rhodes,Lisa Hensley,2022-10-12,800000000000067AAA,2026-02-22,2027-02-21,12,28131.00,5
cus_000000676002,"Turner, Riggs and Roman",billing@turnerriggsandroman.com,2026-06-07,001000000000067AAA,2022-11-10,si_00000067_2,Payroll,1705,usd,month,75,001000000000067AAA,"Turner, Riggs and Roman",UT,28131.00,5,Noah Rhodes,Lisa Hensley,2022-10-12,800000000000067AAA,2026-02-22,2027-02-21,12,28131.00,5
cus_000000687398,"Smith, Montoya and Evans",billing@smithmontoyaandevans.com,2026-05-04,001000000000068AAA,2024-06-10,si_00000068_0,Hiring,6992,usd,month,5,001000000000068AAA,"Smith, Montoya and Evans",IL,4195.20,5,Daniel Wagner,Brian Ramirez,2024-05-23,,,,,,
cus_000000693229,"Garcia, Humphrey and Baker",billing@garciahumphreyandbaker.com,2026-06-13,001000000000069AAA,2022-12-26,si_00000069_0,Hiring,85740,usd,year,4,001000000000069AAA,"Garcia, Humphrey and Baker",AZ,22729.44,4,Gabrielle Davis,Carla Gray,2022-12-13,,,,,,
cus_000000693229,"Garcia, Humphrey and Baker",billing@garciahumphreyandbaker.com,2026-06-13,001000000000069AAA,2022-12-26,si_00000069_1,HR,114312,usd,year,4,001000000000069AAA,"Garcia, Humphrey and Baker",AZ,22729.44,4,Gabrielle Davis,Carla Gray,2022-12-13,,,,,,
cus_000000693229,"Garcia, Humphrey and Baker",billing@garciahumphreyandbaker.com,2026-06-13,001000000000069AAA,2022-12-26,si_00000069_2,Payroll,16008,usd,year,92,001000000000069AAA,"Garcia, Humphrey and Baker",AZ,22729.44,4,Gabrielle Davis,Carla Gray,2022-12-13,,,,,,
cus_000000700383,Newton and Sons,billing@newtonandsons.com,2026-06-02,001000000000070AAA,2022-05-28,si_00000070_0,Hiring,6635,usd,month,6,001000000000070AAA,Newton and Sons,GA,20059.92,6,,Ryan Munoz,2022-05-17,,,,,,
cus_000000700383,Newton and Sons,billing@newtonandsons.com,2026-06-02,001000000000070AAA,2022-05-28,si_00000070_1,HR,8846,usd,month,6,001000000000070AAA,Newton and Sons,GA,20059.92,6,,Ryan Munoz,2022-05-17,,,,,,
cus_000000700383,Newton and Sons,billing@newtonandsons.com,2026-06-02,001000000000070AAA,2022-05-28,si_00000070_2,Payroll,1238,usd,month,60,001000000000070AAA,Newton and Sons,GA,20059.92,6,,Ryan Munoz,2022-05-17,,,,,,
cus_000000716234,Campbell-Clark,billing@campbellclark.com,2026-06-04,001000000000071AAA,2024-10-22,si_00000071_0,Hiring,7326,usd,month,1,001000000000071AAA,Campbell-Clark,CA,879.12,1,Allison Hill,Jamie Arnold,2024-09-25,,,,,,
cus_000000729223,Harris-Walters,billing@harriswalters.com,2026-06-06,001000000000072AAA,2025-12-26,si_00000072_0,Hiring,9375,usd,month,6,001000000000072AAA,Harris-Walters,IL,40770.00,6,Cristian Santos,Jamie Arnold,2025-12-02,800000000000072AAA,2025-02-05,2026-02-04,12,40770.00,6
cus_000000729223,Harris-Walters,billing@harriswalters.com,2026-06-06,001000000000072AAA,2025-12-26,si_00000072_1,Payroll,1750,usd,month,162,001000000000072AAA,Harris-Walters,IL,40770.00,6,Cristian Santos,Jamie Arnold,2025-12-02,800000000000072AAA,2025-02-05,2026-02-04,12,40770.00,6
cus_000000730214,Wagner-King,billing@wagnerking.com,2026-06-05,001000000000073AAA,2025-07-20,si_00000073_0,Hiring,82488,usd,year,1,001000000000073AAA,Wagner-King,PA,12119.04,2,Gabrielle Davis,Lisa Jackson,2025-06-26,800000000000073AAA,2026-01-06,2027-01-05,12,12119.04,2
cus_000000730214,Wagner-King,billing@wagnerking.com,2026-06-05,001000000000073AAA,2025-07-20,si_00000073_1,Payroll,15396,usd,year,34,001000000000073AAA,Wagner-King,PA,12119.04,2,Gabrielle Davis,Lisa Jackson,2025-06-26,800000000000073AAA,2026-01-06,2027-01-05,12,12119.04,2
cus_000000752185,Williams-Cook,billing@williamscook.com,2026-01-29,001000000000075AAA,2021-12-28,si_00000075_0,Hiring,8536,usd,month,6,001000000000075AAA,Williams-Cook,OH,14340.24,6,,Michele Williams,2021-12-10,800000000000075AAA,2024-11-23,2025-11-22,12,14340.24,6
cus_000000752185,Williams-Cook,billing@williamscook.com,2026-01-29,001000000000075AAA,2021-12-28,si_00000075_1,HR,11381,usd,month,6,001000000000075AAA,Williams-Cook,OH,14340.24,6,,Michele Williams,2021-12-10,800000000000075AAA,2024-11-23,2025-11-22,12,14340.24,6
cus_000000769462,Walsh LLC,billing@walshllc.com,2026-06-01,001000000000076AAA,2024-11-18,si_00000076_0,Hiring,7257,usd,month,2,001000000000076AAA,Walsh LLC,FL,4063.68,2,,Holly Wood,2024-10-23,,,,,,
cus_000000769462,Walsh LLC,billing@walshllc.com,2026-06-01,001000000000076AAA,2024-11-18,si_00000076_1,HR,9675,usd,month,2,001000000000076AAA,Walsh LLC,FL,4063.68,2,,Holly Wood,2024-10-23,,,,,,
cus_000000776643,Figueroa PLC,billing@figueroaplc.com,2026-06-04,,2024-05-12,si_00000077_0,Hiring,9312,usd,month,9,,,,,,,,,,,,,,
cus_000000776643,Figueroa PLC,billing@figueroaplc.com,2026-06-04,,2024-05-12,si_00000077_1,HR,12416,usd,month,9,,,,,,,,,,,,,,
cus_000000776643,Figueroa PLC,billing@figueroaplc.com,2026-06-04,,2024-05-12,si_00000077_2,Payroll,1738,usd,month,45,,,,,,,,,,,,,,
cus_000000787036,"Patterson, Smith and Jones",billing@pattersonsmithandjones.com,2026-02-08,001000000000078AAA,2023-11-04,si_00000078_0,Hiring,7473,usd,month,3,001000000000078AAA,"Patterson, Smith and Jones",WA,2690.28,3,,Michele Williams,2023-10-20,800000000000078AAA,2024-03-08,2027-03-07,36,2690.28,3
cus_000000794044,"Mckee, Gardner and Davenport",billing@mckeegardneranddavenport.com,2026-06-08,001000000000079AAA,2026-02-17,si_00000079_0,Hiring,6656,usd,month,6,001000000000079AAA,"Mckee, Gardner and Davenport",CA,11181.60,6,,Margaret Hawkins DDS,2026-02-05,,,,,,
cus_000000794044,"Mckee, Gardner and Davenport",billing@mckeegardneranddavenport.com,2026-06-08,001000000000079AAA,2026-02-17,si_00000079_1,HR,8874,usd,month,6,001000000000079AAA,"Mckee, Gardner and Davenport",CA,11181.60,6,,Margaret Hawkins DDS,2026-02-05,,,,,,
cus_000000805999,"Tran, Jordan and Williams",billing@tranjordanandwilliams.com,2026-06-09,001000000000080AAA,2023-05-01,si_00000080_0,Hiring,7520,usd,month,8,001000000000080AAA,"Tran, Jordan and Williams",FL,16845.12,8,,Michele Williams,2023-04-30,,,,,,
cus_000000805999,"Tran, Jordan and Williams",billing@tranjordanandwilliams.com,2026-06-09,001000000000080AAA,2023-05-01,si_00000080_1,HR,10027,usd,month,8,001000000000080AAA,"Tran, Jordan and Williams",FL,16845.12,8,,Michele Williams,2023-04-30,,,,,,
cus_000000819980,Nolan-Flynn,billing@nolanflynn.com,2025-12-20,001000000000081AAA,2024-01-03,si_00000081_0,Hiring,7718,usd,month,5,001000000000081AAA,Nolan-Flynn,CO,10804.80,5,Daniel Wagner,Ryan Munoz,2023-12-31,800000000000081AAA,2024-08-25,2025-08-24,12,10804.80,5
cus_000000819980,Nolan-Flynn,billing@nolanflynn.com,2025-12-20,001000000000081AAA,2024-01-03,si_00000081_1,HR,10290,usd,month,5,001000000000081AAA,Nolan-Flynn,CO,10804.80,5,Daniel Wagner,Ryan Munoz,2023-12-31,800000000000081AAA,2024-08-25,2025-08-24,12,10804.80,5
cus_000000829844,Nolan and Sons,billing@nolanandsons.com,2026-03-15,001000000000082AAA,2023-12-11,si_00000082_0,Hiring,6615,usd,month,8,001000000000082AAA,Nolan and Sons,FL,3969.00,5,,Monica Herrera,2023-12-10,,,,,,
cus_000000835125,"Wright, Garcia and Deleon",billing@wrightgarciaanddeleon.com,2026-06-05,001000000000083AAA,2025-11-28,si_00000083_0,Hiring,9114,usd,month,3,001000000000083AAA,"Wright, Garcia and Deleon",TX,12760.20,5,Abigail Shaffer,Ryan Munoz,2025-11-16,800000000000083AAA,2024-10-28,2026-10-27,24,12760.20,5
cus_000000835125,"Wright, Garcia and Deleon",billing@wrightgarciaanddeleon.com,2026-06-05,001000000000083AAA,2025-11-28,si_00000083_1,HR,12153,usd,month,3,001000000000083AAA,"Wright, Garcia and Deleon",TX,12760.20,5,Abigail Shaffer,Ryan Munoz,2025-11-16,800000000000083AAA,2024-10-28,2026-10-27,24,12760.20,5
cus_000000845738,Dickson-Brady,billing@dicksonbrady.com,2026-02-25,001000000000084AAA,2025-10-02,si_00000084_0,Hiring,6879,usd,month,1,001000000000084AAA,Dickson-Brady,FL,7814.16,2,Noah Rhodes,Brian Ramirez,2025-09-19,800000000000084AAA,2026-04-22,2027-04-21,12,7814.16,2
cus_000000845738,Dickson-Brady,billing@dicksonbrady.com,2026-02-25,001000000000084AAA,2025-10-02,si_00000084_1,Payroll,1284,usd,month,20,001000000000084AAA,Dickson-Brady,FL,7814.16,2,Noah Rhodes,Brian Ramirez,2025-09-19,800000000000084AAA,2026-04-22,2027-04-21,12,7814.16,2
cus_000000858972,hancock and sons,billing@hancockandsons.com,2026-06-13,,2025-11-29,si_00000085_0,Hiring,8972,usd,month,4,,,,,,,,,,,,,,
cus_000000866893,Johnson-Doyle,billing@johnsondoyle.com,2026-06-08,001000000000086AAA,2026-01-03,si_00000086_0,Hiring,5871,usd,month,6,001000000000086AAA,Johnson-Doyle,GA,6575.52,4,,Brian Ramirez,2025-12-11,,,,,,
cus_000000866893,Johnson-Doyle,billing@johnsondoyle.com,2026-06-08,001000000000086AAA,2026-01-03,si_00000086_1,HR,7828,usd,month,6,001000000000086AAA,Johnson-Doyle,GA,6575.52,4,,Brian Ramirez,2025-12-11,,,,,,
cus_000000871397,Patton-Jenkins,billing@pattonjenkins.com,2026-06-04,001000000000087AAA,2025-05-10,si_00000087_0,Hiring,6711,usd,month,5,001000000000087AAA,Patton-Jenkins,GA,4026.60,5,,Holly Wood,2025-05-09,800000000000087AAA,2024-09-14,2025-09-13,12,4026.60,5
cus_000000883969,"Shields, Cochran and Adams",billing@shieldscochranandadams.com,2026-06-12,001000000000088AAA,2024-08-24,si_00000088_0,HR,11279,usd,month,11,001000000000088AAA,"Shields, Cochran and Adams",FL,14888.28,11,Daniel Wagner,Holly Wood,2024-08-15,800000000000088AAA,2024-05-25,2025-05-24,12,14888.28,11
cus_000000897828,"Rodriguez, Brennan and Garrison",billing@rodriguezbrennanandgarrison.com,2026-06-11,001000000000089AAA,2022-10-13,si_00000089_0,Hiring,7885,usd,month,3,001000000000089AAA,"Rodriguez, Brennan and Garrison",FL,25700.76,3,,Michele Williams,2022-09-17,800000000000089AAA,2025-08-19,2026-08-18,12,25700.76,3
cus_000000897828,"Rodriguez, Brennan and Garrison",billing@rodriguezbrennanandgarrison.com,2026-06-11,001000000000089AAA,2022-10-13,si_00000089_1,HR,10514,usd,month,3,001000000000089AAA,"Rodriguez, Brennan and Garrison",FL,25700.76,3,,Michele Williams,2022-09-17,800000000000089AAA,2025-08-19,2026-08-18,12,25700.76,3
cus_000000897828,"Rodriguez, Brennan and Garrison",billing@rodriguezbrennanandgarrison.com,2026-06-11,001000000000089AAA,2022-10-13,si_00000089_2,Payroll,1472,usd,month,108,001000000000089AAA,"Rodriguez, Brennan and Garrison",FL,25700.76,3,,Michele Williams,2022-09-17,800000000000089AAA,2025-08-19,2026-08-18,12,25700.76,3
cus_000000904274,Gonzalez Group,billing@gonzalezgroup.com,2026-06-04,001000000000090AAA,2023-03-22,si_00000090_0,Hiring,5530,usd,month,1,001000000000090AAA,Gonzalez Group,NC,1990.80,3,Angie Henderson,Carla Gray,2023-02-27,800000000000090AAA,2025-11-29,2026-11-28,12,1990.80,3
cus_000000910595,Torres-Pope,billing@torrespope.com,2026-06-10,,2024-05-21,si_00000091_0,Hiring,6160,usd,month,4,,,,,,,,,,,,,,
cus_000000910595,Torres-Pope,billing@torrespope.com,2026-06-10,,2024-05-21,si_00000091_1,HR,8213,usd,month,4,,,,,,,,,,,,,,
cus_000000926678,Walker Ltd,billing@walkerltd.com,2026-06-02,001000000000092AAA,2023-05-11,si_00000092_0,Hiring,8450,usd,month,8,001000000000092AAA,Walker Ltd,CO,18928.32,8,,Monica Herrera,2023-04-30,800000000000092AAA,2026-02-08,2027-02-07,12,18928.32,8
cus_000000926678,Walker Ltd,billing@walkerltd.com,2026-06-02,001000000000092AAA,2023-05-11,si_00000092_1,HR,11267,usd,month,8,001000000000092AAA,Walker Ltd,CO,18928.32,8,,Monica Herrera,2023-04-30,800000000000092AAA,2026-02-08,2027-02-07,12,18928.32,8
cus_000000934152,Ross LLC,billing@rossllc.com,2026-06-12,001000000000093AAA,2023-08-20,si_00000093_0,Hiring,7659,usd,month,4,001000000000093AAA,Ross LLC,AZ,26327.52,4,,Jamie Arnold,2023-08-12,,,,,,
cus_000000934152,Ross LLC,billing@rossllc.com,2026-06-12,001000000000093AAA,2023-08-20,si_00000093_1,Payroll,1430,usd,month,132,001000000000093AAA,Ross LLC,AZ,26327.52,4,,Jamie Arnold,2023-08-12,,,,,,
cus_000000944032,Rasmussen LLC,billing@rasmussenllc.com,2026-06-03,001000000000094AAA,2023-10-23,si_00000094_0,Hiring,5554,usd,month,2,001000000000094AAA,Rasmussen LLC,IL,16985.16,3,,Derek Zuniga,2023-09-27,,,,,,
cus_000000944032,Rasmussen LLC,billing@rasmussenllc.com,2026-06-03,001000000000094AAA,2023-10-23,si_00000094_1,HR,7406,usd,month,2,001000000000094AAA,Rasmussen LLC,IL,16985.16,3,,Derek Zuniga,2023-09-27,,,,,,
cus_000000944032,Rasmussen LLC,billing@rasmussenllc.com,2026-06-03,001000000000094AAA,2023-10-23,si_00000094_2,Payroll,1037,usd,month,66,001000000000094AAA,Rasmussen LLC,IL,16985.16,3,,Derek Zuniga,2023-09-27,,,,,,
cus_000000958088,May-Ross,billing@mayross.com,2026-06-04,001000000000095AAA,2021-11-08,si_00000095_0,Hiring,6964,usd,month,1,001000000000095AAA,May-Ross,NC,13950.72,4,,Carla Gray,2021-10-29,800000000000095AAA,2025-11-26,2026-11-25,12,13950.72,4
cus_000000958088,May-Ross,billing@mayross.com,2026-06-04,001000000000095AAA,2021-11-08,si_00000095_1,Payroll,1300,usd,month,17,001000000000095AAA,May-Ross,NC,13950.72,4,,Carla Gray,2021-10-29,800000000000095AAA,2025-11-26,2026-11-25,12,13950.72,4
cus_000000962937,"Rivera, Johnson and Wiley",billing@riverajohnsonandwiley.com,2026-06-06,001000000000096AAA,2025-07-23,si_00000096_0,HR,9401,usd,month,5,001000000000096AAA,"Rivera, Johnson and Wiley",PA,5640.60,5,Noah Rhodes,Carla Gray,2025-07-08,,,,,,
cus_000000976847,White-Estes,billing@whiteestes.com,2026-06-03,001000000000097AAA,2023-08-04,si_00000097_0,Hiring,7562,usd,month,2,001000000000097AAA,White-Estes,PA,6352.20,3,,Jamie Arnold,2023-07-30,,,,,,
cus_000000976847,White-Estes,billing@whiteestes.com,2026-06-03,001000000000097AAA,2023-08-04,si_00000097_1,HR,10083,usd,month,2,001000000000097AAA,White-Estes,PA,6352.20,3,,Jamie Arnold,2023-07-30,,,,,,
cus_000000987261,Johnson-Carlson,billing@johnsoncarlson.com,2026-06-09,001000000000098AAA,2025-01-26,si_00000098_0,Hiring,8589,usd,month,5,001000000000098AAA,Johnson-Carlson,FL,12024.60,5,,Derek Zuniga,2024-12-29,800000000000098AAA,2024-09-21,2026-09-20,24,12024.60,5
cus_000000987261,Johnson-Carlson,billing@johnsoncarlson.com,2026-06-09,001000000000098AAA,2025-01-26,si_00000098_1,HR,11452,usd,month,5,001000000000098AAA,Johnson-Carlson,FL,12024.60,5,,Derek Zuniga,2024-12-29,800000000000098AAA,2024-09-21,2026-09-20,24,12024.60,5
cus_000000998444,Chandler-Edwards,billing@chandleredwards.com,2026-06-05,001000000000099AAA,2024-05-10,si_00000099_0,Hiring,6441,usd,month,1,001000000000099AAA,Chandler-Edwards,TN,1803.48,1,,Ryan Munoz,2024-04-24,,,,,,
cus_000000998444,Chandler-Edwards,billing@chandleredwards.com,2026-06-05,001000000000099AAA,2024-05-10,si_00000099_1,HR,8588,usd,month,1,001000000000099AAA,Chandler-Edwards,TN,1803.48,1,,Ryan Munoz,2024-04-24,,,,,,
cus_000001003198,"Joyce, Wilson & Lam",billing@joycewilsonandlam.com,2026-06-10,,2023-07-11,si_00000100_0,HR,9504,usd,month,16,,,,,,,,,,,,,,
cus_000001014548,Scott Ltd,billing@scottltd.com,2026-05-12,001000000000101AAA,2024-10-02,si_00000101_0,Hiring,75144,usd,year,6,001000000000101AAA,Scott Ltd,NC,3757.20,5,Cristian Santos,Lisa Hensley,2024-09-29,,,,,,
cus_000001026775,Smith-Frost,billing@smithfrost.com,2026-06-06,001000000000102AAA,2025-11-05,si_00000102_0,Hiring,7400,usd,month,4,001000000000102AAA,Smith-Frost,GA,28174.56,4,,Ryan Munoz,2025-11-01,800000000000102AAA,2025-11-16,2026-11-15,12,28174.56,4
cus_000001026775,Smith-Frost,billing@smithfrost.com,2026-06-06,001000000000102AAA,2025-11-05,si_00000102_1,HR,9867,usd,month,4,001000000000102AAA,Smith-Frost,GA,28174.56,4,,Ryan Munoz,2025-11-01,800000000000102AAA,2025-11-16,2026-11-15,12,28174.56,4
cus_000001026775,Smith-Frost,billing@smithfrost.com,2026-06-06,001000000000102AAA,2025-11-05,si_00000102_2,Payroll,1381,usd,month,120,001000000000102AAA,Smith-Frost,GA,28174.56,4,,Ryan Munoz,2025-11-01,800000000000102AAA,2025-11-16,2026-11-15,12,28174.56,4
cus_000001039868,"Mcdaniel, Bentley and Mclaughlin",billing@mcdanielbentleyandmclaughlin.com,2026-06-14,001000000000103AAA,2024-10-28,si_00000103_0,Hiring,6337,usd,month,3,001000000000103AAA,"Mcdaniel, Bentley and Mclaughlin",CA,2281.32,3,Gabrielle Davis,Monica Herrera,2024-10-16,,,,,,
cus_000001043419,Diaz Inc,billing@diazinc.com,2026-06-12,001000000000104AAA,2022-11-03,si_00000104_0,Hiring,5178,usd,month,2,001000000000104AAA,Diaz Inc,IL,1242.72,2,Noah Rhodes,Lisa Jackson,2022-11-02,800000000000104AAA,2022-10-14,2024-10-13,24,1242.72,2
cus_000001051677,"Mccall, Hanson and Alvarado",billing@mccallhansonandalvarado.com,2026-06-11,001000000000105AAA,2022-07-16,si_00000105_0,Hiring,6289,usd,month,1,001000000000105AAA,"Mccall, Hanson and Alvarado",FL,1761.00,1,,Holly Wood,2022-06-18,,,,,,
cus_000001051677,"Mccall, Hanson and Alvarado",billing@mccallhansonandalvarado.com,2026-06-11,001000000000105AAA,2022-07-16,si_00000105_1,HR,8386,usd,month,1,001000000000105AAA,"Mccall, Hanson and Alvarado",FL,1761.00,1,,Holly Wood,2022-06-18,,,,,,
cus_000001065370,Cortez LLC,billing@cortezllc.com,2026-06-06,001000000000106AAA,2023-12-27,si_00000106_0,Hiring,5886,usd,month,1,001000000000106AAA,Cortez LLC,GA,10681.44,2,,Ryan Munoz,2023-11-30,800000000000106AAA,2026-04-28,2027-04-27,12,10681.44,2
cus_000001065370,Cortez LLC,billing@cortezllc.com,2026-06-06,001000000000106AAA,2023-12-27,si_00000106_1,HR,7848,usd,month,1,001000000000106AAA,Cortez LLC,GA,10681.44,2,,Ryan Munoz,2023-11-30,800000000000106AAA,2026-04-28,2027-04-27,12,10681.44,2
cus_000001065370,Cortez LLC,billing@cortezllc.com,2026-06-06,001000000000106AAA,2023-12-27,si_00000106_2,Payroll,1099,usd,month,28,001000000000106AAA,Cortez LLC,GA,10681.44,2,,Ryan Munoz,2023-11-30,800000000000106AAA,2026-04-28,2027-04-27,12,10681.44,2
cus_000001079558,"Parker, Ortiz and Powell",billing@parkerortizandpowell.com,2026-06-15,001000000000107AAA,2023-08-20,si_00000107_0,Hiring,5797,usd,month,1,001000000000107AAA,"Parker, Ortiz and Powell",FL,1623.24,1,Allison Hill,Holly Wood,2023-08-19,800000000000107AAA,2022-09-04,2024-09-03,24,1623.24,1
cus_000001079558,"Parker, Ortiz and Powell",billing@parkerortizandpowell.com,2026-06-15,001000000000107AAA,2023-08-20,si_00000107_1,HR,7730,usd,month,1,001000000000107AAA,"Parker, Ortiz and Powell",FL,1623.24,1,Allison Hill,Holly Wood,2023-08-19,800000000000107AAA,2022-09-04,2024-09-03,24,1623.24,1
cus_000001083807,Spencer-Lee,billing@spencerlee.com,2026-06-08,001000000000108AAA,2026-04-27,si_00000108_0,Hiring,7071,usd,month,3,001000000000108AAA,Spencer-Lee,TN,16326.36,3,,Brian Ramirez,2026-04-02,,,,,,
cus_000001083807,Spencer-Lee,billing@spencerlee.com,2026-06-08,001000000000108AAA,2026-04-27,si_00000108_1,Payroll,1320,usd,month,87,001000000000108AAA,Spencer-Lee,TN,16326.36,3,,Brian Ramirez,2026-04-02,,,,,,
cus_000001094956,"Bentley, Byrd and",billing@bentleybyrdandorr.com,2026-06-01,,2024-09-14,si_00000109_0,Hiring,8022,usd,month,1,,,,,,,,,,,,,,
cus_000001094956,"Bentley, Byrd and",billing@bentleybyrdandorr.com,2026-06-01,,2024-09-14,si_00000109_1,HR,10696,usd,month,1,,,,,,,,,,,,,,
cus_000001107018,"Carroll, Sullivan and Bass",billing@carrollsullivanandbass.com,2026-06-15,001000000000110AAA,2024-07-01,si_00000110_0,Hiring,7244,usd,month,3,001000000000110AAA,"Carroll, Sullivan and Bass",FL,6084.72,3,Cristian Santos,Carla Gray,2024-06-03,800000000000110AAA,2024-07-30,2025-07-29,12,6084.72,3
cus_000001107018,"Carroll, Sullivan and Bass",billing@carrollsullivanandbass.com,2026-06-15,001000000000110AAA,2024-07-01,si_00000110_1,HR,9658,usd,month,3,001000000000110AAA,"Carroll, Sullivan and Bass",FL,6084.72,3,Cristian Santos,Carla Gray,2024-06-03,800000000000110AAA,2024-07-30,2025-07-29,12,6084.72,3
cus_000001118868,Mitchell-Jordan,billing@mitchelljordan.com,2026-06-09,001000000000111AAA,2025-05-25,si_00000111_0,Hiring,96384,usd,year,2,001000000000111AAA,Mitchell-Jordan,GA,12489.60,4,,Derek Zuniga,2025-05-07,,,,,,
cus_000001118868,Mitchell-Jordan,billing@mitchelljordan.com,2026-06-09,001000000000111AAA,2025-05-25,si_00000111_1,Payroll,17988,usd,year,24,001000000000111AAA,Mitchell-Jordan,GA,12489.60,4,,Derek Zuniga,2025-05-07,,,,,,
cus_000001125769,"Lawson, Morris & Ramos",billing@lawsonmorrisandramos.com,2026-06-04,,2022-03-04,si_00000112_0,Hiring,8302,usd,month,8,,,,,,,,,,,,,,
cus_000001125769,"Lawson, Morris & Ramos",billing@lawsonmorrisandramos.com,2026-06-04,,2022-03-04,si_00000112_1,HR,11069,usd,month,8,,,,,,,,,,,,,,
cus_000001125769,"Lawson, Morris & Ramos",billing@lawsonmorrisandramos.com,2026-06-04,,2022-03-04,si_00000112_2,Payroll,1550,usd,month,64,,,,,,,,,,,,,,
cus_000001137089,"Lewis, Kennedy and Santana",billing@lewiskennedyandsantana.com,2026-06-14,001000000000113AAA,2022-06-04,si_00000113_0,Hiring,5017,usd,month,5,001000000000113AAA,"Lewis, Kennedy and Santana",NY,5418.36,9,Connie Lawrence,Dylan Miller,2022-06-04,800000000000113AAA,2025-12-27,2026-12-26,12,5418.36,9
cus_000001146981,"Jackson, Miller & Robertson",billing@jacksonmillerandrobertson.com,2026-01-09,,2022-03-10,si_00000114_0,Hiring,7169,usd,month,3,,,,,,,,,,,,,,
cus_000001159491,"Harvey, Davis and Crane",billing@harveydavisandcrane.com,2026-06-09,001000000000115AAA,2025-09-26,si_00000115_0,Hiring,8649,usd,month,2,001000000000115AAA,"Harvey, Davis and Crane",IL,2075.76,2,Noah Rhodes,Derek Zuniga,2025-09-10,800000000000115AAA,2024-12-16,2025-12-15,12,2075.76,2
cus_000001165725,Chambers and Sons,billing@chambersandsons.com,2026-06-09,001000000000116AAA,2022-06-26,si_00000116_0,Hiring,5404,usd,month,9,001000000000116AAA,Chambers and Sons,CO,13618.80,9,,Michele Williams,2022-06-12,,,,,,
cus_000001165725,Chambers and Sons,billing@chambersandsons.com,2026-06-09,001000000000116AAA,2022-06-26,si_00000116_1,HR,7206,usd,month,9,001000000000116AAA,Chambers and Sons,CO,13618.80,9,,Michele Williams,2022-06-12,,,,,,
cus_000001173729,hernandez,billing@hernandezinc.com,2026-06-07,,2025-02-26,si_00000117_0,Hiring,100212,usd,year,4,,,,,,,,,,,,,,
cus_000001173729,hernandez,billing@hernandezinc.com,2026-06-07,,2025-02-26,si_00000117_1,HR,133620,usd,year,4,,,,,,,,,,,,,,
cus_000001187229,Riggs PLC,billing@riggsplc.com,2026-06-03,001000000000118AAA,2024-12-26,si_00000118_0,Hiring,112500,usd,year,3,001000000000118AAA,Riggs PLC,IL,16695.00,3,,Lisa Jackson,2024-11-29,,,,,,
cus_000001187229,Riggs PLC,billing@riggsplc.com,2026-06-03,001000000000118AAA,2024-12-26,si_00000118_1,HR,150000,usd,year,3,001000000000118AAA,Riggs PLC,IL,16695.00,3,,Lisa Jackson,2024-11-29,,,,,,
cus_000001187229,Riggs PLC,billing@riggsplc.com,2026-06-03,001000000000118AAA,2024-12-26,si_00000118_2,Payroll,21000,usd,year,42,001000000000118AAA,Riggs PLC,IL,16695.00,3,,Lisa Jackson,2024-11-29,,,,,,
cus_000001190538,Gibson Ltd,billing@gibsonltd.com,2026-06-01,001000000000119AAA,2026-04-29,si_00000119_0,Hiring,7652,usd,month,3,001000000000119AAA,Gibson Ltd,OH,11054.52,3,,Holly Wood,2026-04-20,800000000000119AAA,2023-09-25,2026-09-24,36,11054.52,3
cus_000001190538,Gibson Ltd,billing@gibsonltd.com,2026-06-01,001000000000119AAA,2026-04-29,si_00000119_1,HR,10203,usd,month,3,001000000000119AAA,Gibson Ltd,OH,11054.52,3,,Holly Wood,2026-04-20,800000000000119AAA,2023-09-25,2026-09-24,36,11054.52,3
cus_000001190538,Gibson Ltd,billing@gibsonltd.com,2026-06-01,001000000000119AAA,2026-04-29,si_00000119_2,Payroll,1428,usd,month,27,001000000000119AAA,Gibson Ltd,OH,11054.52,3,,Holly Wood,2026-04-20,800000000000119AAA,2023-09-25,2026-09-24,36,11054.52,3
cus_000001216081,Hernandez Ltd,billing@hernandezltd.com,2026-05-01,001000000000121AAA,2026-01-15,si_00000121_0,HR,9734,usd,month,4,001000000000121AAA,Hernandez Ltd,UT,4672.32,4,Cristian Santos,Carla Gray,2025-12-25,800000000000121AAA,2024-03-13,2025-03-12,12,4672.32,4
cus_000001227352,Stafford Inc,billing@staffordinc.com,2026-06-12,001000000000122AAA,2026-03-14,si_00000122_0,Hiring,7523,usd,month,8,001000000000122AAA,Stafford Inc,WA,12638.16,6,,Lisa Hensley,2026-02-22,,,,,,
cus_000001227352,Stafford Inc,billing@staffordinc.com,2026-06-12,001000000000122AAA,2026-03-14,si_00000122_1,HR,10030,usd,month,8,001000000000122AAA,Stafford Inc,WA,12638.16,6,,Lisa Hensley,2026-02-22,,,,,,
cus_000001230838,Robinson-Brock,billing@robinsonbrock.com,2026-06-08,,2024-03-01,si_00000123_0,Hiring,6460,usd,month,1,,,,,,,,,,,,,,
cus_000001230838,Robinson-Brock,billing@robinsonbrock.com,2026-06-08,,2024-03-01,si_00000123_1,HR,8613,usd,month,1,,,,,,,,,,,,,,
cus_000001240637,"Holmes, Williams and Wright",billing@holmeswilliamsandwright.com,2026-06-14,001000000000124AAA,2022-02-28,si_00000124_0,Hiring,6772,usd,month,7,001000000000124AAA,"Holmes, Williams and Wright",UT,19643.40,7,Angie Henderson,Lisa Hensley,2022-02-18,,,,,,
cus_000001240637,"Holmes, Williams and Wright",billing@holmeswilliamsandwright.com,2026-06-14,001000000000124AAA,2022-02-28,si_00000124_1,HR,9029,usd,month,7,001000000000124AAA,"Holmes, Williams and Wright",UT,19643.40,7,Angie Henderson,Lisa Hensley,2022-02-18,,,,,,
cus_000001240637,"Holmes, Williams and Wright",billing@holmeswilliamsandwright.com,2026-06-14,001000000000124AAA,2022-02-28,si_00000124_2,Payroll,1264,usd,month,42,001000000000124AAA,"Holmes, Williams and Wright",UT,19643.40,7,Angie Henderson,Lisa Hensley,2022-02-18,,,,,,
cus_000001253849,Bryant Group,billing@bryantgroup.com,2026-05-08,001000000000125AAA,2021-12-03,si_00000125_0,Hiring,7757,usd,month,1,001000000000125AAA,Bryant Group,NC,6515.88,1,,Lisa Hensley,2021-11-04,800000000000125AAA,2024-09-12,2026-09-11,24,6515.88,1
cus_000001253849,Bryant Group,billing@bryantgroup.com,2026-05-08,001000000000125AAA,2021-12-03,si_00000125_1,HR,10342,usd,month,1,001000000000125AAA,Bryant Group,NC,6515.88,1,,Lisa Hensley,2021-11-04,800000000000125AAA,2024-09-12,2026-09-11,24,6515.88,1
cus_000001253849,Bryant Group,billing@bryantgroup.com,2026-05-08,001000000000125AAA,2021-12-03,si_00000125_2,Payroll,1448,usd,month,25,001000000000125AAA,Bryant Group,NC,6515.88,1,,Lisa Hensley,2021-11-04,800000000000125AAA,2024-09-12,2026-09-11,24,6515.88,1
cus_000001263170,"Schmidt, Hansen and Stewart",billing@schmidthansenandstewart.com,2026-06-10,001000000000126AAA,2024-05-08,si_00000126_0,Hiring,9016,usd,month,6,001000000000126AAA,"Schmidt, Hansen and Stewart",NY,10819.20,10,,Margaret Hawkins DDS,2024-04-09,800000000000126AAA,2026-02-05,2027-02-04,12,10819.20,10
cus_000001277001,Salazar-Ball,billing@salazarball.com,2026-06-15,001000000000127AAA,2022-05-06,si_00000127_0,Hiring,7216,usd,month,4,001000000000127AAA,Salazar-Ball,TN,8082.24,4,,Lisa Hensley,2022-04-16,800000000000127AAA,2024-09-14,2025-09-13,12,8082.24,4
cus_000001277001,Salazar-Ball,billing@salazarball.com,2026-06-15,001000000000127AAA,2022-05-06,si_00000127_1,HR,9622,usd,month,4,001000000000127AAA,Salazar-Ball,TN,8082.24,4,,Lisa Hensley,2022-04-16,800000000000127AAA,2024-09-14,2025-09-13,12,8082.24,4
cus_000001288197,"Simmons, Meadows and Griffin",billing@simmonsmeadowsandgriffin.com,2026-06-14,001000000000128AAA,2025-08-21,si_00000128_0,Hiring,6997,usd,month,3,001000000000128AAA,"Simmons, Meadows and Griffin",PA,4198.20,5,,Ryan Munoz,2025-07-27,800000000000128AAA,2025-09-26,2026-09-25,12,4198.20,5
cus_000001302224,Green-Wright,billing@greenwright.com,2026-06-07,001000000000130AAA,2023-09-19,si_00000130_0,HR,7560,usd,month,8,001000000000130AAA,Green-Wright,CA,7257.60,8,Noah Rhodes,Holly Wood,2023-09-07,800000000000130AAA,2023-02-03,2025-02-02,24,7257.60,8
cus_000001315281,"Ramirez, Strickland and Washington",billing@ramirezstricklandandwashington.com,2026-06-10,001000000000131AAA,2024-12-17,si_00000131_0,Hiring,5868,usd,month,1,001000000000131AAA,"Ramirez, Strickland and Washington",IL,5190.84,1,,Jamie Arnold,2024-11-18,,,,,,
cus_000001315281,"Ramirez, Strickland and Washington",billing@ramirezstricklandandwashington.com,2026-06-10,001000000000131AAA,2024-12-17,si_00000131_1,HR,7824,usd,month,1,001000000000131AAA,"Ramirez, Strickland and Washington",IL,5190.84,1,,Jamie Arnold,2024-11-18,,,,,,
cus_000001315281,"Ramirez, Strickland and Washington",billing@ramirezstricklandandwashington.com,2026-06-10,001000000000131AAA,2024-12-17,si_00000131_2,Payroll,1095,usd,month,27,001000000000131AAA,"Ramirez, Strickland and Washington",IL,5190.84,1,,Jamie Arnold,2024-11-18,,,,,,
cus_000001320406,Hill Inc,billing@hillinc.com,2026-06-15,001000000000132AAA,2023-09-26,si_00000132_0,Hiring,7950,usd,month,3,001000000000132AAA,Hill Inc,CA,2862.00,3,,Monica Herrera,2023-09-12,800000000000132AAA,2024-02-05,2025-02-04,12,2862.00,3
cus_000001332142,"mitchell, nelson and flores",billing@mitchellnelsonandflores.com,2026-06-10,,2026-05-14,si_00000133_0,Hiring,5640,usd,month,2,,,,,,,,,,,,,,
cus_000001342018,"Miller, Hernandez and Reyes",billing@millerhernandezandreyes.com,2026-06-05,001000000000134AAA,2022-05-19,si_00000134_0,Hiring,6037,usd,month,2,001000000000134AAA,"Miller, Hernandez and Reyes",CO,3380.64,2,Allison Hill,Margaret Hawkins DDS,2022-04-26,800000000000134AAA,2022-07-25,2024-07-24,24,3380.64,2
cus_000001342018,"Miller, Hernandez and Reyes",billing@millerhernandezandreyes.com,2026-06-05,001000000000134AAA,2022-05-19,si_00000134_1,HR,8049,usd,month,2,001000000000134AAA,"Miller, Hernandez and Reyes",CO,3380.64,2,Allison Hill,Margaret Hawkins DDS,2022-04-26,800000000000134AAA,2022-07-25,2024-07-24,24,3380.64,2
cus_000001359938,Mccarthy Inc,billing@mccarthyinc.com,2026-03-09,001000000000135AAA,2024-03-24,si_00000135_0,Hiring,103068,usd,year,3,001000000000135AAA,Mccarthy Inc,FL,7214.76,3,Angie Henderson,Lisa Hensley,2024-03-01,800000000000135AAA,2025-09-26,2026-09-25,12,7214.76,3
cus_000001359938,Mccarthy Inc,billing@mccarthyinc.com,2026-03-09,001000000000135AAA,2024-03-24,si_00000135_1,HR,137424,usd,year,3,001000000000135AAA,Mccarthy Inc,FL,7214.76,3,Angie Henderson,Lisa Hensley,2024-03-01,800000000000135AAA,2025-09-26,2026-09-25,12,7214.76,3
cus_000001361699,Russell-Daniels,billing@russelldaniels.com,2026-06-03,001000000000136AAA,2024-07-22,si_00000136_0,HR,8516,usd,month,2,001000000000136AAA,Russell-Daniels,TX,7970.40,5,,Derek Zuniga,2024-07-18,800000000000136AAA,2023-12-09,2024-12-08,12,7970.40,5
cus_000001361699,Russell-Daniels,billing@russelldaniels.com,2026-06-03,001000000000136AAA,2024-07-22,si_00000136_1,Payroll,1192,usd,month,8,001000000000136AAA,Russell-Daniels,TX,7970.40,5,,Derek Zuniga,2024-07-18,800000000000136AAA,2023-12-09,2024-12-08,12,7970.40,5
cus_000001374370,Brown-Wall,billing@brownwall.com,2026-06-04,001000000000137AAA,2026-02-15,si_00000137_0,Hiring,100524,usd,year,10,001000000000137AAA,Brown-Wall,NC,16419.48,7,,Jamie Arnold,2026-01-30,800000000000137AAA,2025-12-27,2026-12-26,12,16419.48,7
cus_000001374370,Brown-Wall,billing@brownwall.com,2026-06-04,001000000000137AAA,2026-02-15,si_00000137_1,HR,134040,usd,year,10,001000000000137AAA,Brown-Wall,NC,16419.48,7,,Jamie Arnold,2026-01-30,800000000000137AAA,2025-12-27,2026-12-26,12,16419.48,7
cus_000001387782,Stein-Silva,billing@steinsilva.com,2026-05-09,001000000000138AAA,2026-02-24,si_00000138_0,HR,10003,usd,month,2,001000000000138AAA,Stein-Silva,IL,2400.72,2,Daniel Wagner,Brian Ramirez,2026-02-12,800000000000138AAA,2023-06-12,2025-06-11,24,2400.72,2
cus_000001391670,"Smith, Gilmore and Johnston",billing@smithgilmoreandjohnston.com,2026-05-10,001000000000139AAA,2025-02-13,si_00000139_0,Hiring,7354,usd,month,8,001000000000139AAA,"Smith, Gilmore and Johnston",NC,7059.84,8,Noah Rhodes,Margaret Hawkins DDS,2025-01-15,800000000000139AAA,2025-11-13,2026-11-12,12,7059.84,8
cus_000001409044,Smith-Bell,billing@smithbell.com,2026-06-02,001000000000140AAA,2023-04-09,si_00000140_0,Hiring,69792,usd,year,6,001000000000140AAA,Smith-Bell,NC,9770.40,6,,Dylan Miller,2023-03-21,,,,,,
cus_000001409044,Smith-Bell,billing@smithbell.com,2026-06-02,001000000000140AAA,2023-04-09,si_00000140_1,HR,93048,usd,year,6,001000000000140AAA,Smith-Bell,NC,9770.40,6,,Dylan Miller,2023-03-21,,,,,,
cus_000001416953,Castaneda-Ashley,billing@castanedaashley.com,2026-06-14,001000000000141AAA,2025-02-09,si_00000141_0,Hiring,79788,usd,year,1,001000000000141AAA,Castaneda-Ashley,PA,797.88,1,Gabrielle Davis,Lisa Jackson,2025-01-12,800000000000141AAA,2024-05-26,2025-05-25,12,797.88,1
cus_000001424748,Medina-Navarro,billing@medinanavarro.com,2026-06-09,001000000000142AAA,2022-04-09,si_00000142_0,Hiring,7008,usd,month,3,001000000000142AAA,Medina-Navarro,CA,2522.88,3,,Holly Wood,2022-04-05,800000000000142AAA,2026-01-28,2027-01-27,12,2522.88,3
cus_000001436058,"Hurst, Freeman and Nelson",billing@hurstfreemanandnelson.com,2026-06-01,001000000000143AAA,2025-07-03,si_00000143_0,Hiring,6528,usd,month,4,001000000000143AAA,"Hurst, Freeman and Nelson",NY,5483.88,3,,Lisa Jackson,2025-06-20,800000000000143AAA,2022-09-17,2024-09-16,24,5483.88,3
cus_000001436058,"Hurst, Freeman and Nelson",billing@hurstfreemanandnelson.com,2026-06-01,001000000000143AAA,2025-07-03,si_00000143_1,HR,8705,usd,month,4,001000000000143AAA,"Hurst, Freeman and Nelson",NY,5483.88,3,,Lisa Jackson,2025-06-20,800000000000143AAA,2022-09-17,2024-09-16,24,5483.88,3
cus_000001447996,Johnson-Rogers,billing@johnsonrogers.com,2026-06-09,001000000000144AAA,2025-02-06,si_00000144_0,Hiring,5909,usd,month,2,001000000000144AAA,Johnson-Rogers,UT,1418.16,2,,Derek Zuniga,2025-01-14,800000000000144AAA,2023-12-30,2024-12-29,12,1418.16,2
cus_000001454713,"Yates, Ramsey and Pittman",billing@yatesramseyandpittman.com,2026-06-02,001000000000145AAA,2024-09-26,si_00000145_0,Hiring,7102,usd,month,1,001000000000145AAA,"Yates, Ramsey and Pittman",PA,1988.64,1,,Lisa Jackson,2024-09-15,,,,,,
cus_000001454713,"Yates, Ramsey and Pittman",billing@yatesramseyandpittman.com,2026-06-02,001000000000145AAA,2024-09-26,si_00000145_1,HR,9470,usd,month,1,001000000000145AAA,"Yates, Ramsey and Pittman",PA,1988.64,1,,Lisa Jackson,2024-09-15,,,,,,
cus_000001464220,Hooper PLC,billing@hooperplc.com,2026-06-15,001000000000146AAA,2023-02-26,si_00000146_0,Hiring,97488,usd,year,1,001000000000146AAA,Hooper PLC,NY,4549.20,2,,Carla Gray,2023-02-08,800000000000146AAA,2024-10-28,2026-10-27,24,4549.20,2
cus_000001464220,Hooper PLC,billing@hooperplc.com,2026-06-15,001000000000146AAA,2023-02-26,si_00000146_1,HR,129972,usd,year,1,001000000000146AAA,Hooper PLC,NY,4549.20,2,,Carla Gray,2023-02-08,800000000000146AAA,2024-10-28,2026-10-27,24,4549.20,2
cus_000001476369,Meadows PLC,billing@meadowsplc.com,2026-06-10,001000000000147AAA,2023-06-27,si_00000147_0,Hiring,5425,usd,month,2,001000000000147AAA,Meadows PLC,IL,10817.76,2,Connie Lawrence,Lisa Jackson,2023-06-12,800000000000147AAA,2026-03-20,2027-03-19,12,10817.76,2
cus_000001476369,Meadows PLC,billing@meadowsplc.com,2026-06-10,001000000000147AAA,2023-06-27,si_00000147_1,HR,7233,usd,month,2,001000000000147AAA,Meadows PLC,IL,10817.76,2,Connie Lawrence,Lisa Jackson,2023-06-12,800000000000147AAA,2026-03-20,2027-03-19,12,10817.76,2
cus_000001476369,Meadows PLC,billing@meadowsplc.com,2026-06-10,001000000000147AAA,2023-06-27,si_00000147_2,Payroll,1013,usd,month,64,001000000000147AAA,Meadows PLC,IL,10817.76,2,Connie Lawrence,Lisa Jackson,2023-06-12,800000000000147AAA,2026-03-20,2027-03-19,12,10817.76,2
cus_000001485318,"Alvarado, Miller and Patterson",billing@alvaradomillerandpatterson.com,2026-06-08,001000000000148AAA,2022-04-12,si_00000148_0,Hiring,7411,usd,month,2,001000000000148AAA,"Alvarado, Miller and Patterson",UT,1778.64,2,Allison Hill,Lisa Jackson,2022-03-14,800000000000148AAA,2026-05-10,2027-05-09,12,1778.64,2
cus_000001492537,White-Green,billing@whitegreen.com,2026-06-15,001000000000149AAA,2025-04-07,si_00000149_0,Hiring,8159,usd,month,6,001000000000149AAA,White-Green,OH,42060.96,6,Abigail Shaffer,Margaret Hawkins DDS,2025-04-02,,,,,,
cus_000001492537,White-Green,billing@whitegreen.com,2026-06-15,001000000000149AAA,2025-04-07,si_00000149_1,Payroll,1523,usd,month,198,001000000000149AAA,White-Green,OH,42060.96,6,Abigail Shaffer,Margaret Hawkins DDS,2025-04-02,,,,,,
cus_000001507990,Lewis-Mrphy,billing@lewismurphy.com,2026-06-10,,2023-08-05,si_00000150_0,Hiring,6710,usd,month,7,,,,,,,,,,,,,,
cus_000001507990,Lewis-Mrphy,billing@lewismurphy.com,2026-06-10,,2023-08-05,si_00000150_1,HR,8947,usd,month,7,,,,,,,,,,,,,,
cus_000001513484,Ramirez-Bean,billing@ramirezbean.com,2026-06-06,001000000000151AAA,2025-07-08,si_00000151_0,Hiring,56328,usd,year,1,001000000000151AAA,Ramirez-Bean,GA,2981.04,1,Allison Hill,Michele Williams,2025-06-24,,,,,,
cus_000001513484,Ramirez-Bean,billing@ramirezbean.com,2026-06-06,001000000000151AAA,2025-07-08,si_00000151_1,Payroll,10512,usd,year,23,001000000000151AAA,Ramirez-Bean,GA,2981.04,1,Allison Hill,Michele Williams,2025-06-24,,,,,,
cus_000001520524,King-Miller,billing@kingmiller.com,2026-06-04,001000000000152AAA,2025-12-21,si_00000152_0,Hiring,7977,usd,month,3,001000000000152AAA,King-Miller,FL,6700.68,3,Cristian Santos,Holly Wood,2025-12-06,800000000000152AAA,2025-08-23,2026-08-22,12,6700.68,3
cus_000001520524,King-Miller,billing@kingmiller.com,2026-06-04,001000000000152AAA,2025-12-21,si_00000152_1,HR,10636,usd,month,3,001000000000152AAA,King-Miller,FL,6700.68,3,Cristian Santos,Holly Wood,2025-12-06,800000000000152AAA,2025-08-23,2026-08-22,12,6700.68,3
cus_000001532695,Curry,billing@curryinc.com,2026-05-02,,2024-10-30,si_00000153_0,Hiring,4500,usd,month,1,,,,,,,,,,,,,,
cus_000001532695,Curry,billing@curryinc.com,2026-05-02,,2024-10-30,si_00000153_1,Payroll,840,usd,month,27,,,,,,,,,,,,,,
cus_000001549635,Walker-Jones,billing@walkerjones.com,2026-06-03,001000000000154AAA,2024-11-03,si_00000154_0,Hiring,7372,usd,month,4,001000000000154AAA,Walker-Jones,IL,8256.48,4,,Jamie Arnold,2024-10-28,800000000000154AAA,2024-10-21,2025-10-20,12,8256.48,4
cus_000001549635,Walker-Jones,billing@walkerjones.com,2026-06-03,001000000000154AAA,2024-11-03,si_00000154_1,HR,9829,usd,month,4,001000000000154AAA,Walker-Jones,IL,8256.48,4,,Jamie Arnold,2024-10-28,800000000000154AAA,2024-10-21,2025-10-20,12,8256.48,4
cus_000001559113,"Williams, Johnson and Wright",billing@williamsjohnsonandwright.com,2026-02-07,001000000000155AAA,2022-04-02,si_00000155_0,Hiring,7968,usd,month,5,001000000000155AAA,"Williams, Johnson and Wright",CO,4780.80,5,,Jamie Arnold,2022-03-18,800000000000155AAA,2024-07-01,2027-06-30,36,4780.80,5
cus_000001569728,Howell and Sons,billing@howellandsons.com,2026-06-11,001000000000156AAA,2022-07-25,si_00000156_0,Hiring,5785,usd,month,7,001000000000156AAA,Howell and Sons,NY,11338.32,7,,Michele Williams,2022-07-14,800000000000156AAA,2025-09-30,2027-09-29,24,11338.32,7
cus_000001569728,Howell and Sons,billing@howellandsons.com,2026-06-11,001000000000156AAA,2022-07-25,si_00000156_1,HR,7713,usd,month,7,001000000000156AAA,Howell and Sons,NY,11338.32,7,,Michele Williams,2022-07-14,800000000000156AAA,2025-09-30,2027-09-29,24,11338.32,7
cus_000001579968,Wells Inc,billing@wellsinc.com,2026-06-08,001000000000157AAA,2025-09-01,si_00000157_0,Hiring,9200,usd,month,4,001000000000157AAA,Wells Inc,NY,10304.16,4,,Dylan Miller,2025-08-13,,,,,,
cus_000001579968,Wells Inc,billing@wellsinc.com,2026-06-08,001000000000157AAA,2025-09-01,si_00000157_1,HR,12267,usd,month,4,001000000000157AAA,Wells Inc,NY,10304.16,4,,Dylan Miller,2025-08-13,,,,,,
cus_000001586697,"Gould, Marshall and Scott",billing@gouldmarshallandscott.com,2026-06-11,001000000000158AAA,2021-11-26,si_00000158_0,Hiring,6836,usd,month,3,001000000000158AAA,"Gould, Marshall and Scott",CA,7973.28,3,,Dylan Miller,2021-11-10,800000000000158AAA,2025-06-04,2028-06-03,36,7973.28,3
cus_000001586697,"Gould, Marshall and Scott",billing@gouldmarshallandscott.com,2026-06-11,001000000000158AAA,2021-11-26,si_00000158_1,Payroll,1276,usd,month,36,001000000000158AAA,"Gould, Marshall and Scott",CA,7973.28,3,,Dylan Miller,2021-11-10,800000000000158AAA,2025-06-04,2028-06-03,36,7973.28,3
cus_000001594516,Jackson-Lawson,billing@jacksonlawson.com,2026-06-10,001000000000159AAA,2022-03-14,si_00000159_0,Hiring,8862,usd,month,2,001000000000159AAA,Jackson-Lawson,PA,9726.24,2,,Lisa Hensley,2022-02-27,,,,,,
cus_000001594516,Jackson-Lawson,billing@jacksonlawson.com,2026-06-10,001000000000159AAA,2022-03-14,si_00000159_1,HR,11816,usd,month,2,001000000000159AAA,Jackson-Lawson,PA,9726.24,2,,Lisa Hensley,2022-02-27,,,,,,
cus_000001594516,Jackson-Lawson,billing@jacksonlawson.com,2026-06-10,001000000000159AAA,2022-03-14,si_00000159_2,Payroll,1654,usd,month,24,001000000000159AAA,Jackson-Lawson,PA,9726.24,2,,Lisa Hensley,2022-02-27,,,,,,
cus_000001608506,"Higgins, Strickland and Martin",billing@higginsstricklandandmartin.com,2026-06-11,001000000000160AAA,2022-11-08,si_00000160_0,Hiring,8058,usd,month,1,001000000000160AAA,"Higgins, Strickland and Martin",TX,25177.68,3,,Brian Ramirez,2022-10-16,,,,,,
cus_000001608506,"Higgins, Strickland and Martin",billing@higginsstricklandandmartin.com,2026-06-11,001000000000160AAA,2022-11-08,si_00000160_1,HR,10744,usd,month,1,001000000000160AAA,"Higgins, Strickland and Martin",TX,25177.68,3,,Brian Ramirez,2022-10-16,,,,,,
cus_000001608506,"Higgins, Strickland and Martin",billing@higginsstricklandandmartin.com,2026-06-11,001000000000160AAA,2022-11-08,si_00000160_2,Payroll,1504,usd,month,34,001000000000160AAA,"Higgins, Strickland and Martin",TX,25177.68,3,,Brian Ramirez,2022-10-16,,,,,,
cus_000001610238,Rodriguez-Johnson,billing@rodriguezjohnson.com,2026-06-02,001000000000161AAA,2024-08-03,si_00000161_0,Hiring,4754,usd,month,8,001000000000161AAA,Rodriguez-Johnson,PA,39600.00,8,,Carla Gray,2024-07-14,,,,,,
cus_000001610238,Rodriguez-Johnson,billing@rodriguezjohnson.com,2026-06-02,001000000000161AAA,2024-08-03,si_00000161_1,HR,6338,usd,month,8,001000000000161AAA,Rodriguez-Johnson,PA,39600.00,8,,Carla Gray,2024-07-14,,,,,,
cus_000001610238,Rodriguez-Johnson,billing@rodriguezjohnson.com,2026-06-02,001000000000161AAA,2024-08-03,si_00000161_2,Payroll,887,usd,month,272,001000000000161AAA,Rodriguez-Johnson,PA,39600.00,8,,Carla Gray,2024-07-14,,,,,,
cus_000001628343,Johnston-Odonnell,billing@johnstonodonnell.com,2026-06-12,,2023-06-09,si_00000162_0,Hiring,8726,usd,month,5,,,,,,,,,,,,,,
cus_000001628343,Johnston-Odonnell,billing@johnstonodonnell.com,2026-06-12,,2023-06-09,si_00000162_1,HR,11635,usd,month,5,,,,,,,,,,,,,,
cus_000001628343,Johnston-Odonnell,billing@johnstonodonnell.com,2026-06-12,,2023-06-09,si_00000162_2,Payroll,1629,usd,month,95,,,,,,,,,,,,,,
cus_000001633354,Sanders-Espinoza,billing@sandersespinoza.com,2026-06-10,001000000000163AAA,2023-10-18,si_00000163_0,Hiring,5659,usd,month,1,001000000000163AAA,Sanders-Espinoza,TN,5512.80,1,,Dylan Miller,2023-09-28,800000000000163AAA,2023-12-21,2025-12-20,24,5512.80,1
cus_000001633354,Sanders-Espinoza,billing@sandersespinoza.com,2026-06-10,001000000000163AAA,2023-10-18,si_00000163_1,HR,7545,usd,month,1,001000000000163AAA,Sanders-Espinoza,TN,5512.80,1,,Dylan Miller,2023-09-28,800000000000163AAA,2023-12-21,2025-12-20,24,5512.80,1
cus_000001633354,Sanders-Espinoza,billing@sandersespinoza.com,2026-06-10,001000000000163AAA,2023-10-18,si_00000163_2,Payroll,1056,usd,month,31,001000000000163AAA,Sanders-Espinoza,TN,5512.80,1,,Dylan Miller,2023-09-28,800000000000163AAA,2023-12-21,2025-12-20,24,5512.80,1
cus_000001646636,Vargas Ltd,billing@vargasltd.com,2026-02-16,001000000000164AAA,2021-11-19,si_00000164_0,Hiring,5850,usd,month,1,001000000000164AAA,Vargas Ltd,NY,702.00,1,Angie Henderson,Holly Wood,2021-11-08,800000000000164AAA,2025-10-20,2026-10-19,12,702.00,1
cus_000001654063,Garcia,billing@garciallc.com,2026-06-01,,2026-03-13,si_00000165_0,Hiring,4939,usd,month,7,,,,,,,,,,,,,,
cus_000001654063,Garcia,billing@garciallc.com,2026-06-01,,2026-03-13,si_00000165_1,HR,6586,usd,month,7,,,,,,,,,,,,,,
cus_000001654063,Garcia,billing@garciallc.com,2026-06-01,,2026-03-13,si_00000165_2,Payroll,922,usd,month,28,,,,,,,,,,,,,,
cus_000001660317,"Burke, Martinez and Riggs",billing@burkemartinezandriggs.com,2026-06-04,001000000000166AAA,2022-09-01,si_00000166_0,Hiring,8164,usd,month,5,001000000000166AAA,"Burke, Martinez and Riggs",WA,4572.00,2,Allison Hill,Jamie Arnold,2022-08-30,800000000000166AAA,2025-12-21,2026-12-20,12,4572.00,2
cus_000001660317,"Burke, Martinez and Riggs",billing@burkemartinezandriggs.com,2026-06-04,001000000000166AAA,2022-09-01,si_00000166_1,HR,10886,usd,month,5,001000000000166AAA,"Burke, Martinez and Riggs",WA,4572.00,2,Allison Hill,Jamie Arnold,2022-08-30,800000000000166AAA,2025-12-21,2026-12-20,12,4572.00,2
cus_000001674237,Reed Group,billing@reedgroup.com,2026-06-13,001000000000167AAA,2025-06-24,si_00000167_0,Hiring,7140,usd,month,2,001000000000167AAA,Reed Group,GA,3998.16,2,,Holly Wood,2025-06-09,800000000000167AAA,2023-04-06,2025-04-05,24,3998.16,2
cus_000001674237,Reed Group,billing@reedgroup.com,2026-06-13,001000000000167AAA,2025-06-24,si_00000167_1,HR,9519,usd,month,2,001000000000167AAA,Reed Group,GA,3998.16,2,,Holly Wood,2025-06-09,800000000000167AAA,2023-04-06,2025-04-05,24,3998.16,2
cus_000001684083,"Wood, Hunter and Peterson",billing@woodhunterandpeterson.com,2026-06-12,001000000000168AAA,2026-05-26,si_00000168_0,Hiring,8434,usd,month,2,001000000000168AAA,"Wood, Hunter and Peterson",CA,4723.20,2,,Dylan Miller,2026-04-28,800000000000168AAA,2024-04-22,2026-04-21,24,4723.20,2
cus_000001684083,"Wood, Hunter and Peterson",billing@woodhunterandpeterson.com,2026-06-12,001000000000168AAA,2026-05-26,si_00000168_1,HR,11246,usd,month,2,001000000000168AAA,"Wood, Hunter and Peterson",CA,4723.20,2,,Dylan Miller,2026-04-28,800000000000168AAA,2024-04-22,2026-04-21,24,4723.20,2
cus_000001692247,Short-Garcia,billing@shortgarcia.com,2026-06-13,001000000000169AAA,2024-08-01,si_00000169_0,Hiring,8178,usd,month,2,001000000000169AAA,Short-Garcia,AZ,7878.00,2,Noah Rhodes,Jamie Arnold,2024-07-21,,,,,,
cus_000001692247,Short-Garcia,billing@shortgarcia.com,2026-06-13,001000000000169AAA,2024-08-01,si_00000169_1,HR,10904,usd,month,2,001000000000169AAA,Short-Garcia,AZ,7878.00,2,Noah Rhodes,Jamie Arnold,2024-07-21,,,,,,
cus_000001692247,Short-Garcia,billing@shortgarcia.com,2026-06-13,001000000000169AAA,2024-08-01,si_00000169_2,Payroll,1527,usd,month,18,001000000000169AAA,Short-Garcia,AZ,7878.00,2,Noah Rhodes,Jamie Arnold,2024-07-21,,,,,,
cus_000001702472,Reid-Poole,billing@reidpoole.com,2026-06-10,001000000000170AAA,2021-11-19,si_00000170_0,Hiring,6980,usd,month,10,001000000000170AAA,Reid-Poole,WA,10051.20,12,,Ryan Munoz,2021-11-11,800000000000170AAA,2026-04-23,2027-04-22,12,10051.20,12
cus_000001715840,"Hernandez, Thompson & Boyd",billing@hernandezthompsonandboyd.com,2026-06-12,,2025-11-14,si_00000171_0,Hiring,9057,usd,month,2,,,,,,,,,,,,,,
cus_000001715840,"Hernandez, Thompson & Boyd",billing@hernandezthompsonandboyd.com,2026-06-12,,2025-11-14,si_00000171_1,HR,12076,usd,month,2,,,,,,,,,,,,,,
cus_000001715840,"Hernandez, Thompson & Boyd",billing@hernandezthompsonandboyd.com,2026-06-12,,2025-11-14,si_00000171_2,Payroll,1691,usd,month,48,,,,,,,,,,,,,,
cus_000001726707,"Nelson, Morton and Medina",billing@nelsonmortonandmedina.com,2026-06-01,001000000000172AAA,2025-10-01,si_00000172_0,Hiring,7212,usd,month,2,001000000000172AAA,"Nelson, Morton and Medina",TN,4038.72,2,Gina Moore,Jamie Arnold,2025-09-07,800000000000172AAA,2023-10-22,2026-10-21,36,4038.72,2
cus_000001726707,"Nelson, Morton and Medina",billing@nelsonmortonandmedina.com,2026-06-01,001000000000172AAA,2025-10-01,si_00000172_1,HR,9616,usd,month,2,001000000000172AAA,"Nelson, Morton and Medina",TN,4038.72,2,Gina Moore,Jamie Arnold,2025-09-07,800000000000172AAA,2023-10-22,2026-10-21,36,4038.72,2
cus_000001732125,Marshall-Petersen,billing@marshallpetersen.com,2026-06-13,001000000000173AAA,2023-12-30,si_00000173_0,Hiring,7535,usd,month,5,001000000000173AAA,Marshall-Petersen,CA,4521.00,5,Angie Henderson,Jamie Arnold,2023-12-27,800000000000173AAA,2024-09-22,2026-09-21,24,4521.00,5
cus_000001742394,"Adams, Christian and Rivas",billing@adamschristianandrivas.com,2026-06-03,001000000000174AAA,2022-02-23,si_00000174_0,Hiring,6368,usd,month,2,001000000000174AAA,"Adams, Christian and Rivas",OH,12697.68,2,,Michele Williams,2022-02-06,800000000000174AAA,2025-03-08,2026-03-07,12,12697.68,2
cus_000001742394,"Adams, Christian and Rivas",billing@adamschristianandrivas.com,2026-06-03,001000000000174AAA,2022-02-23,si_00000174_1,HR,8491,usd,month,2,001000000000174AAA,"Adams, Christian and Rivas",OH,12697.68,2,,Michele Williams,2022-02-06,800000000000174AAA,2025-03-08,2026-03-07,12,12697.68,2
cus_000001742394,"Adams, Christian and Rivas",billing@adamschristianandrivas.com,2026-06-03,001000000000174AAA,2022-02-23,si_00000174_2,Payroll,1189,usd,month,64,001000000000174AAA,"Adams, Christian and Rivas",OH,12697.68,2,,Michele Williams,2022-02-06,800000000000174AAA,2025-03-08,2026-03-07,12,12697.68,2
cus_000001759595,Ramirez Group,billing@ramirezgroup.com,2026-06-02,001000000000175AAA,2022-05-21,si_00000175_0,Hiring,9375,usd,month,2,001000000000175AAA,Ramirez Group,CO,5250.00,2,,Lisa Jackson,2022-05-17,,,,,,
cus_000001759595,Ramirez Group,billing@ramirezgroup.com,2026-06-02,001000000000175AAA,2022-05-21,si_00000175_1,HR,12500,usd,month,2,001000000000175AAA,Ramirez Group,CO,5250.00,2,,Lisa Jackson,2022-05-17,,,,,,
cus_000001760427,Christensen PLC,billing@christensenplc.com,2026-06-14,001000000000176AAA,2023-12-26,si_00000176_0,Hiring,8551,usd,month,4,001000000000176AAA,Christensen PLC,TX,21724.32,4,,Lisa Hensley,2023-12-11,800000000000176AAA,2025-01-20,2026-01-19,12,21724.32,4
cus_000001760427,Christensen PLC,billing@christensenplc.com,2026-06-14,001000000000176AAA,2023-12-26,si_00000176_1,Payroll,1596,usd,month,92,001000000000176AAA,Christensen PLC,TX,21724.32,4,,Lisa Hensley,2023-12-11,800000000000176AAA,2025-01-20,2026-01-19,12,21724.32,4
cus_000001779908,"Barnett, Rogers and Snyder",billing@barnettrogersandsnyder.com,2026-06-10,001000000000177AAA,2022-12-09,si_00000177_0,Hiring,5546,usd,month,3,001000000000177AAA,"Barnett, Rogers and Snyder",FL,1996.56,3,,Lisa Hensley,2022-11-23,,,,,,
cus_000001789243,White-Lewis,billing@whitelewis.com,2026-06-02,001000000000178AAA,2022-04-28,si_00000178_0,Hiring,4965,usd,month,12,001000000000178AAA,White-Lewis,IL,34035.84,12,,Jamie Arnold,2022-04-09,800000000000178AAA,2026-02-04,2027-02-03,12,34035.84,12
cus_000001789243,White-Lewis,billing@whitelewis.com,2026-06-02,001000000000178AAA,2022-04-28,si_00000178_1,HR,6620,usd,month,12,001000000000178AAA,White-Lewis,IL,34035.84,12,,Jamie Arnold,2022-04-09,800000000000178AAA,2026-02-04,2027-02-03,12,34035.84,12
cus_000001789243,White-Lewis,billing@whitelewis.com,2026-06-02,001000000000178AAA,2022-04-28,si_00000178_2,Payroll,927,usd,month,156,001000000000178AAA,White-Lewis,IL,34035.84,12,,Jamie Arnold,2022-04-09,800000000000178AAA,2026-02-04,2027-02-03,12,34035.84,12
cus_000001790315,Peterson-Beard,billing@petersonbeard.com,2026-06-08,001000000000179AAA,2021-12-12,si_00000179_0,Hiring,7004,usd,month,4,001000000000179AAA,Peterson-Beard,FL,10262.88,4,,Monica Herrera,2021-11-30,,,,,,
cus_000001790315,Peterson-Beard,billing@petersonbeard.com,2026-06-08,001000000000179AAA,2021-12-12,si_00000179_1,Payroll,1307,usd,month,44,001000000000179AAA,Peterson-Beard,FL,10262.88,4,,Monica Herrera,2021-11-30,,,,,,
cus_000001807699,"Beard, Peters and",billing@beardpetersandblack.com,2026-06-06,,2022-05-09,si_00000180_0,Hiring,65892,usd,year,10,,,,,,,,,,,,,,
cus_000001807699,"Beard, Peters and",billing@beardpetersandblack.com,2026-06-06,,2022-05-09,si_00000180_1,HR,87864,usd,year,10,,,,,,,,,,,,,,
cus_000001811809,Miller Ltd,billing@millerltd.com,2026-06-02,001000000000181AAA,2024-08-27,si_00000181_0,Hiring,6556,usd,month,1,001000000000181AAA,Miller Ltd,CO,1835.76,1,,Jamie Arnold,2024-08-08,800000000000181AAA,2026-04-07,2027-04-06,12,1835.76,1
cus_000001811809,Miller Ltd,billing@millerltd.com,2026-06-02,001000000000181AAA,2024-08-27,si_00000181_1,HR,8742,usd,month,1,001000000000181AAA,Miller Ltd,CO,1835.76,1,,Jamie Arnold,2024-08-08,800000000000181AAA,2026-04-07,2027-04-06,12,1835.76,1
cus_000001824629,Freeman-Chang,billing@freemanchang.com,2026-06-11,001000000000182AAA,2026-03-25,si_00000182_0,Hiring,5291,usd,month,1,001000000000182AAA,Freeman-Chang,GA,1481.52,1,,Jamie Arnold,2026-03-08,800000000000182AAA,2024-08-10,2027-08-09,36,1481.52,1
cus_000001824629,Freeman-Chang,billing@freemanchang.com,2026-06-11,001000000000182AAA,2026-03-25,si_00000182_1,HR,7055,usd,month,1,001000000000182AAA,Freeman-Chang,GA,1481.52,1,,Jamie Arnold,2026-03-08,800000000000182AAA,2024-08-10,2027-08-09,36,1481.52,1
cus_000001833729,"Alvarez, Joseph and West",billing@alvarezjosephandwest.com,2026-06-13,001000000000183AAA,2026-02-21,si_00000183_0,Hiring,77520,usd,year,3,001000000000183AAA,"Alvarez, Joseph and West",FL,8403.84,3,,Derek Zuniga,2026-02-11,,,,,,
cus_000001833729,"Alvarez, Joseph and West",billing@alvarezjosephandwest.com,2026-06-13,001000000000183AAA,2026-02-21,si_00000183_1,Payroll,14472,usd,year,42,001000000000183AAA,"Alvarez, Joseph and West",FL,8403.84,3,,Derek Zuniga,2026-02-11,,,,,,
cus_000001846660,Davis and Sons,billing@davisandsons.com,2026-05-01,001000000000184AAA,2022-01-22,si_00000184_0,Hiring,104592,usd,year,3,001000000000184AAA,Davis and Sons,WA,24892.92,3,Noah Rhodes,Dylan Miller,2022-01-22,800000000000184AAA,2025-11-09,2026-11-08,12,24892.92,3
cus_000001846660,Davis and Sons,billing@davisandsons.com,2026-05-01,001000000000184AAA,2022-01-22,si_00000184_1,HR,139452,usd,year,3,001000000000184AAA,Davis and Sons,WA,24892.92,3,Noah Rhodes,Dylan Miller,2022-01-22,800000000000184AAA,2025-11-09,2026-11-08,12,24892.92,3
cus_000001846660,Davis and Sons,billing@davisandsons.com,2026-05-01,001000000000184AAA,2022-01-22,si_00000184_2,Payroll,19524,usd,year,90,001000000000184AAA,Davis and Sons,WA,24892.92,3,Noah Rhodes,Dylan Miller,2022-01-22,800000000000184AAA,2025-11-09,2026-11-08,12,24892.92,3
cus_000001854347,Holt-Torres,billing@holttorres.com,2026-06-11,001000000000185AAA,2023-01-19,si_00000185_0,Hiring,4796,usd,month,7,001000000000185AAA,Holt-Torres,NC,13158.60,7,Gabrielle Davis,Dylan Miller,2023-01-08,,,,,,
cus_000001854347,Holt-Torres,billing@holttorres.com,2026-06-11,001000000000185AAA,2023-01-19,si_00000185_1,HR,6394,usd,month,7,001000000000185AAA,Holt-Torres,NC,13158.60,7,Gabrielle Davis,Dylan Miller,2023-01-08,,,,,,
cus_000001854347,Holt-Torres,billing@holttorres.com,2026-06-11,001000000000185AAA,2023-01-19,si_00000185_2,Payroll,895,usd,month,35,001000000000185AAA,Holt-Torres,NC,13158.60,7,Gabrielle Davis,Dylan Miller,2023-01-08,,,,,,
cus_000001877792,"Pierce, Bell and Chavez",billing@piercebellandchavez.com,2026-06-12,001000000000187AAA,2023-08-31,si_00000187_0,Hiring,7442,usd,month,3,001000000000187AAA,"Pierce, Bell and Chavez",CA,14752.08,3,Angie Henderson,Brian Ramirez,2023-08-10,,,,,,
cus_000001877792,"Pierce, Bell and Chavez",billing@piercebellandchavez.com,2026-06-12,001000000000187AAA,2023-08-31,si_00000187_1,HR,9923,usd,month,3,001000000000187AAA,"Pierce, Bell and Chavez",CA,14752.08,3,Angie Henderson,Brian Ramirez,2023-08-10,,,,,,
cus_000001877792,"Pierce, Bell and Chavez",billing@piercebellandchavez.com,2026-06-12,001000000000187AAA,2023-08-31,si_00000187_2,Payroll,1389,usd,month,51,001000000000187AAA,"Pierce, Bell and Chavez",CA,14752.08,3,Angie Henderson,Brian Ramirez,2023-08-10,,,,,,
cus_000001884259,King-Martinez,billing@kingmartinez.com,2025-11-21,001000000000188AAA,2021-11-27,si_00000188_0,Hiring,6145,usd,month,1,001000000000188AAA,King-Martinez,TX,2949.60,4,Connie Lawrence,Michele Williams,2021-11-20,800000000000188AAA,2024-03-15,2025-03-14,12,2949.60,4
cus_000001892357,Stewart Ltd,billing@stewartltd.com,2026-06-13,001000000000189AAA,2021-11-26,si_00000189_0,Hiring,6588,usd,month,13,001000000000189AAA,Stewart Ltd,AZ,85381.92,13,,Dylan Miller,2021-11-20,,,,,,
cus_000001892357,Stewart Ltd,billing@stewartltd.com,2026-06-13,001000000000189AAA,2021-11-26,si_00000189_1,HR,8784,usd,month,13,001000000000189AAA,Stewart Ltd,AZ,85381.92,13,,Dylan Miller,2021-11-20,,,,,,
cus_000001892357,Stewart Ltd,billing@stewartltd.com,2026-06-13,001000000000189AAA,2021-11-26,si_00000189_2,Payroll,1230,usd,month,416,001000000000189AAA,Stewart Ltd,AZ,85381.92,13,,Dylan Miller,2021-11-20,,,,,,
cus_000001902736,"Tpia, Vaughn and Lee",billing@tapiavaughnandlee.com,2026-06-02,,2025-11-19,si_00000190_0,Hiring,7863,usd,month,2,,,,,,,,,,,,,,
cus_000001902736,"Tpia, Vaughn and Lee",billing@tapiavaughnandlee.com,2026-06-02,,2025-11-19,si_00000190_1,HR,10484,usd,month,2,,,,,,,,,,,,,,
cus_000001902736,"Tpia, Vaughn and Lee",billing@tapiavaughnandlee.com,2026-06-02,,2025-11-19,si_00000190_2,Payroll,1468,usd,month,24,,,,,,,,,,,,,,
cus_000001915398,"Washington, Hardy and Bray",billing@washingtonhardyandbray.com,2026-06-14,001000000000191AAA,2025-07-09,si_00000191_0,Hiring,7364,usd,month,6,001000000000191AAA,"Washington, Hardy and Bray",CA,5302.08,6,,Ryan Munoz,2025-07-03,800000000000191AAA,2025-03-10,2026-03-09,12,5302.08,6
cus_000001928307,"Carlson, Hooper and Wall",billing@carlsonhooperandwall.com,2026-06-07,001000000000192AAA,2025-08-20,si_00000192_0,Hiring,6969,usd,month,4,001000000000192AAA,"Carlson, Hooper and Wall",GA,1672.56,2,,Michele Williams,2025-07-29,800000000000192AAA,2025-09-17,2026-09-16,12,1672.56,2
cus_000001937690,Perez-White,billing@perezwhite.com,2026-06-15,001000000000193AAA,2026-04-13,si_00000193_0,Hiring,7042,usd,month,5,001000000000193AAA,Perez-White,OH,9858.60,5,,Dylan Miller,2026-03-31,800000000000193AAA,2023-11-29,2024-11-28,12,9858.60,5
cus_000001937690,Perez-White,billing@perezwhite.com,2026-06-15,001000000000193AAA,2026-04-13,si_00000193_1,HR,9389,usd,month,5,001000000000193AAA,Perez-White,OH,9858.60,5,,Dylan Miller,2026-03-31,800000000000193AAA,2023-11-29,2024-11-28,12,9858.60,5
cus_000001944377,Erickson and Sons,billing@ericksonandsons.com,2026-06-01,001000000000194AAA,2024-12-16,si_00000194_0,Hiring,84480,usd,year,4,001000000000194AAA,Erickson and Sons,TX,27346.56,4,,Monica Herrera,2024-12-04,800000000000194AAA,2026-01-12,2027-01-11,12,27346.56,4
cus_000001944377,Erickson and Sons,billing@ericksonandsons.com,2026-06-01,001000000000194AAA,2024-12-16,si_00000194_1,Payroll,15768,usd,year,152,001000000000194AAA,Erickson and Sons,TX,27346.56,4,,Monica Herrera,2024-12-04,800000000000194AAA,2026-01-12,2027-01-11,12,27346.56,4
cus_000001951961,Williams-Brown,billing@williamsbrown.com,2026-06-08,001000000000195AAA,2025-02-07,si_00000195_0,Hiring,7474,usd,month,3,001000000000195AAA,Williams-Brown,TX,26366.40,5,Gina Moore,Carla Gray,2025-01-21,800000000000195AAA,2022-12-19,2024-12-18,24,26366.40,5
cus_000001951961,Williams-Brown,billing@williamsbrown.com,2026-06-08,001000000000195AAA,2025-02-07,si_00000195_1,HR,9965,usd,month,3,001000000000195AAA,Williams-Brown,TX,26366.40,5,Gina Moore,Carla Gray,2025-01-21,800000000000195AAA,2022-12-19,2024-12-18,24,26366.40,5
cus_000001951961,Williams-Brown,billing@williamsbrown.com,2026-06-08,001000000000195AAA,2025-02-07,si_00000195_2,Payroll,1395,usd,month,57,001000000000195AAA,Williams-Brown,TX,26366.40,5,Gina Moore,Carla Gray,2025-01-21,800000000000195AAA,2022-12-19,2024-12-18,24,26366.40,5
cus_000001968633,Terry-Martinez,billing@terrymartinez.com,2026-06-13,001000000000196AAA,2023-03-17,si_00000196_0,Hiring,7270,usd,month,8,001000000000196AAA,Terry-Martinez,OH,14248.92,7,Cristian Santos,Derek Zuniga,2023-03-10,,,,,,
cus_000001968633,Terry-Martinez,billing@terrymartinez.com,2026-06-13,001000000000196AAA,2023-03-17,si_00000196_1,HR,9693,usd,month,8,001000000000196AAA,Terry-Martinez,OH,14248.92,7,Cristian Santos,Derek Zuniga,2023-03-10,,,,,,
cus_000001970567,Garcia-Smith,billing@garciasmith.com,2026-06-05,001000000000197AAA,2025-03-06,si_00000197_0,Hiring,6090,usd,month,1,001000000000197AAA,Garcia-Smith,WA,5115.96,3,Gina Moore,Holly Wood,2025-02-18,800000000000197AAA,2025-03-02,2026-03-01,12,5115.96,3
cus_000001970567,Garcia-Smith,billing@garciasmith.com,2026-06-05,001000000000197AAA,2025-03-06,si_00000197_1,HR,8121,usd,month,1,001000000000197AAA,Garcia-Smith,WA,5115.96,3,Gina Moore,Holly Wood,2025-02-18,800000000000197AAA,2025-03-02,2026-03-01,12,5115.96,3
cus_000001983991,Harrison-Alexader,billing@harrisonalexander.com,2026-06-03,,2026-04-29,si_00000198_0,Hiring,92664,usd,year,1,,,,,,,,,,,,,,
cus_000001983991,Harrison-Alexader,billing@harrisonalexander.com,2026-06-03,,2026-04-29,si_00000198_1,HR,123552,usd,year,1,,,,,,,,,,,,,,
cus_000001993931,Sheppard LLC,billing@sheppardllc.com,2025-12-29,001000000000199AAA,2023-04-28,si_00000199_0,HR,116988,usd,year,5,001000000000199AAA,Sheppard LLC,NC,25505.40,5,Allison Hill,Ryan Munoz,2023-04-01,800000000000199AAA,2026-02-28,2027-02-27,12,25505.40,5
cus_000001993931,Sheppard LLC,billing@sheppardllc.com,2025-12-29,001000000000199AAA,2023-04-28,si_00000199_1,Payroll,16380,usd,year,120,001000000000199AAA,Sheppard LLC,NC,25505.40,5,Allison Hill,Ryan Munoz,2023-04-01,800000000000199AAA,2026-02-28,2027-02-27,12,25505.40,5
cus_000002001178,Wilson-Jones,billing@wilsonjones.com,2026-06-12,001000000000200AAA,2024-01-09,si_00000200_0,Hiring,7151,usd,month,6,001000000000200AAA,Wilson-Jones,GA,5148.72,6,Angie Henderson,Holly Wood,2023-12-29,800000000000200AAA,2024-10-20,2025-10-19,12,5148.72,6
cus_000002012659,JonesSoto,billing@jonessoto.com,2026-06-09,,2022-07-08,si_00000201_0,Hiring,7365,usd,month,3,,,,,,,,,,,,,,
cus_000002021520,Hernande PLC,billing@hernandezplc.com,2026-06-11,,2023-04-03,si_00000202_0,Hiring,7416,usd,month,8,,,,,,,,,,,,,,
cus_000002021520,Hernande PLC,billing@hernandezplc.com,2026-06-11,,2023-04-03,si_00000202_1,HR,9888,usd,month,8,,,,,,,,,,,,,,
cus_000002034381,Miller-Wright,billing@millerwright.com,2026-06-10,001000000000203AAA,2026-05-29,si_00000203_0,Hiring,7430,usd,month,1,001000000000203AAA,Miller-Wright,TX,891.60,1,,Lisa Jackson,2026-05-25,800000000000203AAA,2026-04-30,2028-04-29,24,891.60,1
cus_000002043343,"Duran, Obrien and",billing@duranobrienandgibbs.com,2026-06-03,,2024-11-08,si_00000204_0,Hiring,5905,usd,month,1,,,,,,,,,,,,,,
cus_000002050707,Rowe Group,billing@rowegroup.com,2026-06-02,001000000000205AAA,2023-05-10,si_00000205_0,Hiring,84852,usd,year,6,001000000000205AAA,Rowe Group,UT,11878.56,6,,Michele Williams,2023-04-16,800000000000205AAA,2026-03-22,2027-03-21,12,11878.56,6
cus_000002050707,Rowe Group,billing@rowegroup.com,2026-06-02,001000000000205AAA,2023-05-10,si_00000205_1,HR,113124,usd,year,6,001000000000205AAA,Rowe Group,UT,11878.56,6,,Michele Williams,2023-04-16,800000000000205AAA,2026-03-22,2027-03-21,12,11878.56,6
cus_000002075304,"Branch, Torres and Oliver",billing@branchtorresandoliver.com,2026-06-08,001000000000207AAA,2022-11-29,si_00000207_0,Hiring,86532,usd,year,5,001000000000207AAA,"Branch, Torres and Oliver",TN,10095.60,5,Allison Hill,Ryan Munoz,2022-11-18,800000000000207AAA,2023-08-07,2024-08-06,12,10095.60,5
cus_000002075304,"Branch, Torres and Oliver",billing@branchtorresandoliver.com,2026-06-08,001000000000207AAA,2022-11-29,si_00000207_1,HR,115380,usd,year,5,001000000000207AAA,"Branch, Torres and Oliver",TN,10095.60,5,Allison Hill,Ryan Munoz,2022-11-18,800000000000207AAA,2023-08-07,2024-08-06,12,10095.60,5
cus_000002085527,"Choi, Garcia and Farmer",billing@choigarciaandfarmer.com,2026-06-09,001000000000208AAA,2025-05-30,si_00000208_0,Hiring,8167,usd,month,12,001000000000208AAA,"Choi, Garcia and Farmer",FL,27442.08,12,,Monica Herrera,2025-05-08,800000000000208AAA,2024-09-28,2026-09-27,24,27442.08,12
cus_000002085527,"Choi, Garcia and Farmer",billing@choigarciaandfarmer.com,2026-06-09,001000000000208AAA,2025-05-30,si_00000208_1,HR,10890,usd,month,12,001000000000208AAA,"Choi, Garcia and Farmer",FL,27442.08,12,,Monica Herrera,2025-05-08,800000000000208AAA,2024-09-28,2026-09-27,24,27442.08,12
cus_000002090013,"Clark, Guerrero and Moore",billing@clarkguerreroandmoore.com,2026-06-15,001000000000209AAA,2025-02-01,si_00000209_0,Hiring,7950,usd,month,7,001000000000209AAA,"Clark, Guerrero and Moore",TN,6678.00,7,Angie Henderson,Lisa Jackson,2025-01-19,800000000000209AAA,2025-02-02,2026-02-01,12,6678.00,7
cus_000002102542,Arnold and Sons,billing@arnoldandsons.com,2026-06-09,001000000000210AAA,2023-07-12,si_00000210_0,Hiring,6744,usd,month,6,001000000000210AAA,Arnold and Sons,PA,11329.92,6,,Holly Wood,2023-07-10,800000000000210AAA,2023-08-07,2024-08-06,12,11329.92,6
cus_000002102542,Arnold and Sons,billing@arnoldandsons.com,2026-06-09,001000000000210AAA,2023-07-12,si_00000210_1,HR,8992,usd,month,6,001000000000210AAA,Arnold and Sons,PA,11329.92,6,,Holly Wood,2023-07-10,800000000000210AAA,2023-08-07,2024-08-06,12,11329.92,6
cus_000002110359,Ortiz Ltd,billing@ortizltd.com,2026-06-05,,2024-08-25,si_00000211_0,Hiring,68712,usd,year,6,,,,,,,,,,,,,,
cus_000002110359,Ortiz Ltd,billing@ortizltd.com,2026-06-05,,2024-08-25,si_00000211_1,HR,91608,usd,year,6,,,,,,,,,,,,,,
cus_000002125076,"Harrison, Johnson and Roberts",billing@harrisonjohnsonandroberts.com,2026-06-10,001000000000212AAA,2022-02-28,si_00000212_0,Hiring,5882,usd,month,5,001000000000212AAA,"Harrison, Johnson and Roberts",WA,10474.92,3,,Derek Zuniga,2022-02-05,,,,,,
cus_000002125076,"Harrison, Johnson and Roberts",billing@harrisonjohnsonandroberts.com,2026-06-10,001000000000212AAA,2022-02-28,si_00000212_1,HR,7843,usd,month,5,001000000000212AAA,"Harrison, Johnson and Roberts",WA,10474.92,3,,Derek Zuniga,2022-02-05,,,,,,
cus_000002125076,"Harrison, Johnson and Roberts",billing@harrisonjohnsonandroberts.com,2026-06-10,001000000000212AAA,2022-02-28,si_00000212_2,Payroll,1098,usd,month,70,001000000000212AAA,"Harrison, Johnson and Roberts",WA,10474.92,3,,Derek Zuniga,2022-02-05,,,,,,
cus_000002134577,Warner-Gibson,billing@warnergibson.com,2026-05-08,001000000000213AAA,2022-12-24,si_00000213_0,Hiring,7364,usd,month,5,001000000000213AAA,Warner-Gibson,TN,10309.80,5,Cristian Santos,Holly Wood,2022-12-07,800000000000213AAA,2024-08-10,2025-08-09,12,10309.80,5
cus_000002134577,Warner-Gibson,billing@warnergibson.com,2026-05-08,001000000000213AAA,2022-12-24,si_00000213_1,HR,9819,usd,month,5,001000000000213AAA,Warner-Gibson,TN,10309.80,5,Cristian Santos,Holly Wood,2022-12-07,800000000000213AAA,2024-08-10,2025-08-09,12,10309.80,5
cus_000002148161,"Hall, Baker and Moody",billing@hallbakerandmoody.com,2026-06-11,001000000000214AAA,2022-10-02,si_00000214_0,Hiring,7910,usd,month,2,001000000000214AAA,"Hall, Baker and Moody",GA,6642.72,1,Gina Moore,Lisa Jackson,2022-09-13,,,,,,
cus_000002148161,"Hall, Baker and Moody",billing@hallbakerandmoody.com,2026-06-11,001000000000214AAA,2022-10-02,si_00000214_1,HR,10546,usd,month,2,001000000000214AAA,"Hall, Baker and Moody",GA,6642.72,1,Gina Moore,Lisa Jackson,2022-09-13,,,,,,
cus_000002148161,"Hall, Baker and Moody",billing@hallbakerandmoody.com,2026-06-11,001000000000214AAA,2022-10-02,si_00000214_2,Payroll,1476,usd,month,50,001000000000214AAA,"Hall, Baker and Moody",GA,6642.72,1,Gina Moore,Lisa Jackson,2022-09-13,,,,,,
cus_000002159107,"Guerrero, Peck and Coleman",billing@guerreropeckandcoleman.com,2026-05-10,001000000000215AAA,2024-12-15,si_00000215_0,Hiring,4563,usd,month,2,001000000000215AAA,"Guerrero, Peck and Coleman",UT,18585.00,5,Noah Rhodes,Margaret Hawkins DDS,2024-12-09,800000000000215AAA,2025-08-13,2027-08-12,24,18585.00,5
cus_000002159107,"Guerrero, Peck and Coleman",billing@guerreropeckandcoleman.com,2026-05-10,001000000000215AAA,2024-12-15,si_00000215_1,Payroll,852,usd,month,62,001000000000215AAA,"Guerrero, Peck and Coleman",UT,18585.00,5,Noah Rhodes,Margaret Hawkins DDS,2024-12-09,800000000000215AAA,2025-08-13,2027-08-12,24,18585.00,5
cus_000002167866,"Walker, Hernandez and Baker",billing@walkerhernandezandbaker.com,2026-06-07,001000000000216AAA,2025-02-03,si_00000216_0,Hiring,9375,usd,month,13,001000000000216AAA,"Walker, Hernandez and Baker",TX,96525.00,13,,Jamie Arnold,2025-01-14,,,,,,
cus_000002167866,"Walker, Hernandez and Baker",billing@walkerhernandezandbaker.com,2026-06-07,001000000000216AAA,2025-02-03,si_00000216_1,Payroll,1750,usd,month,390,001000000000216AAA,"Walker, Hernandez and Baker",TX,96525.00,13,,Jamie Arnold,2025-01-14,,,,,,
cus_000002175827,Jones and Sons,billing@jonesandsons.com,2026-06-12,001000000000217AAA,2022-12-21,si_00000217_0,Hiring,8187,usd,month,1,001000000000217AAA,Jones and Sons,CO,3916.20,1,,Monica Herrera,2022-12-21,800000000000217AAA,2026-02-06,2027-02-05,12,3916.20,1
cus_000002175827,Jones and Sons,billing@jonesandsons.com,2026-06-12,001000000000217AAA,2022-12-21,si_00000217_1,Payroll,1528,usd,month,16,001000000000217AAA,Jones and Sons,CO,3916.20,1,,Monica Herrera,2022-12-21,800000000000217AAA,2026-02-06,2027-02-05,12,3916.20,1
cus_000002185413,Larson-Holoway,billing@larsonholloway.com,2026-01-12,,2025-09-11,si_00000218_0,Hiring,8545,usd,month,8,,,,,,,,,,,,,,
cus_000002185413,Larson-Holoway,billing@larsonholloway.com,2026-01-12,,2025-09-11,si_00000218_1,HR,11394,usd,month,8,,,,,,,,,,,,,,
cus_000002192878,Gonzales-Harrison,billing@gonzalesharrison.com,2026-06-13,,2023-06-07,si_00000219_0,Hiring,5308,usd,month,3,,,,,,,,,,,,,,
cus_000002204448,Lyons-Beder,billing@lyonsbender.com,2026-06-08,,2022-10-06,si_00000220_0,Hiring,6811,usd,month,4,,,,,,,,,,,,,,
cus_000002204448,Lyons-Beder,billing@lyonsbender.com,2026-06-08,,2022-10-06,si_00000220_1,HR,9081,usd,month,4,,,,,,,,,,,,,,
cus_000002211949,"Fernandez, Kim and George",billing@fernandezkimandgeorge.com,2026-06-11,001000000000221AAA,2024-11-22,si_00000221_0,Hiring,4516,usd,month,4,001000000000221AAA,"Fernandez, Kim and George",NY,9046.56,4,,Michele Williams,2024-10-26,,,,,,
cus_000002211949,"Fernandez, Kim and George",billing@fernandezkimandgeorge.com,2026-06-11,001000000000221AAA,2024-11-22,si_00000221_1,Payroll,843,usd,month,68,001000000000221AAA,"Fernandez, Kim and George",NY,9046.56,4,,Michele Williams,2024-10-26,,,,,,
cus_000002225891,Navarro-Munoz,billing@navarromunoz.com,2026-06-08,001000000000222AAA,2024-07-18,si_00000222_0,Hiring,8948,usd,month,2,001000000000222AAA,Navarro-Munoz,NY,2147.52,2,,Michele Williams,2024-06-23,,,,,,
cus_000002239220,Davis Ltd,billing@davisltd.com,2026-06-12,001000000000223AAA,2024-10-29,si_00000223_0,Hiring,6884,usd,month,1,001000000000223AAA,Davis Ltd,TX,7632.96,1,Allison Hill,Lisa Hensley,2024-10-17,800000000000223AAA,2023-09-21,2024-09-20,12,7632.96,1
cus_000002239220,Davis Ltd,billing@davisltd.com,2026-06-12,001000000000223AAA,2024-10-29,si_00000223_1,HR,9179,usd,month,1,001000000000223AAA,Davis Ltd,TX,7632.96,1,Allison Hill,Lisa Hensley,2024-10-17,800000000000223AAA,2023-09-21,2024-09-20,12,7632.96,1
cus_000002239220,Davis Ltd,billing@davisltd.com,2026-06-12,001000000000223AAA,2024-10-29,si_00000223_2,Payroll,1285,usd,month,37,001000000000223AAA,Davis Ltd,TX,7632.96,1,Allison Hill,Lisa Hensley,2024-10-17,800000000000223AAA,2023-09-21,2024-09-20,12,7632.96,1
cus_000002240457,"Matthews, Smith and Hubbard",billing@matthewssmithandhubbard.com,2026-06-03,001000000000224AAA,2025-10-01,si_00000224_0,Hiring,100260,usd,year,6,001000000000224AAA,"Matthews, Smith and Hubbard",TX,6015.60,6,,Lisa Hensley,2025-09-04,,,,,,
cus_000002255835,Johnston-Hines,billing@johnstonhines.com,2025-12-26,001000000000225AAA,2023-10-22,si_00000225_0,Hiring,6485,usd,month,3,001000000000225AAA,Johnston-Hines,GA,2334.60,3,Angie Henderson,Lisa Hensley,2023-10-19,,,,,,
cus_000002265297,Ruiz Ltd,billing@ruizltd.com,2026-06-12,001000000000226AAA,2022-02-01,si_00000226_0,Hiring,6857,usd,month,3,001000000000226AAA,Ruiz Ltd,IL,2468.52,3,Gina Moore,Michele Williams,2022-02-01,800000000000226AAA,2026-05-08,2027-05-07,12,2468.52,3
cus_000002272897,Moon-White,billing@moonwhite.com,2026-02-10,001000000000227AAA,2023-05-08,si_00000227_0,Hiring,7862,usd,month,5,001000000000227AAA,Moon-White,GA,20695.80,5,,Monica Herrera,2023-04-28,,,,,,
cus_000002272897,Moon-White,billing@moonwhite.com,2026-02-10,001000000000227AAA,2023-05-08,si_00000227_1,HR,10483,usd,month,5,001000000000227AAA,Moon-White,GA,20695.80,5,,Monica Herrera,2023-04-28,,,,,,
cus_000002272897,Moon-White,billing@moonwhite.com,2026-02-10,001000000000227AAA,2023-05-08,si_00000227_2,Payroll,1468,usd,month,55,001000000000227AAA,Moon-White,GA,20695.80,5,,Monica Herrera,2023-04-28,,,,,,
cus_000002294543,Bailey-Cook,billing@baileycook.com,2026-06-08,001000000000229AAA,2023-05-24,si_00000229_0,Hiring,6002,usd,month,3,001000000000229AAA,Bailey-Cook,NY,2160.72,3,,Brian Ramirez,2023-05-08,800000000000229AAA,2024-06-23,2025-06-22,12,2160.72,3
cus_000002308393,"Garcia, Martin and Jenkins",billing@garciamartinandjenkins.com,2026-06-12,001000000000230AAA,2022-11-15,si_00000230_0,Hiring,8788,usd,month,2,001000000000230AAA,"Garcia, Martin and Jenkins",GA,4921.44,2,,Dylan Miller,2022-11-05,800000000000230AAA,2023-11-15,2025-11-14,24,4921.44,2
cus_000002308393,"Garcia, Martin and Jenkins",billing@garciamartinandjenkins.com,2026-06-12,001000000000230AAA,2022-11-15,si_00000230_1,HR,11718,usd,month,2,001000000000230AAA,"Garcia, Martin and Jenkins",GA,4921.44,2,,Dylan Miller,2022-11-05,800000000000230AAA,2023-11-15,2025-11-14,24,4921.44,2
cus_000002317352,Roberts-Landry,billing@robertslandry.com,2026-06-10,001000000000231AAA,2024-01-04,si_00000231_0,Hiring,5258,usd,month,2,001000000000231AAA,Roberts-Landry,IL,1261.92,2,,Dylan Miller,2023-12-07,800000000000231AAA,2024-09-24,2025-09-23,12,1261.92,2
cus_000002327484,"Johnson, Miller & King",billing@johnsonmillerandking.com,2026-06-07,,2025-12-10,si_00000232_0,Hiring,5574,usd,month,5,,,,,,,,,,,,,,
cus_000002327484,"Johnson, Miller & King",billing@johnsonmillerandking.com,2026-06-07,,2025-12-10,si_00000232_1,Payroll,1040,usd,month,30,,,,,,,,,,,,,,
cus_000002332811,Cordova Group,billing@cordovagroup.com,2026-06-05,001000000000233AAA,2024-08-13,si_00000233_0,Hiring,65868,usd,year,5,001000000000233AAA,Cordova Group,WA,6983.40,5,,Monica Herrera,2024-07-30,,,,,,
cus_000002332811,Cordova Group,billing@cordovagroup.com,2026-06-05,001000000000233AAA,2024-08-13,si_00000233_1,Payroll,12300,usd,year,30,001000000000233AAA,Cordova Group,WA,6983.40,5,,Monica Herrera,2024-07-30,,,,,,
cus_000002346347,"Bryan, Smith and Booth",billing@bryansmithandbooth.com,2026-06-01,001000000000234AAA,2026-02-17,si_00000234_0,Hiring,6145,usd,month,2,001000000000234AAA,"Bryan, Smith and Booth",TN,11257.20,5,,Dylan Miller,2026-02-09,800000000000234AAA,2024-01-13,2025-01-12,12,11257.20,5
cus_000002346347,"Bryan, Smith and Booth",billing@bryansmithandbooth.com,2026-06-01,001000000000234AAA,2026-02-17,si_00000234_1,Payroll,1147,usd,month,22,001000000000234AAA,"Bryan, Smith and Booth",TN,11257.20,5,,Dylan Miller,2026-02-09,800000000000234AAA,2024-01-13,2025-01-12,12,11257.20,5
cus_000002350038,Gutierrez-opez,billing@gutierrezlopez.com,2026-06-08,,2023-10-20,si_00000235_0,Hiring,4972,usd,month,5,,,,,,,,,,,,,,
cus_000002350038,Gutierrez-opez,billing@gutierrezlopez.com,2026-06-08,,2023-10-20,si_00000235_1,HR,6629,usd,month,5,,,,,,,,,,,,,,
cus_000002363774,Dean-Jimenez,billing@deanjimenez.com,2026-06-12,001000000000236AAA,2024-07-03,si_00000236_0,HR,128376,usd,year,4,001000000000236AAA,Dean-Jimenez,UT,3851.28,3,Daniel Wagner,Carla Gray,2024-06-26,,,,,,
cus_000002379776,Wolf-Harris,billing@wolfharris.com,2026-06-05,001000000000237AAA,2026-04-14,si_00000237_0,Hiring,7280,usd,month,5,001000000000237AAA,Wolf-Harris,PA,10192.20,5,Gabrielle Davis,Dylan Miller,2026-03-17,800000000000237AAA,2024-07-06,2025-07-05,12,10192.20,5
cus_000002379776,Wolf-Harris,billing@wolfharris.com,2026-06-05,001000000000237AAA,2026-04-14,si_00000237_1,HR,9707,usd,month,5,001000000000237AAA,Wolf-Harris,PA,10192.20,5,Gabrielle Davis,Dylan Miller,2026-03-17,800000000000237AAA,2024-07-06,2025-07-05,12,10192.20,5
cus_000002386913,"Anderson, Roberts and Gilmore",billing@andersonrobertsandgilmore.com,2026-06-01,001000000000238AAA,2025-08-02,si_00000238_0,Hiring,4500,usd,month,2,001000000000238AAA,"Anderson, Roberts and Gilmore",UT,2520.00,2,,Lisa Hensley,2025-07-20,800000000000238AAA,2026-04-24,2027-04-23,12,2520.00,2
cus_000002386913,"Anderson, Roberts and Gilmore",billing@andersonrobertsandgilmore.com,2026-06-01,001000000000238AAA,2025-08-02,si_00000238_1,HR,6000,usd,month,2,001000000000238AAA,"Anderson, Roberts and Gilmore",UT,2520.00,2,,Lisa Hensley,2025-07-20,800000000000238AAA,2026-04-24,2027-04-23,12,2520.00,2
cus_000002390522,Martinez-Dudley,billing@martinezdudley.com,2026-05-09,001000000000239AAA,2021-10-27,si_00000239_0,Hiring,7442,usd,month,5,001000000000239AAA,Martinez-Dudley,FL,4167.36,2,Allison Hill,Ryan Munoz,2021-10-20,800000000000239AAA,2026-05-06,2027-05-05,12,4167.36,2
cus_000002390522,Martinez-Dudley,billing@martinezdudley.com,2026-05-09,001000000000239AAA,2021-10-27,si_00000239_1,HR,9922,usd,month,5,001000000000239AAA,Martinez-Dudley,FL,4167.36,2,Allison Hill,Ryan Munoz,2021-10-20,800000000000239AAA,2026-05-06,2027-05-05,12,4167.36,2
cus_000002400926,"Lloyd, Mckinney and Collins",billing@lloydmckinneyandcollins.com,2026-02-02,001000000000240AAA,2024-04-08,si_00000240_0,Hiring,5899,usd,month,1,001000000000240AAA,"Lloyd, Mckinney and Collins",TX,1651.68,1,Abigail Shaffer,Lisa Jackson,2024-03-16,800000000000240AAA,2022-02-07,2025-02-06,36,1651.68,1
cus_000002400926,"Lloyd, Mckinney and Collins",billing@lloydmckinneyandcollins.com,2026-02-02,001000000000240AAA,2024-04-08,si_00000240_1,HR,7865,usd,month,1,001000000000240AAA,"Lloyd, Mckinney and Collins",TX,1651.68,1,Abigail Shaffer,Lisa Jackson,2024-03-16,800000000000240AAA,2022-02-07,2025-02-06,36,1651.68,1
cus_000002410881,Trn,billing@traninc.com,2026-06-02,,2026-03-12,si_00000241_0,Hiring,6696,usd,month,4,,,,,,,,,,,,,,
cus_000002426839,Gay Inc,billing@gayinc.com,2026-06-13,001000000000242AAA,2022-12-05,si_00000242_0,Hiring,5043,usd,month,10,001000000000242AAA,Gay Inc,IL,14120.40,10,Gabrielle Davis,Holly Wood,2022-11-09,,,,,,
cus_000002426839,Gay Inc,billing@gayinc.com,2026-06-13,001000000000242AAA,2022-12-05,si_00000242_1,HR,6724,usd,month,10,001000000000242AAA,Gay Inc,IL,14120.40,10,Gabrielle Davis,Holly Wood,2022-11-09,,,,,,
cus_000002434275,Valentine-Holland,billing@valentineholland.com,2026-06-15,001000000000243AAA,2022-04-04,si_00000243_0,Hiring,7249,usd,month,5,001000000000243AAA,Valentine-Holland,CA,10149.00,5,Cristian Santos,Lisa Jackson,2022-03-22,,,,,,
cus_000002434275,Valentine-Holland,billing@valentineholland.com,2026-06-15,001000000000243AAA,2022-04-04,si_00000243_1,HR,9666,usd,month,5,001000000000243AAA,Valentine-Holland,CA,10149.00,5,Cristian Santos,Lisa Jackson,2022-03-22,,,,,,
cus_000002442004,Jimenez Ltd,billing@jimenezltd.com,2026-06-12,001000000000244AAA,2026-04-16,si_00000244_0,Hiring,6602,usd,month,7,001000000000244AAA,Jimenez Ltd,AZ,19149.48,7,Cristian Santos,Jamie Arnold,2026-04-04,800000000000244AAA,2023-11-12,2024-11-11,12,19149.48,7
cus_000002442004,Jimenez Ltd,billing@jimenezltd.com,2026-06-12,001000000000244AAA,2026-04-16,si_00000244_1,HR,8803,usd,month,7,001000000000244AAA,Jimenez Ltd,AZ,19149.48,7,Cristian Santos,Jamie Arnold,2026-04-04,800000000000244AAA,2023-11-12,2024-11-11,12,19149.48,7
cus_000002442004,Jimenez Ltd,billing@jimenezltd.com,2026-06-12,001000000000244AAA,2026-04-16,si_00000244_2,Payroll,1232,usd,month,42,001000000000244AAA,Jimenez Ltd,AZ,19149.48,7,Cristian Santos,Jamie Arnold,2026-04-04,800000000000244AAA,2023-11-12,2024-11-11,12,19149.48,7
cus_000002458735,Hicks-Hill,billing@hickshill.com,2026-01-16,,2024-08-05,si_00000245_0,Hiring,6909,usd,month,5,,,,,,,,,,,,,,
cus_000002458735,Hicks-Hill,billing@hickshill.com,2026-01-16,,2024-08-05,si_00000245_1,HR,9211,usd,month,5,,,,,,,,,,,,,,
cus_000002465264,Baird-Sanchez,billing@bairdsanchez.com,2026-06-02,001000000000246AAA,2024-07-24,si_00000246_0,Hiring,78348,usd,year,4,001000000000246AAA,Baird-Sanchez,NC,3133.92,4,Gabrielle Davis,Brian Ramirez,2024-07-03,800000000000246AAA,2026-02-14,2027-02-13,12,3133.92,4
cus_000002470773,"Thomas, Lee and Greene",billing@thomasleeandgreene.com,2026-06-12,001000000000247AAA,2023-12-27,si_00000247_0,Hiring,8172,usd,month,3,001000000000247AAA,"Thomas, Lee and Greene",GA,14550.48,3,Abigail Shaffer,Jamie Arnold,2023-12-05,,,,,,
cus_000002470773,"Thomas, Lee and Greene",billing@thomasleeandgreene.com,2026-06-12,001000000000247AAA,2023-12-27,si_00000247_1,HR,10896,usd,month,3,001000000000247AAA,"Thomas, Lee and Greene",GA,14550.48,3,Abigail Shaffer,Jamie Arnold,2023-12-05,,,,,,
cus_000002470773,"Thomas, Lee and Greene",billing@thomasleeandgreene.com,2026-06-12,001000000000247AAA,2023-12-27,si_00000247_2,Payroll,1525,usd,month,42,001000000000247AAA,"Thomas, Lee and Greene",GA,14550.48,3,Abigail Shaffer,Jamie Arnold,2023-12-05,,,,,,
cus_000002482012,"Suarez, Shields and Hill",billing@suarezshieldsandhill.com,2026-06-01,001000000000248AAA,2023-10-26,si_00000248_0,Hiring,69300,usd,year,8,001000000000248AAA,"Suarez, Shields and Hill",CO,22102.08,8,Abigail Shaffer,Holly Wood,2023-10-18,800000000000248AAA,2025-11-17,2026-11-16,12,22102.08,8
cus_000002482012,"Suarez, Shields and Hill",billing@suarezshieldsandhill.com,2026-06-01,001000000000248AAA,2023-10-26,si_00000248_1,Payroll,12936,usd,year,128,001000000000248AAA,"Suarez, Shields and Hill",CO,22102.08,8,Abigail Shaffer,Holly Wood,2023-10-18,800000000000248AAA,2025-11-17,2026-11-16,12,22102.08,8
cus_000002494163,Morgan-French,billing@morganfrench.com,2026-06-05,001000000000249AAA,2024-04-27,si_00000249_0,Hiring,6928,usd,month,2,001000000000249AAA,Morgan-French,OH,16990.92,3,,Brian Ramirez,2024-04-12,800000000000249AAA,2025-02-14,2027-02-13,24,16990.92,3
cus_000002494163,Morgan-French,billing@morganfrench.com,2026-06-05,001000000000249AAA,2024-04-27,si_00000249_1,HR,9237,usd,month,2,001000000000249AAA,Morgan-French,OH,16990.92,3,,Brian Ramirez,2024-04-12,800000000000249AAA,2025-02-14,2027-02-13,24,16990.92,3
cus_000002494163,Morgan-French,billing@morganfrench.com,2026-06-05,001000000000249AAA,2024-04-27,si_00000249_2,Payroll,1293,usd,month,48,001000000000249AAA,Morgan-French,OH,16990.92,3,,Brian Ramirez,2024-04-12,800000000000249AAA,2025-02-14,2027-02-13,24,16990.92,3
cus_000002509159,Hoover-Campbell,billing@hoovercampbell.com,2026-06-02,001000000000250AAA,2025-07-08,si_00000250_0,Hiring,91356,usd,year,1,001000000000250AAA,Hoover-Campbell,WA,8781.84,1,Gabrielle Davis,Derek Zuniga,2025-07-02,800000000000250AAA,2024-10-19,2026-10-18,24,8781.84,1
cus_000002509159,Hoover-Campbell,billing@hoovercampbell.com,2026-06-02,001000000000250AAA,2025-07-08,si_00000250_1,HR,121800,usd,year,1,001000000000250AAA,Hoover-Campbell,WA,8781.84,1,Gabrielle Davis,Derek Zuniga,2025-07-02,800000000000250AAA,2024-10-19,2026-10-18,24,8781.84,1
cus_000002509159,Hoover-Campbell,billing@hoovercampbell.com,2026-06-02,001000000000250AAA,2025-07-08,si_00000250_2,Payroll,17052,usd,year,39,001000000000250AAA,Hoover-Campbell,WA,8781.84,1,Gabrielle Davis,Derek Zuniga,2025-07-02,800000000000250AAA,2024-10-19,2026-10-18,24,8781.84,1
cus_000002512558,Monroe-Carpenter,billing@monroecarpenter.com,2026-06-15,001000000000251AAA,2024-01-29,si_00000251_0,Hiring,73416,usd,year,1,001000000000251AAA,Monroe-Carpenter,WA,734.16,1,Abigail Shaffer,Margaret Hawkins DDS,2024-01-18,800000000000251AAA,2026-04-06,2027-04-05,12,734.16,1
cus_000002528571,"Burns, Hernandez and Ryan",billing@burnshernandezandryan.com,2026-06-11,001000000000252AAA,2025-07-11,si_00000252_0,Hiring,101748,usd,year,18,001000000000252AAA,"Burns, Hernandez and Ryan",GA,35613.00,15,Noah Rhodes,Holly Wood,2025-06-13,,,,,,
cus_000002528571,"Burns, Hernandez and Ryan",billing@burnshernandezandryan.com,2026-06-11,001000000000252AAA,2025-07-11,si_00000252_1,HR,135672,usd,year,18,001000000000252AAA,"Burns, Hernandez and Ryan",GA,35613.00,15,Noah Rhodes,Holly Wood,2025-06-13,,,,,,
cus_000002534544,Cook-Hines,billing@cookhines.com,2026-02-01,001000000000253AAA,2022-11-07,si_00000253_0,Hiring,8323,usd,month,1,001000000000253AAA,Cook-Hines,PA,7551.96,1,Angie Henderson,Ryan Munoz,2022-10-18,,,,,,
cus_000002534544,Cook-Hines,billing@cookhines.com,2026-02-01,001000000000253AAA,2022-11-07,si_00000253_1,HR,11098,usd,month,1,001000000000253AAA,Cook-Hines,PA,7551.96,1,Angie Henderson,Ryan Munoz,2022-10-18,,,,,,
cus_000002534544,Cook-Hines,billing@cookhines.com,2026-02-01,001000000000253AAA,2022-11-07,si_00000253_2,Payroll,1554,usd,month,28,001000000000253AAA,Cook-Hines,PA,7551.96,1,Angie Henderson,Ryan Munoz,2022-10-18,,,,,,
cus_000002549171,Gibson-Morris,billing@gibsonmorris.com,2026-06-01,001000000000254AAA,2022-02-20,si_00000254_0,Hiring,66180,usd,year,5,001000000000254AAA,Gibson-Morris,TX,3309.00,5,,Holly Wood,2022-01-26,,,,,,
cus_000002556811,Pollard and,billing@pollardandsons.com,2025-12-29,,2026-02-26,si_00000255_0,Hiring,5979,usd,month,3,,,,,,,,,,,,,,
cus_000002556811,Pollard and,billing@pollardandsons.com,2025-12-29,,2026-02-26,si_00000255_1,Payroll,1116,usd,month,84,,,,,,,,,,,,,,
cus_000002562390,"Reyes, Chase & Jenkins",billing@reyeschaseandjenkins.com,2026-06-05,,2024-09-06,si_00000256_0,HR,11512,usd,month,3,,,,,,,,,,,,,,
cus_000002570208,Garner-Thornton,billing@garnerthornton.com,2026-05-08,001000000000257AAA,2025-06-11,si_00000257_0,Hiring,112500,usd,year,5,001000000000257AAA,Garner-Thornton,GA,25575.00,5,Allison Hill,Carla Gray,2025-05-27,,,,,,
cus_000002570208,Garner-Thornton,billing@garnerthornton.com,2026-05-08,001000000000257AAA,2025-06-11,si_00000257_1,Payroll,21000,usd,year,95,001000000000257AAA,Garner-Thornton,GA,25575.00,5,Allison Hill,Carla Gray,2025-05-27,,,,,,
cus_000002588543,Hughes-Alvarado,billing@hughesalvarado.com,2026-06-04,001000000000258AAA,2023-04-14,si_00000258_0,Hiring,6528,usd,month,3,001000000000258AAA,Hughes-Alvarado,PA,2350.08,3,,Lisa Jackson,2023-04-09,,,,,,
cus_000002598030,"Pollard, Simpson and Johnson",billing@pollardsimpsonandjohnson.com,2026-06-05,001000000000259AAA,2023-09-11,si_00000259_0,Hiring,112500,usd,year,2,001000000000259AAA,"Pollard, Simpson and Johnson",TN,17370.00,2,,Ryan Munoz,2023-08-30,,,,,,
cus_000002598030,"Pollard, Simpson and Johnson",billing@pollardsimpsonandjohnson.com,2026-06-05,001000000000259AAA,2023-09-11,si_00000259_1,Payroll,21000,usd,year,72,001000000000259AAA,"Pollard, Simpson and Johnson",TN,17370.00,2,,Ryan Munoz,2023-08-30,,,,,,
cus_000002608604,"Sanford, Rivera and Garcia",billing@sanfordriveraandgarcia.com,2026-06-07,001000000000260AAA,2025-12-28,si_00000260_0,Hiring,61272,usd,year,6,001000000000260AAA,"Sanford, Rivera and Garcia",IL,3676.32,6,,Derek Zuniga,2025-12-09,,,,,,
cus_000002611571,Garcia-Lozano,billing@garcialozano.com,2026-06-01,001000000000261AAA,2025-02-05,si_00000261_0,Hiring,6788,usd,month,10,001000000000261AAA,Garcia-Lozano,TX,19005.60,10,Gina Moore,Brian Ramirez,2025-01-14,,,,,,
cus_000002611571,Garcia-Lozano,billing@garcialozano.com,2026-06-01,001000000000261AAA,2025-02-05,si_00000261_1,HR,9050,usd,month,10,001000000000261AAA,Garcia-Lozano,TX,19005.60,10,Gina Moore,Brian Ramirez,2025-01-14,,,,,,
cus_000002620561,Bowen Group,billing@bowengroup.com,2026-03-20,001000000000262AAA,2024-11-18,si_00000262_0,Hiring,79620,usd,year,3,001000000000262AAA,Bowen Group,TN,3981.00,5,,Margaret Hawkins DDS,2024-11-11,,,,,,
cus_000002638883,"Booker, Jones and Harrington",billing@bookerjonesandharrington.com,2026-06-04,001000000000263AAA,2023-08-22,si_00000263_0,Hiring,8307,usd,month,1,001000000000263AAA,"Booker, Jones and Harrington",NY,27078.84,3,,Lisa Hensley,2023-07-27,800000000000263AAA,2025-08-08,2027-08-07,24,27078.84,3
cus_000002638883,"Booker, Jones and Harrington",billing@bookerjonesandharrington.com,2026-06-04,001000000000263AAA,2023-08-22,si_00000263_1,HR,11076,usd,month,1,001000000000263AAA,"Booker, Jones and Harrington",NY,27078.84,3,,Lisa Hensley,2023-07-27,800000000000263AAA,2025-08-08,2027-08-07,24,27078.84,3
cus_000002638883,"Booker, Jones and Harrington",billing@bookerjonesandharrington.com,2026-06-04,001000000000263AAA,2023-08-22,si_00000263_2,Payroll,1551,usd,month,36,001000000000263AAA,"Booker, Jones and Harrington",NY,27078.84,3,,Lisa Hensley,2023-07-27,800000000000263AAA,2025-08-08,2027-08-07,24,27078.84,3
cus_000002640463,Morgan-Schwartz,billing@morganschwartz.com,2026-06-15,001000000000264AAA,2024-01-07,si_00000264_0,HR,11806,usd,month,6,001000000000264AAA,Morgan-Schwartz,NC,54916.56,6,,Holly Wood,2023-12-27,800000000000264AAA,2021-09-13,2024-09-12,36,54916.56,6
cus_000002640463,Morgan-Schwartz,billing@morganschwartz.com,2026-06-15,001000000000264AAA,2024-01-07,si_00000264_1,Payroll,1653,usd,month,234,001000000000264AAA,Morgan-Schwartz,NC,54916.56,6,,Holly Wood,2023-12-27,800000000000264AAA,2021-09-13,2024-09-12,36,54916.56,6
cus_000002650941,"Miller, Murphy and Craig",billing@millermurphyandcraig.com,2026-06-07,001000000000265AAA,2022-12-11,si_00000265_0,Hiring,7050,usd,month,4,001000000000265AAA,"Miller, Murphy and Craig",TN,1692.00,2,,Jamie Arnold,2022-12-03,,,,,,
cus_000002669673,"James, Stewart and Higgins",billing@jamesstewartandhiggins.com,2026-06-06,001000000000266AAA,2025-11-20,si_00000266_0,Hiring,5770,usd,month,5,001000000000266AAA,"James, Stewart and Higgins",TX,3462.00,5,,Ryan Munoz,2025-11-15,800000000000266AAA,2025-04-27,2026-04-26,12,3462.00,5
cus_000002676413,Brennan-Johnson,billing@brennanjohnson.com,2026-06-12,001000000000267AAA,2026-03-30,si_00000267_0,Hiring,4500,usd,month,3,001000000000267AAA,Brennan-Johnson,GA,19958.40,4,Abigail Shaffer,Michele Williams,2026-03-06,,,,,,
cus_000002676413,Brennan-Johnson,billing@brennanjohnson.com,2026-06-12,001000000000267AAA,2026-03-30,si_00000267_1,HR,6000,usd,month,3,001000000000267AAA,Brennan-Johnson,GA,19958.40,4,Abigail Shaffer,Michele Williams,2026-03-06,,,,,,
cus_000002676413,Brennan-Johnson,billing@brennanjohnson.com,2026-06-12,001000000000267AAA,2026-03-30,si_00000267_2,Payroll,840,usd,month,111,001000000000267AAA,Brennan-Johnson,GA,19958.40,4,Abigail Shaffer,Michele Williams,2026-03-06,,,,,,
cus_000002688808,Young Ltd,billing@youngltd.com,2026-06-03,001000000000268AAA,2026-04-25,si_00000268_0,HR,8464,usd,month,3,001000000000268AAA,Young Ltd,OH,10725.84,3,,Lisa Hensley,2026-04-15,,,,,,
cus_000002688808,Young Ltd,billing@youngltd.com,2026-06-03,001000000000268AAA,2026-04-25,si_00000268_1,Payroll,1185,usd,month,54,001000000000268AAA,Young Ltd,OH,10725.84,3,,Lisa Hensley,2026-04-15,,,,,,
cus_000002696968,Bright-Francis,billing@brightfrancis.com,2026-05-13,001000000000269AAA,2022-08-30,si_00000269_0,Hiring,7817,usd,month,17,001000000000269AAA,Bright-Francis,IL,60232.32,16,,Carla Gray,2022-08-16,800000000000269AAA,2025-09-27,2026-09-26,12,60232.32,16
cus_000002696968,Bright-Francis,billing@brightfrancis.com,2026-05-13,001000000000269AAA,2022-08-30,si_00000269_1,HR,10423,usd,month,17,001000000000269AAA,Bright-Francis,IL,60232.32,16,,Carla Gray,2022-08-16,800000000000269AAA,2025-09-27,2026-09-26,12,60232.32,16
cus_000002696968,Bright-Francis,billing@brightfrancis.com,2026-05-13,001000000000269AAA,2022-08-30,si_00000269_2,Payroll,1459,usd,month,153,001000000000269AAA,Bright-Francis,IL,60232.32,16,,Carla Gray,2022-08-16,800000000000269AAA,2025-09-27,2026-09-26,12,60232.32,16
cus_000002701073,Good-Hodges,billing@goodhodges.com,2026-06-05,001000000000270AAA,2024-09-23,si_00000270_0,Hiring,5905,usd,month,2,001000000000270AAA,Good-Hodges,AZ,3306.96,2,,Michele Williams,2024-09-17,,,,,,
cus_000002701073,Good-Hodges,billing@goodhodges.com,2026-06-05,001000000000270AAA,2024-09-23,si_00000270_1,HR,7874,usd,month,2,001000000000270AAA,Good-Hodges,AZ,3306.96,2,,Michele Williams,2024-09-17,,,,,,
cus_000002717480,"Brennan, Wallace and Benson",billing@brennanwallaceandbenson.com,2026-06-04,001000000000271AAA,2025-12-19,si_00000271_0,Hiring,70644,usd,year,8,001000000000271AAA,"Brennan, Wallace and Benson",NY,13186.56,8,,Jamie Arnold,2025-11-29,,,,,,
cus_000002717480,"Brennan, Wallace and Benson",billing@brennanwallaceandbenson.com,2026-06-04,001000000000271AAA,2025-12-19,si_00000271_1,HR,94188,usd,year,8,001000000000271AAA,"Brennan, Wallace and Benson",NY,13186.56,8,,Jamie Arnold,2025-11-29,,,,,,
cus_000002725210,Williams Inc,billing@williamsinc.com,2026-06-01,001000000000272AAA,2022-07-16,si_00000272_0,Hiring,6939,usd,month,3,001000000000272AAA,Williams Inc,UT,17949.96,3,Allison Hill,Derek Zuniga,2022-06-23,,,,,,
cus_000002725210,Williams Inc,billing@williamsinc.com,2026-06-01,001000000000272AAA,2022-07-16,si_00000272_1,HR,9252,usd,month,3,001000000000272AAA,Williams Inc,UT,17949.96,3,Allison Hill,Derek Zuniga,2022-06-23,,,,,,
cus_000002725210,Williams Inc,billing@williamsinc.com,2026-06-01,001000000000272AAA,2022-07-16,si_00000272_2,Payroll,1295,usd,month,78,001000000000272AAA,Williams Inc,UT,17949.96,3,Allison Hill,Derek Zuniga,2022-06-23,,,,,,
cus_000002736911,Howard-Jordan,billing@howardjordan.com,2026-06-09,001000000000273AAA,2023-04-18,si_00000273_0,Hiring,8057,usd,month,1,001000000000273AAA,Howard-Jordan,TX,2256.00,1,Connie Lawrence,Dylan Miller,2023-04-08,,,,,,
cus_000002736911,Howard-Jordan,billing@howardjordan.com,2026-06-09,001000000000273AAA,2023-04-18,si_00000273_1,HR,10743,usd,month,1,001000000000273AAA,Howard-Jordan,TX,2256.00,1,Connie Lawrence,Dylan Miller,2023-04-08,,,,,,
cus_000002742939,Schmidt PC,billing@schmidtplc.com,2026-06-15,,2023-03-31,si_00000274_0,Hiring,7611,usd,month,3,,,,,,,,,,,,,,
cus_000002742939,Schmidt PC,billing@schmidtplc.com,2026-06-15,,2023-03-31,si_00000274_1,HR,10147,usd,month,3,,,,,,,,,,,,,,
cus_000002742939,Schmidt PC,billing@schmidtplc.com,2026-06-15,,2023-03-31,si_00000274_2,Payroll,1421,usd,month,105,,,,,,,,,,,,,,
cus_000002757906,"Sparks, Jackson and Miller",billing@sparksjacksonandmiller.com,2025-12-24,001000000000275AAA,2025-11-23,si_00000275_0,Hiring,6987,usd,month,2,001000000000275AAA,"Sparks, Jackson and Miller",NC,8104.20,5,,Derek Zuniga,2025-11-20,800000000000275AAA,2025-12-17,2026-12-16,12,8104.20,5
cus_000002757906,"Sparks, Jackson and Miller",billing@sparksjacksonandmiller.com,2025-12-24,001000000000275AAA,2025-11-23,si_00000275_1,Payroll,1304,usd,month,10,001000000000275AAA,"Sparks, Jackson and Miller",NC,8104.20,5,,Derek Zuniga,2025-11-20,800000000000275AAA,2025-12-17,2026-12-16,12,8104.20,5
cus_000002768611,Harvey-Allen,billing@harveyallen.com,2026-02-01,001000000000276AAA,2022-07-28,si_00000276_0,Hiring,6726,usd,month,2,001000000000276AAA,Harvey-Allen,UT,3766.80,2,Gina Moore,Monica Herrera,2022-07-11,800000000000276AAA,2025-08-26,2026-08-25,12,3766.80,2
cus_000002768611,Harvey-Allen,billing@harveyallen.com,2026-02-01,001000000000276AAA,2022-07-28,si_00000276_1,HR,8969,usd,month,2,001000000000276AAA,Harvey-Allen,UT,3766.80,2,Gina Moore,Monica Herrera,2022-07-11,800000000000276AAA,2025-08-26,2026-08-25,12,3766.80,2
cus_000002776877,"Thomas, Murray and King",billing@thomasmurrayandking.com,2026-06-10,001000000000277AAA,2022-11-26,si_00000277_0,Hiring,8128,usd,month,6,001000000000277AAA,"Thomas, Murray and King",CA,13654.80,6,,Lisa Jackson,2022-11-05,800000000000277AAA,2023-08-15,2024-08-14,12,13654.80,6
cus_000002776877,"Thomas, Murray and King",billing@thomasmurrayandking.com,2026-06-10,001000000000277AAA,2022-11-26,si_00000277_1,HR,10837,usd,month,6,001000000000277AAA,"Thomas, Murray and King",CA,13654.80,6,,Lisa Jackson,2022-11-05,800000000000277AAA,2023-08-15,2024-08-14,12,13654.80,6
cus_000002786048,Estrada-Nolan,billing@estradanolan.com,2026-06-04,001000000000278AAA,2024-07-14,si_00000278_0,Hiring,69252,usd,year,4,001000000000278AAA,Estrada-Nolan,CA,22489.44,4,Angie Henderson,Dylan Miller,2024-07-07,800000000000278AAA,2025-12-18,2026-12-17,12,22489.44,4
cus_000002786048,Estrada-Nolan,billing@estradanolan.com,2026-06-04,001000000000278AAA,2024-07-14,si_00000278_1,HR,92340,usd,year,4,001000000000278AAA,Estrada-Nolan,CA,22489.44,4,Angie Henderson,Dylan Miller,2024-07-07,800000000000278AAA,2025-12-18,2026-12-17,12,22489.44,4
cus_000002786048,Estrada-Nolan,billing@estradanolan.com,2026-06-04,001000000000278AAA,2024-07-14,si_00000278_2,Payroll,12924,usd,year,124,001000000000278AAA,Estrada-Nolan,CA,22489.44,4,Angie Henderson,Dylan Miller,2024-07-07,800000000000278AAA,2025-12-18,2026-12-17,12,22489.44,4
cus_000002798071,Santana-Byrd,billing@santanabyrd.com,2026-06-11,001000000000279AAA,2024-05-28,si_00000279_0,Hiring,7548,usd,month,6,001000000000279AAA,Santana-Byrd,IL,34999.20,6,,Ryan Munoz,2024-05-12,,,,,,
cus_000002798071,Santana-Byrd,billing@santanabyrd.com,2026-06-11,001000000000279AAA,2024-05-28,si_00000279_1,HR,10064,usd,month,6,001000000000279AAA,Santana-Byrd,IL,34999.20,6,,Ryan Munoz,2024-05-12,,,,,,
cus_000002798071,Santana-Byrd,billing@santanabyrd.com,2026-06-11,001000000000279AAA,2024-05-28,si_00000279_2,Payroll,1409,usd,month,132,001000000000279AAA,Santana-Byrd,IL,34999.20,6,,Ryan Munoz,2024-05-12,,,,,,
cus_000002805450,Jones LLC,billing@jonesllc.com,2026-06-14,001000000000280AAA,2022-01-21,si_00000280_0,Hiring,5850,usd,month,3,001000000000280AAA,Jones LLC,CA,4914.00,3,,Lisa Jackson,2022-01-12,,,,,,
cus_000002805450,Jones LLC,billing@jonesllc.com,2026-06-14,001000000000280AAA,2022-01-21,si_00000280_1,HR,7800,usd,month,3,001000000000280AAA,Jones LLC,CA,4914.00,3,,Lisa Jackson,2022-01-12,,,,,,
cus_000002810100,"Evans, Hayden and Vaughn",billing@evanshaydenandvaughn.com,2026-06-02,001000000000281AAA,2023-06-06,si_00000281_0,Hiring,8199,usd,month,1,001000000000281AAA,"Evans, Hayden and Vaughn",PA,983.88,1,,Ryan Munoz,2023-05-21,800000000000281AAA,2026-02-08,2027-02-07,12,983.88,1
cus_000002823450,Bruce-Gonzalez,billing@brucegonzalez.com,2026-06-13,001000000000282AAA,2024-03-31,si_00000282_0,Hiring,6286,usd,month,7,001000000000282AAA,Bruce-Gonzalez,GA,3771.60,5,,Dylan Miller,2024-03-12,,,,,,
cus_000002833644,Castaneda-Rodriguez,billing@castanedarodriguez.com,2026-06-09,001000000000283AAA,2021-12-20,si_00000283_0,Hiring,7136,usd,month,2,001000000000283AAA,Castaneda-Rodriguez,IL,11028.96,2,,Lisa Hensley,2021-11-21,800000000000283AAA,2023-01-08,2026-01-07,36,11028.96,2
cus_000002833644,Castaneda-Rodriguez,billing@castanedarodriguez.com,2026-06-09,001000000000283AAA,2021-12-20,si_00000283_1,HR,9514,usd,month,2,001000000000283AAA,Castaneda-Rodriguez,IL,11028.96,2,,Lisa Hensley,2021-11-21,800000000000283AAA,2023-01-08,2026-01-07,36,11028.96,2
cus_000002833644,Castaneda-Rodriguez,billing@castanedarodriguez.com,2026-06-09,001000000000283AAA,2021-12-20,si_00000283_2,Payroll,1332,usd,month,44,001000000000283AAA,Castaneda-Rodriguez,IL,11028.96,2,,Lisa Hensley,2021-11-21,800000000000283AAA,2023-01-08,2026-01-07,36,11028.96,2
cus_000002846808,Armstrong-Andrews,billing@armstrongandrews.com,2026-06-05,001000000000284AAA,2022-04-03,si_00000284_0,Hiring,99576,usd,year,5,001000000000284AAA,Armstrong-Andrews,GA,4978.80,5,,Dylan Miller,2022-03-21,800000000000284AAA,2026-04-29,2027-04-28,12,4978.80,5
cus_000002857081,"Phillips, Spence and",billing@phillipsspenceandbarrett.com,2026-06-11,,2023-08-18,si_00000285_0,Hiring,54000,usd,year,2,,,,,,,,,,,,,,
cus_000002857081,"Phillips, Spence and",billing@phillipsspenceandbarrett.com,2026-06-11,,2023-08-18,si_00000285_1,Payroll,10080,usd,year,38,,,,,,,,,,,,,,
cus_000002865779,Smith-Grimes,billing@smithgrimes.com,2026-06-07,001000000000286AAA,2022-11-28,si_00000286_0,Hiring,8295,usd,month,3,001000000000286AAA,Smith-Grimes,UT,27587.16,3,,Brian Ramirez,2022-11-01,800000000000286AAA,2024-05-18,2025-05-17,12,27587.16,3
cus_000002865779,Smith-Grimes,billing@smithgrimes.com,2026-06-07,001000000000286AAA,2022-11-28,si_00000286_1,HR,11060,usd,month,3,001000000000286AAA,Smith-Grimes,UT,27587.16,3,,Brian Ramirez,2022-11-01,800000000000286AAA,2024-05-18,2025-05-17,12,27587.16,3
cus_000002865779,Smith-Grimes,billing@smithgrimes.com,2026-06-07,001000000000286AAA,2022-11-28,si_00000286_2,Payroll,1548,usd,month,111,001000000000286AAA,Smith-Grimes,UT,27587.16,3,,Brian Ramirez,2022-11-01,800000000000286AAA,2024-05-18,2025-05-17,12,27587.16,3
cus_000002873175,"Beltran, Lozano & Mcgee",billing@beltranlozanoandmcgee.com,2026-06-12,,2024-03-31,si_00000287_0,Hiring,8556,usd,month,2,,,,,,,,,,,,,,
cus_000002873175,"Beltran, Lozano & Mcgee",billing@beltranlozanoandmcgee.com,2026-06-12,,2024-03-31,si_00000287_1,HR,11408,usd,month,2,,,,,,,,,,,,,,
cus_000002885694,ParsonsHall,billing@parsonshall.com,2026-06-14,,2024-04-27,si_00000288_0,Hiring,7548,usd,month,1,,,,,,,,,,,,,,
cus_000002885694,ParsonsHall,billing@parsonshall.com,2026-06-14,,2024-04-27,si_00000288_1,HR,10064,usd,month,1,,,,,,,,,,,,,,
cus_000002885694,ParsonsHall,billing@parsonshall.com,2026-06-14,,2024-04-27,si_00000288_2,Payroll,1409,usd,month,21,,,,,,,,,,,,,,
cus_000002899214,Robinon-Lee,billing@robinsonlee.com,2026-06-08,,2024-12-02,si_00000289_0,Hiring,6550,usd,month,3,,,,,,,,,,,,,,
cus_000002904026,Byr-Le,billing@byrdle.com,2026-06-07,,2023-07-08,si_00000290_0,Hiring,4500,usd,month,2,,,,,,,,,,,,,,
cus_000002904026,Byr-Le,billing@byrdle.com,2026-06-07,,2023-07-08,si_00000290_1,Payroll,840,usd,month,70,,,,,,,,,,,,,,
cus_000002911585,"Becker, Talor and Davis",billing@beckertayloranddavis.com,2026-06-15,,2023-05-13,si_00000291_0,Hiring,4500,usd,month,2,,,,,,,,,,,,,,
cus_000002911585,"Becker, Talor and Davis",billing@beckertayloranddavis.com,2026-06-15,,2023-05-13,si_00000291_1,HR,6000,usd,month,2,,,,,,,,,,,,,,
cus_000002923606,"Lucas, Parker and Alexander",billing@lucasparkerandalexander.com,2026-06-03,001000000000292AAA,2024-01-18,si_00000292_0,Hiring,7158,usd,month,1,001000000000292AAA,"Lucas, Parker and Alexander",FL,2004.24,1,,Lisa Jackson,2024-01-16,,,,,,
cus_000002923606,"Lucas, Parker and Alexander",billing@lucasparkerandalexander.com,2026-06-03,001000000000292AAA,2024-01-18,si_00000292_1,HR,9544,usd,month,1,001000000000292AAA,"Lucas, Parker and Alexander",FL,2004.24,1,,Lisa Jackson,2024-01-16,,,,,,
cus_000002934118,"Diaz, Anderson and",billing@diazandersonandbrowning.com,2026-06-01,,2023-05-21,si_00000293_0,Hiring,70932,usd,year,4,,,,,,,,,,,,,,
cus_000002934118,"Diaz, Anderson and",billing@diazandersonandbrowning.com,2026-06-01,,2023-05-21,si_00000293_1,HR,94572,usd,year,4,,,,,,,,,,,,,,
cus_000002946035,Burgess-Thompson,billing@burgessthompson.com,2026-06-04,001000000000294AAA,2023-05-22,si_00000294_0,Hiring,7721,usd,month,7,001000000000294AAA,Burgess-Thompson,TX,28101.00,5,,Jamie Arnold,2023-05-09,800000000000294AAA,2025-09-11,2026-09-10,12,28101.00,5
cus_000002946035,Burgess-Thompson,billing@burgessthompson.com,2026-06-04,001000000000294AAA,2023-05-22,si_00000294_1,HR,10294,usd,month,7,001000000000294AAA,Burgess-Thompson,TX,28101.00,5,,Jamie Arnold,2023-05-09,800000000000294AAA,2025-09-11,2026-09-10,12,28101.00,5
cus_000002946035,Burgess-Thompson,billing@burgessthompson.com,2026-06-04,001000000000294AAA,2023-05-22,si_00000294_2,Payroll,1441,usd,month,140,001000000000294AAA,Burgess-Thompson,TX,28101.00,5,,Jamie Arnold,2023-05-09,800000000000294AAA,2025-09-11,2026-09-10,12,28101.00,5
cus_000002953375,Buchanan LLC,billing@buchananllc.com,2026-06-03,001000000000295AAA,2023-01-22,si_00000295_0,Hiring,4500,usd,month,2,001000000000295AAA,Buchanan LLC,WA,2520.00,2,Cristian Santos,Ryan Munoz,2023-01-15,800000000000295AAA,2025-12-01,2026-11-30,12,2520.00,2
cus_000002953375,Buchanan LLC,billing@buchananllc.com,2026-06-03,001000000000295AAA,2023-01-22,si_00000295_1,HR,6000,usd,month,2,001000000000295AAA,Buchanan LLC,WA,2520.00,2,Cristian Santos,Ryan Munoz,2023-01-15,800000000000295AAA,2025-12-01,2026-11-30,12,2520.00,2
cus_000002962607,"Shaw, Nelson and Martin",billing@shawnelsonandmartin.com,2026-06-01,001000000000296AAA,2025-09-22,si_00000296_0,Hiring,84672,usd,year,5,001000000000296AAA,"Shaw, Nelson and Martin",TN,31100.40,5,Connie Lawrence,Jamie Arnold,2025-09-15,800000000000296AAA,2024-08-15,2026-08-14,24,31100.40,5
cus_000002962607,"Shaw, Nelson and Martin",billing@shawnelsonandmartin.com,2026-06-01,001000000000296AAA,2025-09-22,si_00000296_1,Payroll,15804,usd,year,170,001000000000296AAA,"Shaw, Nelson and Martin",TN,31100.40,5,Connie Lawrence,Jamie Arnold,2025-09-15,800000000000296AAA,2024-08-15,2026-08-14,24,31100.40,5
cus_000002977186,Coffey-Phillips,billing@coffeyphillips.com,2026-06-11,001000000000297AAA,2022-04-04,si_00000297_0,Hiring,6604,usd,month,10,001000000000297AAA,Coffey-Phillips,UT,18490.80,10,Daniel Wagner,Monica Herrera,2022-03-25,800000000000297AAA,2024-09-26,2025-09-25,12,18490.80,10
cus_000002977186,Coffey-Phillips,billing@coffeyphillips.com,2026-06-11,001000000000297AAA,2022-04-04,si_00000297_1,HR,8805,usd,month,10,001000000000297AAA,Coffey-Phillips,UT,18490.80,10,Daniel Wagner,Monica Herrera,2022-03-25,800000000000297AAA,2024-09-26,2025-09-25,12,18490.80,10
cus_000002987412,Brock-Mcdonald,billing@brockmcdonald.com,2026-02-02,001000000000298AAA,2022-03-22,si_00000298_0,Hiring,6005,usd,month,12,001000000000298AAA,Brock-Mcdonald,NC,20175.84,12,Gina Moore,Jamie Arnold,2022-03-13,800000000000298AAA,2024-12-04,2025-12-03,12,20175.84,12
cus_000002987412,Brock-Mcdonald,billing@brockmcdonald.com,2026-02-02,001000000000298AAA,2022-03-22,si_00000298_1,HR,8006,usd,month,12,001000000000298AAA,Brock-Mcdonald,NC,20175.84,12,Gina Moore,Jamie Arnold,2022-03-13,800000000000298AAA,2024-12-04,2025-12-03,12,20175.84,12
cus_000003003271,"Ramsey, Whitney and Coffey",billing@ramseywhitneyandcoffey.com,2026-06-13,001000000000300AAA,2025-02-13,si_00000300_0,Hiring,91812,usd,year,5,001000000000300AAA,"Ramsey, Whitney and Coffey",TX,62377.92,8,,Monica Herrera,2025-01-17,800000000000300AAA,2024-05-23,2025-05-22,12,62377.92,8
cus_000003003271,"Ramsey, Whitney and Coffey",billing@ramseywhitneyandcoffey.com,2026-06-13,001000000000300AAA,2025-02-13,si_00000300_1,HR,122424,usd,year,5,001000000000300AAA,"Ramsey, Whitney and Coffey",TX,62377.92,8,,Monica Herrera,2025-01-17,800000000000300AAA,2024-05-23,2025-05-22,12,62377.92,8
cus_000003003271,"Ramsey, Whitney and Coffey",billing@ramseywhitneyandcoffey.com,2026-06-13,001000000000300AAA,2025-02-13,si_00000300_2,Payroll,17136,usd,year,165,001000000000300AAA,"Ramsey, Whitney and Coffey",TX,62377.92,8,,Monica Herrera,2025-01-17,800000000000300AAA,2024-05-23,2025-05-22,12,62377.92,8
cus_000003018761,"Diaz, Gibbs and Smith",billing@diazgibbsandsmith.com,2026-06-13,001000000000301AAA,2025-08-09,si_00000301_0,Hiring,6185,usd,month,3,001000000000301AAA,"Diaz, Gibbs and Smith",UT,5195.16,3,,Margaret Hawkins DDS,2025-07-28,800000000000301AAA,2022-01-04,2025-01-03,36,5195.16,3
cus_000003018761,"Diaz, Gibbs and Smith",billing@diazgibbsandsmith.com,2026-06-13,001000000000301AAA,2025-08-09,si_00000301_1,HR,8246,usd,month,3,001000000000301AAA,"Diaz, Gibbs and Smith",UT,5195.16,3,,Margaret Hawkins DDS,2025-07-28,800000000000301AAA,2022-01-04,2025-01-03,36,5195.16,3
cus_000003022688,"Martinez, Richardson and Curry",billing@martinezrichardsonandcurry.com,2026-03-26,001000000000302AAA,2024-02-27,si_00000302_0,Hiring,8318,usd,month,1,001000000000302AAA,"Martinez, Richardson and Curry",WA,998.16,1,,Carla Gray,2024-02-06,,,,,,
cus_000003030698,Richards-Carson,billing@richardscarson.com,2026-02-20,001000000000303AAA,2026-02-23,si_00000303_0,Hiring,8088,usd,month,2,001000000000303AAA,Richards-Carson,UT,2264.52,1,,Derek Zuniga,2026-02-10,,,,,,
cus_000003030698,Richards-Carson,billing@richardscarson.com,2026-02-20,001000000000303AAA,2026-02-23,si_00000303_1,HR,10783,usd,month,2,001000000000303AAA,Richards-Carson,UT,2264.52,1,,Derek Zuniga,2026-02-10,,,,,,
cus_000003045998,Rodriguez-Hall,billing@rodriguezhall.com,2026-06-14,001000000000304AAA,2023-10-01,si_00000304_0,Hiring,8603,usd,month,7,001000000000304AAA,Rodriguez-Hall,CA,57333.36,7,Angie Henderson,Derek Zuniga,2023-09-11,,,,,,
cus_000003045998,Rodriguez-Hall,billing@rodriguezhall.com,2026-06-14,001000000000304AAA,2023-10-01,si_00000304_1,HR,11471,usd,month,7,001000000000304AAA,Rodriguez-Hall,CA,57333.36,7,Angie Henderson,Derek Zuniga,2023-09-11,,,,,,
cus_000003045998,Rodriguez-Hall,billing@rodriguezhall.com,2026-06-14,001000000000304AAA,2023-10-01,si_00000304_2,Payroll,1606,usd,month,210,001000000000304AAA,Rodriguez-Hall,CA,57333.36,7,Angie Henderson,Derek Zuniga,2023-09-11,,,,,,
cus_000003051070,Harvey PLC,billing@harveyplc.com,2026-05-12,001000000000305AAA,2025-06-10,si_00000305_0,Hiring,8772,usd,month,3,001000000000305AAA,Harvey PLC,OH,3157.92,3,,Margaret Hawkins DDS,2025-06-10,800000000000305AAA,2025-12-09,2026-12-08,12,3157.92,3
cus_000003062766,Herman-Walker,billing@hermanwalker.com,2026-02-21,001000000000306AAA,2025-08-17,si_00000306_0,HR,8179,usd,month,1,001000000000306AAA,Herman-Walker,WA,6634.56,2,Allison Hill,Michele Williams,2025-08-14,,,,,,
cus_000003062766,Herman-Walker,billing@hermanwalker.com,2026-02-21,001000000000306AAA,2025-08-17,si_00000306_1,Payroll,1145,usd,month,17,001000000000306AAA,Herman-Walker,WA,6634.56,2,Allison Hill,Michele Williams,2025-08-14,,,,,,
cus_000003075071,Reid Group,billing@reidgroup.com,2026-06-10,001000000000307AAA,2026-01-08,si_00000307_0,Hiring,6023,usd,month,9,001000000000307AAA,Reid Group,WA,96107.40,15,,Holly Wood,2025-12-12,,,,,,
cus_000003075071,Reid Group,billing@reidgroup.com,2026-06-10,001000000000307AAA,2026-01-08,si_00000307_1,HR,8030,usd,month,9,001000000000307AAA,Reid Group,WA,96107.40,15,,Holly Wood,2025-12-12,,,,,,
cus_000003075071,Reid Group,billing@reidgroup.com,2026-06-10,001000000000307AAA,2026-01-08,si_00000307_2,Payroll,1124,usd,month,315,001000000000307AAA,Reid Group,WA,96107.40,15,,Holly Wood,2025-12-12,,,,,,
cus_000003082863,"Turner, Ortiz and Taylor",billing@turnerortizandtaylor.com,2026-06-07,001000000000308AAA,2024-08-23,si_00000308_0,Hiring,80184,usd,year,2,001000000000308AAA,"Turner, Ortiz and Taylor",NY,9354.60,5,Allison Hill,Lisa Jackson,2024-08-10,800000000000308AAA,2023-11-22,2024-11-21,12,9354.60,5
cus_000003082863,"Turner, Ortiz and Taylor",billing@turnerortizandtaylor.com,2026-06-07,001000000000308AAA,2024-08-23,si_00000308_1,HR,106908,usd,year,2,001000000000308AAA,"Turner, Ortiz and Taylor",NY,9354.60,5,Allison Hill,Lisa Jackson,2024-08-10,800000000000308AAA,2023-11-22,2024-11-21,12,9354.60,5
cus_000003092149,Torres Group,billing@torresgroup.com,2026-06-01,001000000000309AAA,2025-10-04,si_00000309_0,Hiring,93096,usd,year,1,001000000000309AAA,Torres Group,GA,930.96,1,,Dylan Miller,2025-10-03,800000000000309AAA,2025-01-12,2027-01-11,24,930.96,1
cus_000003107031,Davis PLC,billing@davisplc.com,2026-06-07,001000000000310AAA,2024-08-30,si_00000310_0,Hiring,6251,usd,month,1,001000000000310AAA,Davis PLC,FL,3270.84,1,Gina Moore,Holly Wood,2024-08-23,800000000000310AAA,2026-04-02,2027-04-01,12,3270.84,1
cus_000003107031,Davis PLC,billing@davisplc.com,2026-06-07,001000000000310AAA,2024-08-30,si_00000310_1,Payroll,1167,usd,month,18,001000000000310AAA,Davis PLC,FL,3270.84,1,Gina Moore,Holly Wood,2024-08-23,800000000000310AAA,2026-04-02,2027-04-01,12,3270.84,1
cus_000003115469,Price LLC,billing@pricellc.com,2026-06-10,001000000000311AAA,2024-05-23,si_00000311_0,Hiring,70008,usd,year,1,001000000000311AAA,Price LLC,OH,700.08,1,,Michele Williams,2024-05-03,,,,,,
cus_000003128396,"avery, horton and fernandez",billing@averyhortonandfernandez.com,2026-06-10,,2024-03-03,si_00000312_0,Hiring,87288,usd,year,21,,,,,,,,,,,,,,
cus_000003128396,"avery, horton and fernandez",billing@averyhortonandfernandez.com,2026-06-10,,2024-03-03,si_00000312_1,HR,116376,usd,year,21,,,,,,,,,,,,,,
cus_000003139106,"Newton, Moore and Perry",billing@newtonmooreandperry.com,2026-06-03,001000000000313AAA,2023-02-15,si_00000313_0,HR,108924,usd,year,3,001000000000313AAA,"Newton, Moore and Perry",AZ,3267.72,3,,Lisa Hensley,2023-02-01,800000000000313AAA,2025-12-04,2026-12-03,12,3267.72,3
cus_000003140406,Bass PLC,billing@bassplc.com,2026-06-06,001000000000314AAA,2022-06-04,si_00000314_0,Hiring,8953,usd,month,2,001000000000314AAA,Bass PLC,NC,5013.60,2,,Carla Gray,2022-05-28,800000000000314AAA,2025-08-04,2027-08-03,24,5013.60,2
cus_000003140406,Bass PLC,billing@bassplc.com,2026-06-06,001000000000314AAA,2022-06-04,si_00000314_1,HR,11937,usd,month,2,001000000000314AAA,Bass PLC,NC,5013.60,2,,Carla Gray,2022-05-28,800000000000314AAA,2025-08-04,2027-08-03,24,5013.60,2
cus_000003157946,Crosby-Ramirez,billing@crosbyramirez.com,2026-01-12,001000000000315AAA,2023-09-21,si_00000315_0,Hiring,6131,usd,month,2,001000000000315AAA,Crosby-Ramirez,FL,10297.44,2,Cristian Santos,Margaret Hawkins DDS,2023-08-29,800000000000315AAA,2026-01-05,2028-01-04,24,10297.44,2
cus_000003157946,Crosby-Ramirez,billing@crosbyramirez.com,2026-01-12,001000000000315AAA,2023-09-21,si_00000315_1,HR,8175,usd,month,2,001000000000315AAA,Crosby-Ramirez,FL,10297.44,2,Cristian Santos,Margaret Hawkins DDS,2023-08-29,800000000000315AAA,2026-01-05,2028-01-04,24,10297.44,2
cus_000003157946,Crosby-Ramirez,billing@crosbyramirez.com,2026-01-12,001000000000315AAA,2023-09-21,si_00000315_2,Payroll,1144,usd,month,50,001000000000315AAA,Crosby-Ramirez,FL,10297.44,2,Cristian Santos,Margaret Hawkins DDS,2023-08-29,800000000000315AAA,2026-01-05,2028-01-04,24,10297.44,2
cus_000003163144,"Wood, Ramos and Sampson",billing@woodramosandsampson.com,2026-06-12,001000000000316AAA,2025-07-03,si_00000316_0,Hiring,8185,usd,month,5,001000000000316AAA,"Wood, Ramos and Sampson",FL,11458.80,5,Daniel Wagner,Dylan Miller,2025-06-28,800000000000316AAA,2026-03-20,2027-03-19,12,11458.80,5
cus_000003163144,"Wood, Ramos and Sampson",billing@woodramosandsampson.com,2026-06-12,001000000000316AAA,2025-07-03,si_00000316_1,HR,10913,usd,month,5,001000000000316AAA,"Wood, Ramos and Sampson",FL,11458.80,5,Daniel Wagner,Dylan Miller,2025-06-28,800000000000316AAA,2026-03-20,2027-03-19,12,11458.80,5
cus_000003172917,Garcia-Jennings,billing@garciajennings.com,2026-06-13,001000000000317AAA,2025-11-11,si_00000317_0,Hiring,8621,usd,month,3,001000000000317AAA,Garcia-Jennings,OH,21143.52,3,Daniel Wagner,Derek Zuniga,2025-11-04,800000000000317AAA,2026-04-20,2027-04-19,12,21143.52,3
cus_000003172917,Garcia-Jennings,billing@garciajennings.com,2026-06-13,001000000000317AAA,2025-11-11,si_00000317_1,HR,11495,usd,month,3,001000000000317AAA,Garcia-Jennings,OH,21143.52,3,Daniel Wagner,Derek Zuniga,2025-11-04,800000000000317AAA,2026-04-20,2027-04-19,12,21143.52,3
cus_000003172917,Garcia-Jennings,billing@garciajennings.com,2026-06-13,001000000000317AAA,2025-11-11,si_00000317_2,Payroll,1609,usd,month,72,001000000000317AAA,Garcia-Jennings,OH,21143.52,3,Daniel Wagner,Derek Zuniga,2025-11-04,800000000000317AAA,2026-04-20,2027-04-19,12,21143.52,3
cus_000003187408,"Winters, Newman and Brown",billing@wintersnewmanandbrown.com,2026-06-02,001000000000318AAA,2021-11-14,si_00000318_0,Hiring,8377,usd,month,2,001000000000318AAA,"Winters, Newman and Brown",GA,8069.28,2,Abigail Shaffer,Lisa Jackson,2021-10-20,800000000000318AAA,2025-03-01,2026-02-28,12,8069.28,2
cus_000003187408,"Winters, Newman and Brown",billing@wintersnewmanandbrown.com,2026-06-02,001000000000318AAA,2021-11-14,si_00000318_1,HR,11169,usd,month,2,001000000000318AAA,"Winters, Newman and Brown",GA,8069.28,2,Abigail Shaffer,Lisa Jackson,2021-10-20,800000000000318AAA,2025-03-01,2026-02-28,12,8069.28,2
cus_000003187408,"Winters, Newman and Brown",billing@wintersnewmanandbrown.com,2026-06-02,001000000000318AAA,2021-11-14,si_00000318_2,Payroll,1564,usd,month,18,001000000000318AAA,"Winters, Newman and Brown",GA,8069.28,2,Abigail Shaffer,Lisa Jackson,2021-10-20,800000000000318AAA,2025-03-01,2026-02-28,12,8069.28,2
cus_000003190465,Lopez-Martinez,billing@lopezmartinez.com,2026-06-10,001000000000319AAA,2026-04-01,si_00000319_0,Hiring,9375,usd,month,5,001000000000319AAA,Lopez-Martinez,TN,5625.00,5,Abigail Shaffer,Monica Herrera,2026-03-10,800000000000319AAA,2026-02-28,2027-02-27,12,5625.00,5
cus_000003207523,Davis-Lewis,billing@davislewis.com,2026-06-13,001000000000320AAA,2023-08-14,si_00000320_0,Hiring,6241,usd,month,6,001000000000320AAA,Davis-Lewis,OH,4493.52,6,,Jamie Arnold,2023-07-27,800000000000320AAA,2023-06-29,2025-06-28,24,4493.52,6
cus_000003218712,"Harper, Smith and Buchanan",billing@harpersmithandbuchanan.com,2026-06-15,001000000000321AAA,2023-04-02,si_00000321_0,Hiring,88548,usd,year,1,001000000000321AAA,"Harper, Smith and Buchanan",PA,8264.64,4,,Jamie Arnold,2023-04-01,,,,,,
cus_000003218712,"Harper, Smith and Buchanan",billing@harpersmithandbuchanan.com,2026-06-15,001000000000321AAA,2023-04-02,si_00000321_1,HR,118068,usd,year,1,001000000000321AAA,"Harper, Smith and Buchanan",PA,8264.64,4,,Jamie Arnold,2023-04-01,,,,,,
cus_000003226996,zhang plc,billing@zhangplc.com,2026-05-02,,2023-07-31,si_00000322_0,HR,11063,usd,month,2,,,,,,,,,,,,,,
cus_000003226996,zhang plc,billing@zhangplc.com,2026-05-02,,2023-07-31,si_00000322_1,Payroll,1549,usd,month,16,,,,,,,,,,,,,,
cus_000003234999,Jones PLC,billing@jonesplc.com,2026-06-13,001000000000323AAA,2026-04-07,si_00000323_0,HR,112584,usd,year,2,001000000000323AAA,Jones PLC,FL,6033.12,2,Cristian Santos,Michele Williams,2026-04-05,,,,,,
cus_000003234999,Jones PLC,billing@jonesplc.com,2026-06-13,001000000000323AAA,2026-04-07,si_00000323_1,Payroll,15756,usd,year,24,001000000000323AAA,Jones PLC,FL,6033.12,2,Cristian Santos,Michele Williams,2026-04-05,,,,,,
cus_000003247462,Willis and Sons,billing@willisandsons.com,2026-06-11,001000000000324AAA,2024-05-20,si_00000324_0,Hiring,6768,usd,month,2,001000000000324AAA,Willis and Sons,AZ,3790.32,2,,Ryan Munoz,2024-04-28,,,,,,
cus_000003247462,Willis and Sons,billing@willisandsons.com,2026-06-11,001000000000324AAA,2024-05-20,si_00000324_1,HR,9025,usd,month,2,001000000000324AAA,Willis and Sons,AZ,3790.32,2,,Ryan Munoz,2024-04-28,,,,,,
cus_000003254640,Schroeder-Kramer,billing@schroederkramer.com,2026-06-07,001000000000325AAA,2022-01-13,si_00000325_0,Hiring,8113,usd,month,5,001000000000325AAA,Schroeder-Kramer,TX,4867.80,5,Gabrielle Davis,Holly Wood,2022-01-04,800000000000325AAA,2025-11-10,2028-11-09,36,4867.80,5
cus_000003260172,"Smith, Garrison and Thomas",billing@smithgarrisonandthomas.com,2026-06-05,001000000000326AAA,2025-02-20,si_00000326_0,Hiring,81312,usd,year,9,001000000000326AAA,"Smith, Garrison and Thomas",OH,7318.08,9,Angie Henderson,Michele Williams,2025-01-24,,,,,,
cus_000003271842,Fernandez and Sons,billing@fernandezandsons.com,2026-05-14,001000000000327AAA,2022-07-25,si_00000327_0,HR,99432,usd,year,8,001000000000327AAA,Fernandez and Sons,UT,6960.24,7,,Ryan Munoz,2022-06-30,,,,,,
cus_000003285887,Guerrero Inc,billing@guerreroinc.com,2026-06-07,001000000000328AAA,2022-12-30,si_00000328_0,Hiring,9375,usd,month,2,001000000000328AAA,Guerrero Inc,WA,5250.00,2,,Lisa Jackson,2022-12-10,800000000000328AAA,2026-02-20,2027-02-19,12,5250.00,2
cus_000003285887,Guerrero Inc,billing@guerreroinc.com,2026-06-07,001000000000328AAA,2022-12-30,si_00000328_1,HR,12500,usd,month,2,001000000000328AAA,Guerrero Inc,WA,5250.00,2,,Lisa Jackson,2022-12-10,800000000000328AAA,2026-02-20,2027-02-19,12,5250.00,2
cus_000003296941,Smith and Sons,billing@smithandsons.com,2026-05-06,001000000000329AAA,2024-04-12,si_00000329_0,Hiring,7627,usd,month,1,001000000000329AAA,Smith and Sons,WA,915.24,1,Cristian Santos,Dylan Miller,2024-03-18,,,,,,
cus_000003300334,"Morris, Thompson and Williams",billing@morristhompsonandwilliams.com,2026-06-06,001000000000330AAA,2022-03-21,si_00000330_0,Hiring,8199,usd,month,2,001000000000330AAA,"Morris, Thompson and Williams",CA,4591.68,2,,Carla Gray,2022-02-20,800000000000330AAA,2022-04-15,2025-04-14,36,4591.68,2
cus_000003300334,"Morris, Thompson and Williams",billing@morristhompsonandwilliams.com,2026-06-06,001000000000330AAA,2022-03-21,si_00000330_1,HR,10933,usd,month,2,001000000000330AAA,"Morris, Thompson and Williams",CA,4591.68,2,,Carla Gray,2022-02-20,800000000000330AAA,2022-04-15,2025-04-14,36,4591.68,2
cus_000003310433,"Fisher, Wilson and Brown",billing@fisherwilsonandbrown.com,2026-06-04,001000000000331AAA,2025-01-30,si_00000331_0,Hiring,5653,usd,month,5,001000000000331AAA,"Fisher, Wilson and Brown",TX,25005.00,5,Gina Moore,Holly Wood,2025-01-01,800000000000331AAA,2025-05-14,2027-05-13,24,25005.00,5
cus_000003310433,"Fisher, Wilson and Brown",billing@fisherwilsonandbrown.com,2026-06-04,001000000000331AAA,2025-01-30,si_00000331_1,HR,7537,usd,month,5,001000000000331AAA,"Fisher, Wilson and Brown",TX,25005.00,5,Gina Moore,Holly Wood,2025-01-01,800000000000331AAA,2025-05-14,2027-05-13,24,25005.00,5
cus_000003310433,"Fisher, Wilson and Brown",billing@fisherwilsonandbrown.com,2026-06-04,001000000000331AAA,2025-01-30,si_00000331_2,Payroll,1055,usd,month,135,001000000000331AAA,"Fisher, Wilson and Brown",TX,25005.00,5,Gina Moore,Holly Wood,2025-01-01,800000000000331AAA,2025-05-14,2027-05-13,24,25005.00,5
cus_000003322612,Strickland-Palmer,billing@stricklandpalmer.com,2026-06-15,001000000000332AAA,2023-01-21,si_00000332_0,Hiring,5792,usd,month,3,001000000000332AAA,Strickland-Palmer,IL,1621.68,1,,Brian Ramirez,2022-12-27,,,,,,
cus_000003322612,Strickland-Palmer,billing@stricklandpalmer.com,2026-06-15,001000000000332AAA,2023-01-21,si_00000332_1,HR,7722,usd,month,3,001000000000332AAA,Strickland-Palmer,IL,1621.68,1,,Brian Ramirez,2022-12-27,,,,,,
cus_000003330834,Hayes and Sons,billing@hayesandsons.com,2026-06-04,001000000000333AAA,2023-03-27,si_00000333_0,Hiring,5918,usd,month,3,001000000000333AAA,Hayes and Sons,TN,2130.48,3,Connie Lawrence,Lisa Hensley,2023-03-14,800000000000333AAA,2025-03-28,2027-03-27,24,2130.48,3
cus_000003345418,"Williams, Logan and Camacho",billing@williamsloganandcamacho.com,2026-05-13,001000000000334AAA,2025-09-05,si_00000334_0,Hiring,6271,usd,month,11,001000000000334AAA,"Williams, Logan and Camacho",FL,73414.44,11,,Derek Zuniga,2025-08-08,800000000000334AAA,2025-09-17,2026-09-16,12,73414.44,11
cus_000003345418,"Williams, Logan and Camacho",billing@williamsloganandcamacho.com,2026-05-13,001000000000334AAA,2025-09-05,si_00000334_1,HR,8361,usd,month,11,001000000000334AAA,"Williams, Logan and Camacho",FL,73414.44,11,,Derek Zuniga,2025-08-08,800000000000334AAA,2025-09-17,2026-09-16,12,73414.44,11
cus_000003345418,"Williams, Logan and Camacho",billing@williamsloganandcamacho.com,2026-05-13,001000000000334AAA,2025-09-05,si_00000334_2,Payroll,1171,usd,month,385,001000000000334AAA,"Williams, Logan and Camacho",FL,73414.44,11,,Derek Zuniga,2025-08-08,800000000000334AAA,2025-09-17,2026-09-16,12,73414.44,11
cus_000003351236,"Turner, Schneider and Johnson",billing@turnerschneiderandjohnson.com,2026-05-01,001000000000335AAA,2022-04-24,si_00000335_0,Hiring,7390,usd,month,3,001000000000335AAA,"Turner, Schneider and Johnson",OH,10345.80,5,,Lisa Hensley,2022-04-23,800000000000335AAA,2025-05-20,2026-05-19,12,10345.80,5
cus_000003351236,"Turner, Schneider and Johnson",billing@turnerschneiderandjohnson.com,2026-05-01,001000000000335AAA,2022-04-24,si_00000335_1,HR,9853,usd,month,3,001000000000335AAA,"Turner, Schneider and Johnson",OH,10345.80,5,,Lisa Hensley,2022-04-23,800000000000335AAA,2025-05-20,2026-05-19,12,10345.80,5
cus_000003366481,boone-simmons,billing@boonesimmons.com,2026-05-11,,2022-08-30,si_00000336_0,Hiring,6363,usd,month,7,,,,,,,,,,,,,,
cus_000003366481,boone-simmons,billing@boonesimmons.com,2026-05-11,,2022-08-30,si_00000336_1,HR,8484,usd,month,7,,,,,,,,,,,,,,
cus_000003370383,Henry Group,billing@henrygroup.com,2026-06-13,001000000000337AAA,2024-02-24,si_00000337_0,Hiring,7636,usd,month,6,001000000000337AAA,Henry Group,CA,2748.96,3,,Ryan Munoz,2024-01-26,800000000000337AAA,2024-07-07,2025-07-06,12,2748.96,3
cus_000003385326,Lam LLC,billing@lamllc.com,2026-06-03,001000000000338AAA,2026-04-23,si_00000338_0,Hiring,9375,usd,month,9,001000000000338AAA,Lam LLC,UT,32805.00,9,,Derek Zuniga,2026-03-26,,,,,,
cus_000003385326,Lam LLC,billing@lamllc.com,2026-06-03,001000000000338AAA,2026-04-23,si_00000338_1,Payroll,1750,usd,month,108,001000000000338AAA,Lam LLC,UT,32805.00,9,,Derek Zuniga,2026-03-26,,,,,,
cus_000003391266,"Hernandez, Martinez and Weber",billing@hernandezmartinezandweber.com,2026-06-14,001000000000339AAA,2024-10-02,si_00000339_0,Hiring,7113,usd,month,6,001000000000339AAA,"Hernandez, Martinez and Weber",NC,5121.36,6,,Carla Gray,2024-09-24,,,,,,
cus_000003404548,"Kelley, Nguyen and Vang",billing@kelleynguyenandvang.com,2026-06-08,001000000000340AAA,2025-12-06,si_00000340_0,Hiring,5194,usd,month,11,001000000000340AAA,"Kelley, Nguyen and Vang",WA,4986.24,8,,Holly Wood,2025-12-06,800000000000340AAA,2024-09-25,2025-09-24,12,4986.24,8
cus_000003411029,"Phillips, Wagner and Jordan",billing@phillipswagnerandjordan.com,2026-06-05,001000000000341AAA,2024-07-09,si_00000341_0,Hiring,75024,usd,year,4,001000000000341AAA,"Phillips, Wagner and Jordan",AZ,3000.96,4,Abigail Shaffer,Brian Ramirez,2024-06-30,800000000000341AAA,2025-04-21,2028-04-20,36,3000.96,4
cus_000003427369,"Wilson, Pena and Rich",billing@wilsonpenaandrich.com,2026-06-02,001000000000342AAA,2025-07-12,si_00000342_0,Hiring,57408,usd,year,4,001000000000342AAA,"Wilson, Pena and Rich",OH,2296.32,4,,Lisa Jackson,2025-06-21,,,,,,
cus_000003430867,"Le, Lewis and Hayes",billing@lelewisandhayes.com,2026-06-01,001000000000343AAA,2025-12-01,si_00000343_0,Hiring,8670,usd,month,14,001000000000343AAA,"Le, Lewis and Hayes",CO,14565.60,14,,Derek Zuniga,2025-11-30,,,,,,
cus_000003446559,Gutierrez Group,billing@gutierrezgroup.com,2026-06-05,001000000000344AAA,2026-03-25,si_00000344_0,Hiring,7148,usd,month,3,001000000000344AAA,Gutierrez Group,IL,6004.08,3,Gina Moore,Dylan Miller,2026-03-15,800000000000344AAA,2022-10-06,2024-10-05,24,6004.08,3
cus_000003446559,Gutierrez Group,billing@gutierrezgroup.com,2026-06-05,001000000000344AAA,2026-03-25,si_00000344_1,HR,9530,usd,month,3,001000000000344AAA,Gutierrez Group,IL,6004.08,3,Gina Moore,Dylan Miller,2026-03-15,800000000000344AAA,2022-10-06,2024-10-05,24,6004.08,3
cus_000003457920,Perry-Davis,billing@perrydavis.com,2026-06-10,001000000000345AAA,2025-02-02,si_00000345_0,Hiring,8159,usd,month,4,001000000000345AAA,Perry-Davis,IL,20559.96,9,,Dylan Miller,2025-01-25,800000000000345AAA,2025-02-01,2027-01-31,24,20559.96,9
cus_000003457920,Perry-Davis,billing@perrydavis.com,2026-06-10,001000000000345AAA,2025-02-02,si_00000345_1,HR,10878,usd,month,4,001000000000345AAA,Perry-Davis,IL,20559.96,9,,Dylan Miller,2025-01-25,800000000000345AAA,2025-02-01,2027-01-31,24,20559.96,9
cus_000003463627,Edwards-Scott,billing@edwardsscott.com,2026-06-13,001000000000346AAA,2023-12-07,si_00000346_0,Hiring,6871,usd,month,4,001000000000346AAA,Edwards-Scott,CA,9619.20,5,,Derek Zuniga,2023-12-01,800000000000346AAA,2026-04-04,2027-04-03,12,9619.20,5
cus_000003463627,Edwards-Scott,billing@edwardsscott.com,2026-06-13,001000000000346AAA,2023-12-07,si_00000346_1,HR,9161,usd,month,4,001000000000346AAA,Edwards-Scott,CA,9619.20,5,,Derek Zuniga,2023-12-01,800000000000346AAA,2026-04-04,2027-04-03,12,9619.20,5
cus_000003472664,Mcdaniel Group,billing@mcdanielgroup.com,2026-06-08,001000000000347AAA,2023-07-15,si_00000347_0,Hiring,9375,usd,month,11,001000000000347AAA,Mcdaniel Group,PA,28875.00,11,,Carla Gray,2023-06-24,800000000000347AAA,2023-12-29,2024-12-28,12,28875.00,11
cus_000003472664,Mcdaniel Group,billing@mcdanielgroup.com,2026-06-08,001000000000347AAA,2023-07-15,si_00000347_1,HR,12500,usd,month,11,001000000000347AAA,Mcdaniel Group,PA,28875.00,11,,Carla Gray,2023-06-24,800000000000347AAA,2023-12-29,2024-12-28,12,28875.00,11
cus_000003484711,Davis Inc,billing@davisinc.com,2026-06-07,001000000000348AAA,2026-01-06,si_00000348_0,Hiring,8646,usd,month,3,001000000000348AAA,Davis Inc,NY,7262.64,3,Angie Henderson,Brian Ramirez,2025-12-18,800000000000348AAA,2025-11-21,2026-11-20,12,7262.64,3
cus_000003484711,Davis Inc,billing@davisinc.com,2026-06-07,001000000000348AAA,2026-01-06,si_00000348_1,HR,11528,usd,month,3,001000000000348AAA,Davis Inc,NY,7262.64,3,Angie Henderson,Brian Ramirez,2025-12-18,800000000000348AAA,2025-11-21,2026-11-20,12,7262.64,3
cus_000003490786,Reynolds Ltd,billing@reynoldsltd.com,2026-06-08,001000000000349AAA,2025-05-06,si_00000349_0,Hiring,5827,usd,month,2,001000000000349AAA,Reynolds Ltd,GA,3263.04,2,Cristian Santos,Dylan Miller,2025-04-20,,,,,,
cus_000003490786,Reynolds Ltd,billing@reynoldsltd.com,2026-06-08,001000000000349AAA,2025-05-06,si_00000349_1,HR,7769,usd,month,2,001000000000349AAA,Reynolds Ltd,GA,3263.04,2,Cristian Santos,Dylan Miller,2025-04-20,,,,,,
cus_000003504585,"Watson, Anderson and Brown",billing@watsonandersonandbrown.com,2026-06-10,001000000000350AAA,2023-09-08,si_00000350_0,Hiring,4573,usd,month,2,001000000000350AAA,"Watson, Anderson and Brown",PA,9682.56,3,,Lisa Hensley,2023-08-12,,,,,,
cus_000003504585,"Watson, Anderson and Brown",billing@watsonandersonandbrown.com,2026-06-10,001000000000350AAA,2023-09-08,si_00000350_1,HR,6097,usd,month,2,001000000000350AAA,"Watson, Anderson and Brown",PA,9682.56,3,,Lisa Hensley,2023-08-12,,,,,,
cus_000003504585,"Watson, Anderson and Brown",billing@watsonandersonandbrown.com,2026-06-10,001000000000350AAA,2023-09-08,si_00000350_2,Payroll,854,usd,month,38,001000000000350AAA,"Watson, Anderson and Brown",PA,9682.56,3,,Lisa Hensley,2023-08-12,,,,,,
cus_000003514234,"Hoffman, Santiago and Jenkins",billing@hoffmansantiagoandjenkins.com,2026-06-01,001000000000351AAA,2023-10-14,si_00000351_0,Hiring,6748,usd,month,6,001000000000351AAA,"Hoffman, Santiago and Jenkins",CA,10204.20,3,Daniel Wagner,Michele Williams,2023-10-11,800000000000351AAA,2024-10-07,2025-10-06,12,10204.20,3
cus_000003514234,"Hoffman, Santiago and Jenkins",billing@hoffmansantiagoandjenkins.com,2026-06-01,001000000000351AAA,2023-10-14,si_00000351_1,HR,8997,usd,month,6,001000000000351AAA,"Hoffman, Santiago and Jenkins",CA,10204.20,3,Daniel Wagner,Michele Williams,2023-10-11,800000000000351AAA,2024-10-07,2025-10-06,12,10204.20,3
cus_000003514234,"Hoffman, Santiago and Jenkins",billing@hoffmansantiagoandjenkins.com,2026-06-01,001000000000351AAA,2023-10-14,si_00000351_2,Payroll,1260,usd,month,60,001000000000351AAA,"Hoffman, Santiago and Jenkins",CA,10204.20,3,Daniel Wagner,Michele Williams,2023-10-11,800000000000351AAA,2024-10-07,2025-10-06,12,10204.20,3
cus_000003526971,"Pugh, Henderson and Moon",billing@pughhendersonandmoon.com,2026-05-15,001000000000352AAA,2023-11-10,si_00000352_0,Hiring,8660,usd,month,6,001000000000352AAA,"Pugh, Henderson and Moon",FL,6235.20,6,,Brian Ramirez,2023-11-06,800000000000352AAA,2026-01-02,2027-01-01,12,6235.20,6
cus_000003539089,Schmitt PLC,billing@schmittplc.com,2026-06-05,001000000000353AAA,2022-10-30,si_00000353_0,Hiring,85860,usd,year,3,001000000000353AAA,Schmitt PLC,GA,10752.12,3,,Margaret Hawkins DDS,2022-10-19,,,,,,
cus_000003539089,Schmitt PLC,billing@schmittplc.com,2026-06-05,001000000000353AAA,2022-10-30,si_00000353_1,Payroll,16032,usd,year,51,001000000000353AAA,Schmitt PLC,GA,10752.12,3,,Margaret Hawkins DDS,2022-10-19,,,,,,
cus_000003557844,Moore Group,billing@mooregroup.com,2026-06-10,001000000000355AAA,2026-06-05,si_00000355_0,HR,9744,usd,month,5,001000000000355AAA,Moore Group,NC,5846.40,5,,Jamie Arnold,2026-05-17,,,,,,
cus_000003564648,Boone LLC,billing@boonellc.com,2026-06-09,001000000000356AAA,2023-09-24,si_00000356_0,Hiring,6728,usd,month,3,001000000000356AAA,Boone LLC,TX,2422.08,3,Daniel Wagner,Margaret Hawkins DDS,2023-09-07,800000000000356AAA,2024-11-25,2025-11-24,12,2422.08,3
cus_000003571826,"Richardson, Farmer and Andrews",billing@richardsonfarmerandandrews.com,2026-06-12,001000000000357AAA,2024-01-05,si_00000357_0,Hiring,5611,usd,month,5,001000000000357AAA,"Richardson, Farmer and Andrews",GA,10368.00,5,,Monica Herrera,2024-01-03,,,,,,
cus_000003571826,"Richardson, Farmer and Andrews",billing@richardsonfarmerandandrews.com,2026-06-12,001000000000357AAA,2024-01-05,si_00000357_1,HR,7481,usd,month,5,001000000000357AAA,"Richardson, Farmer and Andrews",GA,10368.00,5,,Monica Herrera,2024-01-03,,,,,,
cus_000003571826,"Richardson, Farmer and Andrews",billing@richardsonfarmerandandrews.com,2026-06-12,001000000000357AAA,2024-01-05,si_00000357_2,Payroll,1047,usd,month,20,001000000000357AAA,"Richardson, Farmer and Andrews",GA,10368.00,5,,Monica Herrera,2024-01-03,,,,,,
cus_000003587662,Bruce-Villegas,billing@brucevillegas.com,2026-06-02,001000000000358AAA,2025-12-10,si_00000358_0,Hiring,75516,usd,year,6,001000000000358AAA,Bruce-Villegas,NY,4530.96,6,,Carla Gray,2025-11-12,800000000000358AAA,2024-08-15,2025-08-14,12,4530.96,6
cus_000003598618,"Austin, Day and Johnson",billing@austindayandjohnson.com,2026-06-15,001000000000359AAA,2024-04-16,si_00000359_0,Hiring,7288,usd,month,10,001000000000359AAA,"Austin, Day and Johnson",CA,20407.20,10,,Jamie Arnold,2024-04-07,800000000000359AAA,2025-08-04,2028-08-03,36,20407.20,10
cus_000003598618,"Austin, Day and Johnson",billing@austindayandjohnson.com,2026-06-15,001000000000359AAA,2024-04-16,si_00000359_1,HR,9718,usd,month,10,001000000000359AAA,"Austin, Day and Johnson",CA,20407.20,10,,Jamie Arnold,2024-04-07,800000000000359AAA,2025-08-04,2028-08-03,36,20407.20,10
cus_000003603579,"Gallegos, Adams and White",billing@gallegosadamsandwhite.com,2026-06-13,001000000000360AAA,2026-02-14,si_00000360_0,Hiring,4500,usd,month,2,001000000000360AAA,"Gallegos, Adams and White",NY,2520.00,2,Gabrielle Davis,Holly Wood,2026-02-04,,,,,,
cus_000003603579,"Gallegos, Adams and White",billing@gallegosadamsandwhite.com,2026-06-13,001000000000360AAA,2026-02-14,si_00000360_1,HR,6000,usd,month,2,001000000000360AAA,"Gallegos, Adams and White",NY,2520.00,2,Gabrielle Davis,Holly Wood,2026-02-04,,,,,,
cus_000003617024,"Farmer, Dorsey and Bell",billing@farmerdorseyandbell.com,2026-06-14,001000000000361AAA,2025-09-23,si_00000361_0,Hiring,8291,usd,month,1,001000000000361AAA,"Farmer, Dorsey and Bell",PA,1989.84,2,Daniel Wagner,Jamie Arnold,2025-09-05,800000000000361AAA,2025-06-06,2027-06-05,24,1989.84,2
cus_000003627963,Kane PLC,billing@kaneplc.com,2026-06-04,001000000000362AAA,2022-03-12,si_00000362_0,Hiring,6902,usd,month,6,001000000000362AAA,Kane PLC,IL,11595.60,6,,Dylan Miller,2022-02-12,800000000000362AAA,2024-11-18,2026-11-17,24,11595.60,6
cus_000003627963,Kane PLC,billing@kaneplc.com,2026-06-04,001000000000362AAA,2022-03-12,si_00000362_1,HR,9203,usd,month,6,001000000000362AAA,Kane PLC,IL,11595.60,6,,Dylan Miller,2022-02-12,800000000000362AAA,2024-11-18,2026-11-17,24,11595.60,6
cus_000003633923,"Morales, Thomas and Schultz",billing@moralesthomasandschultz.com,2026-06-06,001000000000363AAA,2025-11-08,si_00000363_0,Hiring,6718,usd,month,6,001000000000363AAA,"Morales, Thomas and Schultz",NY,11286.00,6,,Derek Zuniga,2025-10-20,800000000000363AAA,2025-03-10,2026-03-09,12,11286.00,6
cus_000003633923,"Morales, Thomas and Schultz",billing@moralesthomasandschultz.com,2026-06-06,001000000000363AAA,2025-11-08,si_00000363_1,HR,8957,usd,month,6,001000000000363AAA,"Morales, Thomas and Schultz",NY,11286.00,6,,Derek Zuniga,2025-10-20,800000000000363AAA,2025-03-10,2026-03-09,12,11286.00,6
cus_000003645003,Bennett Group,billing@bennettgroup.com,2025-12-31,001000000000364AAA,2025-07-31,si_00000364_0,Hiring,6584,usd,month,6,001000000000364AAA,Bennett Group,UT,11060.64,6,Noah Rhodes,Carla Gray,2025-07-03,800000000000364AAA,2025-01-29,2026-01-28,12,11060.64,6
cus_000003645003,Bennett Group,billing@bennettgroup.com,2025-12-31,001000000000364AAA,2025-07-31,si_00000364_1,HR,8778,usd,month,6,001000000000364AAA,Bennett Group,UT,11060.64,6,Noah Rhodes,Carla Gray,2025-07-03,800000000000364AAA,2025-01-29,2026-01-28,12,11060.64,6
cus_000003653539,Moore-Collins,billing@moorecollins.com,2026-06-13,001000000000365AAA,2022-07-10,si_00000365_0,Hiring,7603,usd,month,5,001000000000365AAA,Moore-Collins,NY,19559.04,8,Connie Lawrence,Ryan Munoz,2022-07-05,800000000000365AAA,2024-05-02,2025-05-01,12,19559.04,8
cus_000003653539,Moore-Collins,billing@moorecollins.com,2026-06-13,001000000000365AAA,2022-07-10,si_00000365_1,Payroll,1419,usd,month,45,001000000000365AAA,Moore-Collins,NY,19559.04,8,Connie Lawrence,Ryan Munoz,2022-07-05,800000000000365AAA,2024-05-02,2025-05-01,12,19559.04,8
cus_000003663788,Frank-Bradley,billing@frankbradley.com,2026-06-13,001000000000366AAA,2024-06-15,si_00000366_0,Hiring,5676,usd,month,2,001000000000366AAA,Frank-Bradley,CA,6450.24,2,,Jamie Arnold,2024-05-28,,,,,,
cus_000003663788,Frank-Bradley,billing@frankbradley.com,2026-06-13,001000000000366AAA,2024-06-15,si_00000366_1,Payroll,1060,usd,month,40,001000000000366AAA,Frank-Bradley,CA,6450.24,2,,Jamie Arnold,2024-05-28,,,,,,
cus_000003679532,Wre and Sons,billing@wareandsons.com,2026-06-08,,2022-08-23,si_00000367_0,Hiring,6687,usd,month,5,,,,,,,,,,,,,,
cus_000003681591,Webster Inc,billing@websterinc.com,2026-06-05,001000000000368AAA,2026-03-06,si_00000368_0,Hiring,5602,usd,month,3,001000000000368AAA,Webster Inc,CA,12183.84,3,Allison Hill,Michele Williams,2026-02-24,,,,,,
cus_000003681591,Webster Inc,billing@websterinc.com,2026-06-05,001000000000368AAA,2026-03-06,si_00000368_1,Payroll,1046,usd,month,81,001000000000368AAA,Webster Inc,CA,12183.84,3,Allison Hill,Michele Williams,2026-02-24,,,,,,
cus_000003699438,"Miller, Ramos and Coleman",billing@millerramosandcoleman.com,2026-06-01,001000000000369AAA,2026-03-17,si_00000369_0,Hiring,5140,usd,month,5,001000000000369AAA,"Miller, Ramos and Coleman",CO,18140.40,5,,Margaret Hawkins DDS,2026-02-16,800000000000369AAA,2022-05-02,2025-05-01,36,18140.40,5
cus_000003699438,"Miller, Ramos and Coleman",billing@millerramosandcoleman.com,2026-06-01,001000000000369AAA,2026-03-17,si_00000369_1,HR,6854,usd,month,5,001000000000369AAA,"Miller, Ramos and Coleman",CO,18140.40,5,,Margaret Hawkins DDS,2026-02-16,800000000000369AAA,2022-05-02,2025-05-01,36,18140.40,5
cus_000003699438,"Miller, Ramos and Coleman",billing@millerramosandcoleman.com,2026-06-01,001000000000369AAA,2026-03-17,si_00000369_2,Payroll,960,usd,month,95,001000000000369AAA,"Miller, Ramos and Coleman",CO,18140.40,5,,Margaret Hawkins DDS,2026-02-16,800000000000369AAA,2022-05-02,2025-05-01,36,18140.40,5
cus_000003701536,"Ramos, Nelson and Fischer",billing@ramosnelsonandfischer.com,2026-06-10,001000000000370AAA,2024-05-09,si_00000370_0,Hiring,106356,usd,year,3,001000000000370AAA,"Ramos, Nelson and Fischer",PA,7444.80,3,,Ryan Munoz,2024-05-05,800000000000370AAA,2023-08-18,2024-08-17,12,7444.80,3
cus_000003701536,"Ramos, Nelson and Fischer",billing@ramosnelsonandfischer.com,2026-06-10,001000000000370AAA,2024-05-09,si_00000370_1,HR,141804,usd,year,3,001000000000370AAA,"Ramos, Nelson and Fischer",PA,7444.80,3,,Ryan Munoz,2024-05-05,800000000000370AAA,2023-08-18,2024-08-17,12,7444.80,3
cus_000003716962,Reed Inc,billing@reedinc.com,2026-06-04,001000000000371AAA,2023-08-20,si_00000371_0,Hiring,9304,usd,month,6,001000000000371AAA,Reed Inc,WA,7815.60,3,Daniel Wagner,Jamie Arnold,2023-08-08,800000000000371AAA,2025-05-20,2026-05-19,12,7815.60,3
cus_000003716962,Reed Inc,billing@reedinc.com,2026-06-04,001000000000371AAA,2023-08-20,si_00000371_1,HR,12406,usd,month,6,001000000000371AAA,Reed Inc,WA,7815.60,3,Daniel Wagner,Jamie Arnold,2023-08-08,800000000000371AAA,2025-05-20,2026-05-19,12,7815.60,3
cus_000003724327,Gregory-Watkins,billing@gregorywatkins.com,2026-06-02,001000000000372AAA,2021-11-22,si_00000372_0,HR,7547,usd,month,4,001000000000372AAA,Gregory-Watkins,CO,3622.56,4,,Monica Herrera,2021-10-27,,,,,,
cus_000003739205,"Estrada, Williams and Foster",billing@estradawilliamsandfoster.com,2026-06-07,001000000000373AAA,2022-01-31,si_00000373_0,Hiring,6510,usd,month,3,001000000000373AAA,"Estrada, Williams and Foster",TX,2343.60,3,,Brian Ramirez,2022-01-04,800000000000373AAA,2026-01-21,2028-01-20,24,2343.60,3
cus_000003747829,"Brown, Harris and ougherty",billing@brownharrisanddougherty.com,2026-05-12,,2023-07-08,si_00000374_0,Hiring,75432,usd,year,3,,,,,,,,,,,,,,
cus_000003747829,"Brown, Harris and ougherty",billing@brownharrisanddougherty.com,2026-05-12,,2023-07-08,si_00000374_1,HR,100584,usd,year,3,,,,,,,,,,,,,,
cus_000003747829,"Brown, Harris and ougherty",billing@brownharrisanddougherty.com,2026-05-12,,2023-07-08,si_00000374_2,Payroll,14076,usd,year,48,,,,,,,,,,,,,,
cus_000003755403,Duran LLC,billing@duranllc.com,2026-06-13,001000000000375AAA,2021-11-14,si_00000375_0,Hiring,7157,usd,month,7,001000000000375AAA,Duran LLC,UT,21723.24,7,,Jamie Arnold,2021-11-13,,,,,,
cus_000003755403,Duran LLC,billing@duranllc.com,2026-06-13,001000000000375AAA,2021-11-14,si_00000375_1,Payroll,1336,usd,month,98,001000000000375AAA,Duran LLC,UT,21723.24,7,,Jamie Arnold,2021-11-13,,,,,,
cus_000003768163,Wilsn-Jimenez,billing@wilsonjimenez.com,2026-06-10,,2025-09-19,si_00000376_0,Hiring,7080,usd,month,3,,,,,,,,,,,,,,
cus_000003768163,Wilsn-Jimenez,billing@wilsonjimenez.com,2026-06-10,,2025-09-19,si_00000376_1,HR,9440,usd,month,3,,,,,,,,,,,,,,
cus_000003768163,Wilsn-Jimenez,billing@wilsonjimenez.com,2026-06-10,,2025-09-19,si_00000376_2,Payroll,1322,usd,month,60,,,,,,,,,,,,,,
cus_000003775720,Thompson-James,billing@thompsonjames.com,2026-06-14,001000000000377AAA,2022-04-02,si_00000377_0,Hiring,7142,usd,month,6,001000000000377AAA,Thompson-James,CA,41750.64,6,Angie Henderson,Monica Herrera,2022-03-14,800000000000377AAA,2025-10-04,2026-10-03,12,41750.64,6
cus_000003775720,Thompson-James,billing@thompsonjames.com,2026-06-14,001000000000377AAA,2022-04-02,si_00000377_1,HR,9522,usd,month,6,001000000000377AAA,Thompson-James,CA,41750.64,6,Angie Henderson,Monica Herrera,2022-03-14,800000000000377AAA,2025-10-04,2026-10-03,12,41750.64,6
cus_000003775720,Thompson-James,billing@thompsonjames.com,2026-06-14,001000000000377AAA,2022-04-02,si_00000377_2,Payroll,1333,usd,month,186,001000000000377AAA,Thompson-James,CA,41750.64,6,Angie Henderson,Monica Herrera,2022-03-14,800000000000377AAA,2025-10-04,2026-10-03,12,41750.64,6
cus_000003786746,"Hall, Hansen and Barnett",billing@hallhansenandbarnett.com,2026-06-03,001000000000378AAA,2023-07-19,si_00000378_0,Hiring,6959,usd,month,3,001000000000378AAA,"Hall, Hansen and Barnett",PA,2505.24,3,,Lisa Jackson,2023-07-08,800000000000378AAA,2024-07-17,2025-07-16,12,2505.24,3
cus_000003798543,Jones-Hensley,billing@joneshensley.com,2026-06-13,001000000000379AAA,2024-04-23,si_00000379_0,Hiring,9131,usd,month,4,001000000000379AAA,Jones-Hensley,TX,28231.68,4,,Derek Zuniga,2024-03-30,,,,,,
cus_000003798543,Jones-Hensley,billing@joneshensley.com,2026-06-13,001000000000379AAA,2024-04-23,si_00000379_1,HR,12175,usd,month,4,001000000000379AAA,Jones-Hensley,TX,28231.68,4,,Derek Zuniga,2024-03-30,,,,,,
cus_000003798543,Jones-Hensley,billing@joneshensley.com,2026-06-13,001000000000379AAA,2024-04-23,si_00000379_2,Payroll,1705,usd,month,88,001000000000379AAA,Jones-Hensley,TX,28231.68,4,,Derek Zuniga,2024-03-30,,,,,,
cus_000003809421,Gaham,billing@grahamgroup.com,2026-06-08,,2026-06-08,si_00000380_0,Hiring,9375,usd,month,2,,,,,,,,,,,,,,
cus_000003809421,Gaham,billing@grahamgroup.com,2026-06-08,,2026-06-08,si_00000380_1,HR,12500,usd,month,2,,,,,,,,,,,,,,
cus_000003810794,atkins plc,billing@atkinsplc.com,2026-06-13,,2024-11-23,si_00000381_0,Hiring,81408,usd,year,12,,,,,,,,,,,,,,
cus_000003821849,Berry-Mckinney,billing@berrymckinney.com,2026-06-15,,2024-04-06,si_00000382_0,Hiring,105840,usd,year,4,,,,,,,,,,,,,,
cus_000003821849,Berry-Mckinney,billing@berrymckinney.com,2026-06-15,,2024-04-06,si_00000382_1,Payroll,19752,usd,year,52,,,,,,,,,,,,,,
cus_000003832193,Roberts-Sullivan,billing@robertssullivan.com,2026-06-15,001000000000383AAA,2025-07-13,si_00000383_0,Hiring,82440,usd,year,3,001000000000383AAA,Roberts-Sullivan,UT,13253.76,6,,Lisa Hensley,2025-07-13,800000000000383AAA,2026-02-05,2027-02-04,12,13253.76,6
cus_000003832193,Roberts-Sullivan,billing@robertssullivan.com,2026-06-15,001000000000383AAA,2025-07-13,si_00000383_1,Payroll,15384,usd,year,27,001000000000383AAA,Roberts-Sullivan,UT,13253.76,6,,Lisa Hensley,2025-07-13,800000000000383AAA,2026-02-05,2027-02-04,12,13253.76,6
cus_000003842163,Jackson-Meza,billing@jacksonmeza.com,2026-06-14,,2021-11-24,si_00000384_0,Hiring,9375,usd,month,2,,,,,,,,,,,,,,
cus_000003842163,Jackson-Meza,billing@jacksonmeza.com,2026-06-14,,2021-11-24,si_00000384_1,HR,12500,usd,month,2,,,,,,,,,,,,,,
cus_000003842163,Jackson-Meza,billing@jacksonmeza.com,2026-06-14,,2021-11-24,si_00000384_2,Payroll,1750,usd,month,38,,,,,,,,,,,,,,
cus_000003852960,collier-gillespie,billing@colliergillespie.com,2026-06-09,,2023-05-26,si_00000385_0,Hiring,5093,usd,month,2,,,,,,,,,,,,,,
cus_000003852960,collier-gillespie,billing@colliergillespie.com,2026-06-09,,2023-05-26,si_00000385_1,Payroll,951,usd,month,68,,,,,,,,,,,,,,
cus_000003867828,Kim Inc,billing@kiminc.com,2026-06-09,001000000000386AAA,2024-05-22,si_00000386_0,Hiring,6880,usd,month,1,001000000000386AAA,Kim Inc,FL,1926.48,1,,Dylan Miller,2024-05-20,800000000000386AAA,2026-04-23,2029-04-22,36,1926.48,1
cus_000003867828,Kim Inc,billing@kiminc.com,2026-06-09,001000000000386AAA,2024-05-22,si_00000386_1,HR,9174,usd,month,1,001000000000386AAA,Kim Inc,FL,1926.48,1,,Dylan Miller,2024-05-20,800000000000386AAA,2026-04-23,2029-04-22,36,1926.48,1
cus_000003877954,"Miller, Harrell and Reese",billing@millerharrellandreese.com,2025-12-14,001000000000387AAA,2024-07-16,si_00000387_0,Hiring,6996,usd,month,3,001000000000387AAA,"Miller, Harrell and Reese",GA,5876.64,3,,Lisa Hensley,2024-07-11,,,,,,
cus_000003877954,"Miller, Harrell and Reese",billing@millerharrellandreese.com,2025-12-14,001000000000387AAA,2024-07-16,si_00000387_1,HR,9328,usd,month,3,001000000000387AAA,"Miller, Harrell and Reese",GA,5876.64,3,,Lisa Hensley,2024-07-11,,,,,,
cus_000003882578,Cook and Sons,billing@cookandsons.com,2026-06-12,001000000000388AAA,2025-03-21,si_00000388_0,Hiring,7403,usd,month,1,001000000000388AAA,Cook and Sons,GA,8043.00,1,Abigail Shaffer,Michele Williams,2025-03-03,800000000000388AAA,2025-05-29,2027-05-28,24,8043.00,1
cus_000003882578,Cook and Sons,billing@cookandsons.com,2026-06-12,001000000000388AAA,2025-03-21,si_00000388_1,HR,9870,usd,month,1,001000000000388AAA,Cook and Sons,GA,8043.00,1,Abigail Shaffer,Michele Williams,2025-03-03,800000000000388AAA,2025-05-29,2027-05-28,24,8043.00,1
cus_000003882578,Cook and Sons,billing@cookandsons.com,2026-06-12,001000000000388AAA,2025-03-21,si_00000388_2,Payroll,1382,usd,month,36,001000000000388AAA,Cook and Sons,GA,8043.00,1,Abigail Shaffer,Michele Williams,2025-03-03,800000000000388AAA,2025-05-29,2027-05-28,24,8043.00,1
cus_000003890513,Dixon Inc,billing@dixoninc.com,2026-06-06,001000000000389AAA,2024-09-11,si_00000389_0,Hiring,7096,usd,month,7,001000000000389AAA,Dixon Inc,AZ,9766.08,4,Connie Lawrence,Derek Zuniga,2024-09-02,800000000000389AAA,2025-04-17,2026-04-16,12,9766.08,4
cus_000003890513,Dixon Inc,billing@dixoninc.com,2026-06-06,001000000000389AAA,2024-09-11,si_00000389_1,Payroll,1325,usd,month,70,001000000000389AAA,Dixon Inc,AZ,9766.08,4,Connie Lawrence,Derek Zuniga,2024-09-02,800000000000389AAA,2025-04-17,2026-04-16,12,9766.08,4
cus_000003901388,"Hicks, Bullock and Bailey",billing@hicksbullockandbailey.com,2026-06-13,001000000000390AAA,2026-05-07,si_00000390_0,Hiring,7461,usd,month,1,001000000000390AAA,"Hicks, Bullock and Bailey",TX,895.32,1,Angie Henderson,Ryan Munoz,2026-05-01,,,,,,
cus_000003917733,"Mullen, Brewer and Hernandez",billing@mullenbrewerandhernandez.com,2026-06-04,001000000000391AAA,2022-08-15,si_00000391_0,Hiring,6088,usd,month,3,001000000000391AAA,"Mullen, Brewer and Hernandez",PA,5114.16,3,Gabrielle Davis,Lisa Hensley,2022-08-09,800000000000391AAA,2025-10-11,2026-10-10,12,5114.16,3
cus_000003917733,"Mullen, Brewer and Hernandez",billing@mullenbrewerandhernandez.com,2026-06-04,001000000000391AAA,2022-08-15,si_00000391_1,HR,8118,usd,month,3,001000000000391AAA,"Mullen, Brewer and Hernandez",PA,5114.16,3,Gabrielle Davis,Lisa Hensley,2022-08-09,800000000000391AAA,2025-10-11,2026-10-10,12,5114.16,3
cus_000003920434,thomas and sons,billing@thomasandsons.com,2026-06-02,,2023-09-15,si_00000392_0,Hiring,8440,usd,month,14,,,,,,,,,,,,,,
cus_000003920434,thomas and sons,billing@thomasandsons.com,2026-06-02,,2023-09-15,si_00000392_1,HR,11253,usd,month,14,,,,,,,,,,,,,,
cus_000003936227,Morrison Ltd,billing@morrisonltd.com,2026-05-05,001000000000393AAA,2024-11-09,si_00000393_0,Hiring,8572,usd,month,1,001000000000393AAA,Morrison Ltd,GA,1028.64,1,Noah Rhodes,Dylan Miller,2024-10-11,,,,,,
cus_000003941676,Thompson Ltd,billing@thompsonltd.com,2026-06-09,001000000000394AAA,2021-12-14,si_00000394_0,Hiring,5021,usd,month,4,001000000000394AAA,Thompson Ltd,IL,11247.36,8,,Carla Gray,2021-11-23,,,,,,
cus_000003941676,Thompson Ltd,billing@thompsonltd.com,2026-06-09,001000000000394AAA,2021-12-14,si_00000394_1,HR,6695,usd,month,4,001000000000394AAA,Thompson Ltd,IL,11247.36,8,,Carla Gray,2021-11-23,,,,,,
cus_000003953626,Marshall-Elliott,billing@marshallelliott.com,2026-06-03,001000000000395AAA,2023-11-24,si_00000395_0,Hiring,7973,usd,month,4,001000000000395AAA,Marshall-Elliott,OH,33214.08,4,,Lisa Jackson,2023-11-22,800000000000395AAA,2025-02-06,2026-02-05,12,33214.08,4
cus_000003953626,Marshall-Elliott,billing@marshallelliott.com,2026-06-03,001000000000395AAA,2023-11-24,si_00000395_1,HR,10631,usd,month,4,001000000000395AAA,Marshall-Elliott,OH,33214.08,4,,Lisa Jackson,2023-11-22,800000000000395AAA,2025-02-06,2026-02-05,12,33214.08,4
cus_000003953626,Marshall-Elliott,billing@marshallelliott.com,2026-06-03,001000000000395AAA,2023-11-24,si_00000395_2,Payroll,1488,usd,month,136,001000000000395AAA,Marshall-Elliott,OH,33214.08,4,,Lisa Jackson,2023-11-22,800000000000395AAA,2025-02-06,2026-02-05,12,33214.08,4
cus_000003966878,"Cole, Glass and Cunningham",billing@coleglassandcunningham.com,2026-06-13,001000000000396AAA,2026-05-08,si_00000396_0,Hiring,66900,usd,year,8,001000000000396AAA,"Cole, Glass and Cunningham",NC,12487.68,8,,Dylan Miller,2026-05-02,,,,,,
cus_000003966878,"Cole, Glass and Cunningham",billing@coleglassandcunningham.com,2026-06-13,001000000000396AAA,2026-05-08,si_00000396_1,HR,89196,usd,year,8,001000000000396AAA,"Cole, Glass and Cunningham",NC,12487.68,8,,Dylan Miller,2026-05-02,,,,,,
cus_000003975136,"Downs, Morris and Maddox",billing@downsmorrisandmaddox.com,2026-06-06,001000000000397AAA,2023-05-29,si_00000397_0,Hiring,86112,usd,year,5,001000000000397AAA,"Downs, Morris and Maddox",UT,10046.40,5,,Lisa Jackson,2023-05-14,800000000000397AAA,2022-07-29,2025-07-28,36,10046.40,5
cus_000003975136,"Downs, Morris and Maddox",billing@downsmorrisandmaddox.com,2026-06-06,001000000000397AAA,2023-05-29,si_00000397_1,HR,114816,usd,year,5,001000000000397AAA,"Downs, Morris and Maddox",UT,10046.40,5,,Lisa Jackson,2023-05-14,800000000000397AAA,2022-07-29,2025-07-28,36,10046.40,5
cus_000003985972,Hernandez-Jones,billing@hernandezjones.com,2026-06-06,001000000000398AAA,2024-08-10,si_00000398_0,Hiring,6928,usd,month,8,001000000000398AAA,Hernandez-Jones,CA,15519.36,8,Daniel Wagner,Brian Ramirez,2024-08-06,800000000000398AAA,2022-07-17,2024-07-16,24,15519.36,8
cus_000003985972,Hernandez-Jones,billing@hernandezjones.com,2026-06-06,001000000000398AAA,2024-08-10,si_00000398_1,HR,9238,usd,month,8,001000000000398AAA,Hernandez-Jones,CA,15519.36,8,Daniel Wagner,Brian Ramirez,2024-08-06,800000000000398AAA,2022-07-17,2024-07-16,24,15519.36,8
cus_000003992508,Welch-Hogan,billing@welchhogan.com,2026-06-13,001000000000399AAA,2024-05-17,si_00000399_0,Hiring,9375,usd,month,4,001000000000399AAA,Welch-Hogan,TX,4500.00,4,Connie Lawrence,Margaret Hawkins DDS,2024-04-25,800000000000399AAA,2026-05-12,2027-05-11,12,4500.00,4
cus_000004009326,"Brown, Romero and Collins",billing@brownromeroandcollins.com,2026-06-07,001000000000400AAA,2024-08-27,si_00000400_0,Hiring,8072,usd,month,2,001000000000400AAA,"Brown, Romero and Collins",IL,4520.40,2,,Jamie Arnold,2024-08-27,800000000000400AAA,2024-10-18,2026-10-17,24,4520.40,2
cus_000004009326,"Brown, Romero and Collins",billing@brownromeroandcollins.com,2026-06-07,001000000000400AAA,2024-08-27,si_00000400_1,HR,10763,usd,month,2,001000000000400AAA,"Brown, Romero and Collins",IL,4520.40,2,,Jamie Arnold,2024-08-27,800000000000400AAA,2024-10-18,2026-10-17,24,4520.40,2
cus_000004014138,Johnson-Wood,billing@johnsonwood.com,2026-06-12,001000000000401AAA,2022-10-29,si_00000401_0,Hiring,6834,usd,month,2,001000000000401AAA,Johnson-Wood,TN,1640.16,2,Angie Henderson,Michele Williams,2022-10-03,800000000000401AAA,2025-10-30,2026-10-29,12,1640.16,2
cus_000004022869,Jones-Lin,billing@joneslin.com,2026-06-10,001000000000402AAA,2024-11-03,si_00000402_0,Hiring,9375,usd,month,3,001000000000402AAA,Jones-Lin,TN,3375.00,3,,Carla Gray,2024-10-21,800000000000402AAA,2024-06-19,2025-06-18,12,3375.00,3
cus_000004039042,Gilbert PLC,billing@gilbertplc.com,2026-06-06,001000000000403AAA,2023-04-11,si_00000403_0,Hiring,6790,usd,month,5,001000000000403AAA,Gilbert PLC,CA,7527.96,3,,Dylan Miller,2023-03-13,800000000000403AAA,2026-04-26,2027-04-25,12,7527.96,3
cus_000004039042,Gilbert PLC,billing@gilbertplc.com,2026-06-06,001000000000403AAA,2023-04-11,si_00000403_1,HR,9053,usd,month,5,001000000000403AAA,Gilbert PLC,CA,7527.96,3,,Dylan Miller,2023-03-13,800000000000403AAA,2026-04-26,2027-04-25,12,7527.96,3
cus_000004039042,Gilbert PLC,billing@gilbertplc.com,2026-06-06,001000000000403AAA,2023-04-11,si_00000403_2,Payroll,1267,usd,month,20,001000000000403AAA,Gilbert PLC,CA,7527.96,3,,Dylan Miller,2023-03-13,800000000000403AAA,2026-04-26,2027-04-25,12,7527.96,3
cus_000004046552,Ford-Spencer,billing@fordspencer.com,2026-06-02,001000000000404AAA,2024-06-10,si_00000404_0,Hiring,79932,usd,year,2,001000000000404AAA,Ford-Spencer,NC,8204.88,2,,Margaret Hawkins DDS,2024-05-21,800000000000404AAA,2025-06-30,2027-06-29,24,8204.88,2
cus_000004046552,Ford-Spencer,billing@fordspencer.com,2026-06-02,001000000000404AAA,2024-06-10,si_00000404_1,HR,106572,usd,year,2,001000000000404AAA,Ford-Spencer,NC,8204.88,2,,Margaret Hawkins DDS,2024-05-21,800000000000404AAA,2025-06-30,2027-06-29,24,8204.88,2
cus_000004046552,Ford-Spencer,billing@fordspencer.com,2026-06-02,001000000000404AAA,2024-06-10,si_00000404_2,Payroll,14916,usd,year,30,001000000000404AAA,Ford-Spencer,NC,8204.88,2,,Margaret Hawkins DDS,2024-05-21,800000000000404AAA,2025-06-30,2027-06-29,24,8204.88,2
cus_000004056138,"Huang, Cole and Pacheco",billing@huangcoleandpacheco.com,2026-06-08,001000000000405AAA,2024-07-15,si_00000405_0,Hiring,5239,usd,month,4,001000000000405AAA,"Huang, Cole and Pacheco",IL,14787.36,4,,Lisa Jackson,2024-07-07,,,,,,
cus_000004056138,"Huang, Cole and Pacheco",billing@huangcoleandpacheco.com,2026-06-08,001000000000405AAA,2024-07-15,si_00000405_1,HR,6986,usd,month,4,001000000000405AAA,"Huang, Cole and Pacheco",IL,14787.36,4,,Lisa Jackson,2024-07-07,,,,,,
cus_000004056138,"Huang, Cole and Pacheco",billing@huangcoleandpacheco.com,2026-06-08,001000000000405AAA,2024-07-15,si_00000405_2,Payroll,978,usd,month,76,001000000000405AAA,"Huang, Cole and Pacheco",IL,14787.36,4,,Lisa Jackson,2024-07-07,,,,,,
cus_000004068866,"Lopez, Jacobs and Mason",billing@lopezjacobsandmason.com,2026-06-11,001000000000406AAA,2022-08-24,si_00000406_0,Hiring,5278,usd,month,1,001000000000406AAA,"Lopez, Jacobs and Mason",CA,633.36,1,Connie Lawrence,Monica Herrera,2022-08-23,800000000000406AAA,2024-09-19,2025-09-18,12,633.36,1
cus_000004070585,Hayes LLC,billing@hayesllc.com,2026-03-30,001000000000407AAA,2024-07-08,si_00000407_0,Hiring,7785,usd,month,3,001000000000407AAA,Hayes LLC,AZ,19616.40,3,,Holly Wood,2024-06-20,,,,,,
cus_000004070585,Hayes LLC,billing@hayesllc.com,2026-03-30,001000000000407AAA,2024-07-08,si_00000407_1,HR,10380,usd,month,3,001000000000407AAA,Hayes LLC,AZ,19616.40,3,,Holly Wood,2024-06-20,,,,,,
cus_000004070585,Hayes LLC,billing@hayesllc.com,2026-03-30,001000000000407AAA,2024-07-08,si_00000407_2,Payroll,1453,usd,month,75,001000000000407AAA,Hayes LLC,AZ,19616.40,3,,Holly Wood,2024-06-20,,,,,,
cus_000004088375,"Miller, Lucas and Williams",billing@millerlucasandwilliams.com,2026-06-01,001000000000408AAA,2021-12-10,si_00000408_0,Hiring,9375,usd,month,2,001000000000408AAA,"Miller, Lucas and Williams",WA,5250.00,2,,Derek Zuniga,2021-11-16,800000000000408AAA,2024-07-29,2025-07-28,12,5250.00,2
cus_000004088375,"Miller, Lucas and Williams",billing@millerlucasandwilliams.com,2026-06-01,001000000000408AAA,2021-12-10,si_00000408_1,HR,12500,usd,month,2,001000000000408AAA,"Miller, Lucas and Williams",WA,5250.00,2,,Derek Zuniga,2021-11-16,800000000000408AAA,2024-07-29,2025-07-28,12,5250.00,2
cus_000004096777,"Kim, Gonzales and Mills",billing@kimgonzalesandmills.com,2026-06-03,001000000000409AAA,2024-03-27,si_00000409_0,Hiring,5161,usd,month,3,001000000000409AAA,"Kim, Gonzales and Mills",PA,4335.48,3,,Jamie Arnold,2024-03-16,,,,,,
cus_000004096777,"Kim, Gonzales and Mills",billing@kimgonzalesandmills.com,2026-06-03,001000000000409AAA,2024-03-27,si_00000409_1,HR,6882,usd,month,3,001000000000409AAA,"Kim, Gonzales and Mills",PA,4335.48,3,,Jamie Arnold,2024-03-16,,,,,,
cus_000004103599,Cox,billing@coxllc.com,2026-06-13,,2022-01-16,si_00000410_0,Hiring,8031,usd,month,8,,,,,,,,,,,,,,
cus_000004103599,Cox,billing@coxllc.com,2026-06-13,,2022-01-16,si_00000410_1,HR,10708,usd,month,8,,,,,,,,,,,,,,
cus_000004114190,ortiz-morgan,billing@ortizmorgan.com,2026-06-07,,2026-01-05,si_00000411_0,Hiring,5768,usd,month,1,,,,,,,,,,,,,,
cus_000004129409,"Williams, Mccoy and Cook",billing@williamsmccoyandcook.com,2026-06-01,001000000000412AAA,2022-09-22,si_00000412_0,Hiring,6985,usd,month,1,001000000000412AAA,"Williams, Mccoy and Cook",CA,7823.52,4,Cristian Santos,Brian Ramirez,2022-09-01,800000000000412AAA,2026-05-08,2027-05-07,12,7823.52,4
cus_000004129409,"Williams, Mccoy and Cook",billing@williamsmccoyandcook.com,2026-06-01,001000000000412AAA,2022-09-22,si_00000412_1,HR,9314,usd,month,1,001000000000412AAA,"Williams, Mccoy and Cook",CA,7823.52,4,Cristian Santos,Brian Ramirez,2022-09-01,800000000000412AAA,2026-05-08,2027-05-07,12,7823.52,4
cus_000004131418,Davis-Gregory,billing@davisgregory.com,2026-06-12,001000000000413AAA,2025-12-17,si_00000413_0,Hiring,6559,usd,month,8,001000000000413AAA,Davis-Gregory,FL,14691.84,8,,Monica Herrera,2025-12-09,,,,,,
cus_000004131418,Davis-Gregory,billing@davisgregory.com,2026-06-12,001000000000413AAA,2025-12-17,si_00000413_1,HR,8745,usd,month,8,001000000000413AAA,Davis-Gregory,FL,14691.84,8,,Monica Herrera,2025-12-09,,,,,,
cus_000004142594,King-York,billing@kingyork.com,2026-06-14,,2026-01-23,si_00000414_0,Hiring,6984,usd,month,5,,,,,,,,,,,,,,
cus_000004158949,"Marks,ok and",billing@markscookandaguilar.com,2026-06-06,,2023-10-02,si_00000415_0,Hiring,5734,usd,month,1,,,,,,,,,,,,,,
cus_000004158949,"Marks,ok and",billing@markscookandaguilar.com,2026-06-06,,2023-10-02,si_00000415_1,HR,7645,usd,month,1,,,,,,,,,,,,,,
cus_000004158949,"Marks,ok and",billing@markscookandaguilar.com,2026-06-06,,2023-10-02,si_00000415_2,Payroll,1070,usd,month,38,,,,,,,,,,,,,,
cus_000004161607,Rangel LLC,billing@rangelllc.com,2026-06-11,001000000000416AAA,2025-08-21,si_00000416_0,Hiring,6135,usd,month,3,001000000000416AAA,Rangel LLC,NC,7979.40,3,,Jamie Arnold,2025-08-17,800000000000416AAA,2025-12-07,2026-12-06,12,7979.40,3
cus_000004161607,Rangel LLC,billing@rangelllc.com,2026-06-11,001000000000416AAA,2025-08-21,si_00000416_1,Payroll,1145,usd,month,42,001000000000416AAA,Rangel LLC,NC,7979.40,3,,Jamie Arnold,2025-08-17,800000000000416AAA,2025-12-07,2026-12-06,12,7979.40,3
cus_000004178140,"Hale, Myers and Larson",billing@halemyersandlarson.com,2026-06-10,001000000000417AAA,2023-10-26,si_00000417_0,Hiring,64368,usd,year,6,001000000000417AAA,"Hale, Myers and Larson",PA,24762.96,6,,Ryan Munoz,2023-10-06,,,,,,
cus_000004178140,"Hale, Myers and Larson",billing@halemyersandlarson.com,2026-06-10,001000000000417AAA,2023-10-26,si_00000417_1,Payroll,12012,usd,year,174,001000000000417AAA,"Hale, Myers and Larson",PA,24762.96,6,,Ryan Munoz,2023-10-06,,,,,,
cus_000004185102,Collins Group,billing@collinsgroup.com,2026-06-11,001000000000418AAA,2025-02-04,si_00000418_0,Hiring,6534,usd,month,4,001000000000418AAA,Collins Group,AZ,3136.32,4,Abigail Shaffer,Michele Williams,2025-01-18,800000000000418AAA,2024-10-29,2025-10-28,12,3136.32,4
cus_000004198483,"Conner, Li and Santiago",billing@connerliandsantiago.com,2026-06-12,001000000000419AAA,2023-11-11,si_00000419_0,Hiring,100908,usd,year,12,001000000000419AAA,"Conner, Li and Santiago",TX,28254.24,12,,Dylan Miller,2023-10-18,800000000000419AAA,2025-04-16,2026-04-15,12,28254.24,12
cus_000004198483,"Conner, Li and Santiago",billing@connerliandsantiago.com,2026-06-12,001000000000419AAA,2023-11-11,si_00000419_1,HR,134544,usd,year,12,001000000000419AAA,"Conner, Li and Santiago",TX,28254.24,12,,Dylan Miller,2023-10-18,800000000000419AAA,2025-04-16,2026-04-15,12,28254.24,12
cus_orphan0000872,"Osborn, Gaines and Davis",billing@osborngainesanddavis.com,2026-06-10,,2026-05-01,si_orphan000,Hiring,7500,usd,month,2,,,,,,,,,,,,,,
cus_orphan0016369,"Henderson, Cox and Cox",billing@hendersoncoxandcox.com,2026-06-12,,2026-03-22,si_orphan001,Hiring,7500,usd,month,2,,,,,,,,,,,,,,
cus_orphan0025248,Bean LLC,billing@beanllc.com,2026-06-05,,2026-05-11,si_orphan002,Hiring,7500,usd,month,1,,,,,,,,,,,,,,
cus_orphan0037798,Lee-Cooke,billing@leecooke.com,2026-06-05,,2025-06-18,si_orphan003,Hiring,7500,usd,month,3,,,,,,,,,,,,,,
cus_orphan0048387,"Wise, Conley and Stephenson",billing@wiseconleyandstephenson.com,2026-06-08,,2025-05-27,si_orphan004,Hiring,7500,usd,month,2,,,,,,,,,,,,,,
cus_orphan0059030,Stanley PLC,billing@stanleyplc.com,2026-06-10,,2025-12-03,si_orphan005,Hiring,7500,usd,month,3,,,,,,,,,,,,,,
cus_orphan0063983,Harper and Sons,billing@harperandsons.com,2026-06-13,,2025-06-19,si_orphan006,Hiring,7500,usd,month,2,,,,,,,,,,,,,,
